distance_from_home,distance_from_last_transaction,ratio_to_median_purchase_price,repeat_retailer,used_chip,used_pin_number,online_order,fraud
2.074323881544105,1.9353473122284213,1.49981490395929,1.0,1.0,0.0,1.0,0.0
3.574707155012698,0.0927377860324684,0.0979951902708199,1.0,1.0,0.0,1.0,0.0
10.390282728314594,0.9137544333552222,3.280132191499672,1.0,0.0,1.0,1.0,0.0
116.49763110969488,0.1688500890815265,1.3898761155360435,1.0,0.0,0.0,1.0,1.0
9.641829244662851,0.9009498504351948,1.2166169779778448,1.0,0.0,0.0,0.0,0.0
12.999809919423951,0.2840858424648874,2.469470171879903,1.0,1.0,0.0,0.0,0.0
2.68101876667085,0.5951231178175439,0.8899186689231345,1.0,1.0,0.0,1.0,0.0
18.56582154891948,0.4604415353888538,0.1644954054753374,1.0,0.0,0.0,0.0,0.0
154.93475148083076,5.909797764319406,1.9115572541563584,1.0,0.0,0.0,0.0,0.0
8.628520568807309,10.06467785945154,2.0383360943844253,1.0,0.0,0.0,1.0,0.0
27.25343280135552,0.4083059604010151,0.3343347747825612,1.0,0.0,0.0,1.0,0.0
24.264517206061623,191.74786195924068,17.84707139099509,1.0,0.0,0.0,0.0,1.0
2.82272759934364,1.6909262072935174,4.004504622607131,1.0,1.0,0.0,1.0,1.0
1.1841026203361542,1.0450789618837155,3.627033410286011,0.0,1.0,0.0,0.0,0.0
3.8995513927813255,5.389383123817889,1.327578015156207,1.0,1.0,0.0,1.0,0.0
271.67397484496195,1.2917930872393035,1.1646144457867416,1.0,1.0,0.0,0.0,0.0
3.159438235889526,8.643107190058657,0.5884615713771394,1.0,0.0,0.0,1.0,0.0
70.36648464830263,1.0506041231034804,0.7003068032509694,1.0,1.0,0.0,1.0,0.0
61.80623726360823,0.5643673378953564,0.1382732044672371,1.0,0.0,0.0,1.0,0.0
10.768760721288483,19.548901051914047,1.2483905670987072,1.0,1.0,0.0,0.0,0.0
5.994000657083261,8.373911445476345,1.322149413072108,1.0,0.0,0.0,0.0,0.0
6.475705749482765,15.726029627645175,0.3312278907879426,1.0,0.0,0.0,1.0,0.0
1.0468269949298552,1.6073803664197075,0.1838703749310996,0.0,0.0,1.0,1.0,0.0
22.772690383377963,4.734197425318505,0.3669961196707351,1.0,0.0,0.0,1.0,0.0
2.3565808739669207,0.1230315815438228,3.095821518966216,1.0,1.0,0.0,1.0,0.0
16.842734134156213,1.264407485070823,2.2572392037248488,1.0,0.0,0.0,0.0,0.0
4.510323703309932,2.8852227296499464,0.3036479201037404,1.0,0.0,0.0,1.0,0.0
374.5354883455913,0.3527924133484993,1.697021650224621,1.0,1.0,0.0,1.0,0.0
28.008999835577686,0.2116434589888214,0.2348077126329268,1.0,1.0,0.0,1.0,0.0
140.64777865294002,6.058691205308,0.8832656138135717,1.0,1.0,0.0,1.0,0.0
30.87758215989313,0.0347733967868938,0.2646248771706204,1.0,0.0,0.0,1.0,0.0
6.26716482927812,0.4942363994018255,3.850064508501033,1.0,1.0,0.0,0.0,0.0
2.5578067522590686,0.4213057578990167,1.1708764418320643,1.0,0.0,0.0,1.0,0.0
7.634720668304021,0.5964139083928668,0.3223009184665094,1.0,0.0,0.0,1.0,0.0
2.661036371174487,9.326592307887353,0.8433298912454189,1.0,0.0,0.0,1.0,0.0
9.768573649533456,7.695156758314589,2.0170435382882235,1.0,1.0,0.0,0.0,0.0
10.872161758052474,0.3377316901785488,0.6424407605469039,1.0,0.0,0.0,1.0,0.0
6.816707670326517,8.315350290194758,1.8960120935034064,1.0,0.0,0.0,1.0,0.0
12.046720965593744,32.788747743064626,0.5837429924617079,1.0,0.0,1.0,1.0,0.0
15.139840276283625,0.514820378862388,2.720599516334783,1.0,1.0,0.0,0.0,0.0
79.39237754210829,0.182377353631287,1.635871320158661,1.0,1.0,0.0,1.0,0.0
0.6156249351978617,0.1328263642844096,2.4529688796039557,0.0,1.0,0.0,0.0,0.0
51.58058897418163,0.2733021243105771,15.5233069421485,1.0,0.0,0.0,0.0,0.0
3.815078752645036,1.5023913596876155,0.7647110398497649,1.0,1.0,0.0,0.0,0.0
12.732055303147536,6.585374794458443,0.6612453003715959,1.0,0.0,0.0,1.0,0.0
2.4507129517339803,89.50684930989584,3.318974677436981,1.0,1.0,0.0,0.0,0.0
5.896822358672556,3.596669561343388,1.1292827462597048,1.0,1.0,0.0,1.0,0.0
1.6806386366931312,3.224144112868906,1.6419420557959228,0.0,0.0,0.0,0.0,0.0
13.607259267929912,5.77751774143706,4.364888665069202,1.0,1.0,0.0,1.0,1.0
0.6786810563756633,1.3869995129831942,0.903172508442954,0.0,0.0,0.0,1.0,0.0
4.425036172651844,0.5897916980437986,0.051720085137638,1.0,1.0,0.0,1.0,0.0
8.322563118412198,0.7922215565339027,0.2295622109976995,1.0,1.0,1.0,0.0,0.0
6.169221829775514,0.3317520256350367,0.937442323822366,1.0,0.0,0.0,1.0,0.0
1.3283960532179702,11.30758671344394,8.323051514992809,0.0,0.0,0.0,0.0,1.0
12.740370449813229,1.8900498086346296,0.1198324714410535,1.0,0.0,1.0,1.0,0.0
22.52889349022604,3.273801830737744,3.264807463807522,1.0,0.0,0.0,1.0,0.0
9.851535662558886,0.3053221465000829,2.8995277054032664,1.0,1.0,0.0,1.0,0.0
14.248643723301612,11.02387156805963,0.4907166800286813,1.0,0.0,0.0,1.0,0.0
57.14948110997132,10.31086306515436,0.3564124977886469,1.0,0.0,0.0,1.0,0.0
24.530205833546084,1.7833713735636676,0.6003500381635506,1.0,0.0,0.0,0.0,0.0
18.72237087876648,0.5930793140691303,0.4273535929783257,1.0,0.0,0.0,1.0,0.0
2.240752979338338,0.862446775086632,1.8477147025553875,1.0,0.0,0.0,1.0,0.0
3.968406972701215,0.2781407801690563,3.758602327593689,1.0,0.0,0.0,0.0,0.0
2.483371116315142,16.318723194629566,0.4484758365670715,1.0,0.0,0.0,1.0,0.0
9.980833508340693,12.395348466357776,1.3760442600400866,1.0,0.0,0.0,0.0,0.0
3.2265193746625567,11.789108068960513,0.1477843372985238,1.0,1.0,1.0,1.0,0.0
14.945298710187284,6.927931271737868,1.5685389624653363,1.0,1.0,0.0,1.0,0.0
2.548458823143689,1.1098405577590742,0.5828862042341214,1.0,0.0,0.0,1.0,0.0
24.802663274640583,0.9260701941786827,0.1364255213027608,1.0,0.0,0.0,0.0,0.0
195.2811981041317,0.241973823875108,2.612715006971847,1.0,1.0,0.0,0.0,0.0
2.2095835646667843,0.91235281374459,1.5617738600143598,1.0,0.0,0.0,1.0,0.0
9.601209372853058,13.707856931262254,0.1559843555315247,1.0,0.0,0.0,1.0,0.0
14.405272700689435,0.3004170148194154,0.6638815977195996,1.0,1.0,0.0,1.0,0.0
3.940749455695692,0.469179096950118,0.4575659221500193,1.0,1.0,1.0,1.0,0.0
3.382008746823406,0.6520033919613488,0.1610627982864716,1.0,0.0,1.0,1.0,0.0
5.694627421313158,41.8559617056195,0.2911576198834192,1.0,1.0,0.0,1.0,0.0
17.33525037681277,30.342727893533468,0.1988181714887457,1.0,0.0,0.0,1.0,0.0
35.298249206059346,0.9112785150831628,0.4998687262625551,1.0,1.0,0.0,1.0,0.0
29.139535780980577,3.535132859211974,0.1473690776851513,1.0,0.0,1.0,1.0,0.0
57.34811272936389,25.476877873516628,1.172308636624969,1.0,0.0,0.0,1.0,0.0
30.550831582970744,0.9200574878741408,1.2232313127988694,1.0,0.0,0.0,0.0,0.0
11.039596469564872,1.2159876848819282,0.7206625386199803,1.0,0.0,1.0,0.0,0.0
14.583454220169608,0.3809491325348649,0.2294455480642098,1.0,1.0,1.0,0.0,0.0
31.48486337548498,0.8859866468394667,0.304989914320435,1.0,0.0,0.0,1.0,0.0
33.434522025442135,1.1186477110858513,0.5345127449738992,1.0,0.0,1.0,1.0,0.0
1.3400581489238426,0.0499291148299265,3.809553985369331,0.0,0.0,0.0,1.0,0.0
16.315841131539663,4.082052007602699,0.1281310128093159,1.0,0.0,0.0,0.0,0.0
18.718247249273464,0.7006947073833552,0.3440670372883894,1.0,0.0,0.0,1.0,0.0
3.086803557673136,0.075277108433088,2.658531823768959,1.0,0.0,0.0,1.0,0.0
56.839541225581705,10.264001175107854,8.765993104245219,1.0,1.0,0.0,1.0,1.0
1.6941799125896366,0.1895764599928186,0.8142255339996215,0.0,0.0,0.0,1.0,0.0
13.00231705812301,0.186880658384588,0.5652070086479087,1.0,0.0,0.0,1.0,0.0
97.7936113598711,0.0486275140145593,36.705792339775634,1.0,0.0,1.0,1.0,0.0
111.3027432285327,0.0960462670984793,1.2775246540799794,1.0,0.0,0.0,1.0,1.0
46.4502992057744,56.76154639789804,1.1150782555670211,1.0,0.0,0.0,0.0,0.0
2.94063882526798,0.28388136204104,0.3807232874348273,1.0,0.0,0.0,1.0,0.0
448.6286754679112,1.233875334375251,4.4318664726918495,1.0,0.0,1.0,0.0,0.0
10.368574156627762,4.079008021387517,0.1781462977334398,1.0,0.0,1.0,0.0,0.0
4.325738339633408,2.9764251316680728,2.248634113687734,1.0,0.0,0.0,1.0,0.0
6.7765322417991145,3.73612338768216,1.1174638454068315,1.0,0.0,0.0,1.0,0.0
65.4876014286546,0.9133762508077894,4.639096014326258,1.0,0.0,1.0,1.0,0.0
2.3559701037666363,0.7926584798262947,0.4662068782886098,1.0,0.0,0.0,1.0,0.0
0.5352615449539455,0.2192272159629616,0.5866758167332347,0.0,0.0,0.0,1.0,0.0
23.16712871033855,1.113120937227804,0.7444622270579477,1.0,1.0,0.0,0.0,0.0
2.8234223564666334,35.03991727004326,1.394327826346148,1.0,1.0,0.0,1.0,0.0
12.651880102690278,3.586338262093642,2.460637839540707,1.0,0.0,0.0,1.0,0.0
7.023542934671055,0.1132163024036411,10.462390130441817,1.0,1.0,0.0,0.0,0.0
9.887746946530092,0.308018170496962,0.4425322112527639,1.0,0.0,0.0,1.0,0.0
13.096853745820004,3.844497033381908,1.7404973729361222,1.0,0.0,0.0,0.0,0.0
4.414368698737314,5.885825934134188,1.126029784758046,1.0,0.0,0.0,1.0,0.0
3.582236136281884,0.4376113513153727,2.444348383999386,1.0,0.0,0.0,1.0,0.0
5.771795387393782,4.217271364517219,0.049178781551502,1.0,0.0,0.0,0.0,0.0
3.804878217358175,7.301618854648055,1.0945301508257146,1.0,0.0,1.0,1.0,0.0
35.68863274196872,4.6985179840122,0.327973782760521,1.0,0.0,0.0,0.0,0.0
23.571007606090813,4.778317608182207,0.931491300351262,1.0,0.0,0.0,1.0,0.0
30.709909295165705,1.7645231893559643,0.8375070853033326,1.0,0.0,0.0,1.0,0.0
55.0282317074452,23.374064721961428,0.5498790283617685,1.0,0.0,0.0,1.0,0.0
29.717020303908956,3.237172656349377,2.238672658310588,1.0,0.0,0.0,0.0,0.0
0.6092744480471153,0.2351584650936325,1.2566336359759844,0.0,0.0,0.0,1.0,0.0
22.4510959068686,3.5036854301968265,2.528568047843825,1.0,0.0,0.0,1.0,0.0
6.256688905303621,0.8881377203778179,2.5569317827467177,1.0,1.0,0.0,1.0,0.0
11.065096816404353,0.4683954320984103,1.4849859862579855,1.0,0.0,0.0,1.0,0.0
43.998469916210006,1.6541010309659687,0.0369090431268137,1.0,1.0,0.0,1.0,0.0
11.101490554207649,2.248052810726852,5.9952005714892085,1.0,0.0,0.0,1.0,1.0
14.02250159578111,4.5743395023078985,0.2212671161939083,1.0,1.0,0.0,0.0,0.0
22.29824632633728,8.056790189835873,1.8333923743950589,1.0,1.0,0.0,1.0,0.0
7.3807612007255265,8.045994213179043,0.2498223044134551,1.0,0.0,0.0,0.0,0.0
2.288964782262097,8.303990463608345,0.970382723007418,1.0,0.0,0.0,1.0,0.0
3.2253438797343352,0.679383628272501,0.4608463247016928,1.0,0.0,0.0,1.0,0.0
113.21991793285868,0.3647578256217044,6.881641928213447,1.0,1.0,0.0,1.0,1.0
41.6335198375105,4.346783233623813,0.1844095659279186,1.0,0.0,0.0,1.0,0.0
3.112530221100281,20.68148333383768,3.477214508950113,1.0,0.0,0.0,0.0,0.0
1.3143894220080736,2.3857674313368333,0.5790152082535404,0.0,0.0,0.0,1.0,0.0
2.4485420345096163,0.933482309136055,0.5937349842229512,1.0,1.0,0.0,1.0,0.0
132.36118172737056,2.406996977075728,0.9481855630992434,1.0,1.0,0.0,0.0,0.0
11.416225295103114,0.9170387330890692,0.932355077222211,1.0,0.0,0.0,0.0,0.0
47.84382586975664,3.5892911977526496,0.2009958027643451,1.0,0.0,0.0,0.0,0.0
153.7882178487698,1.1933215705201323,5.505981890490534,1.0,0.0,0.0,1.0,1.0
16.24108969332992,0.4083432173148081,0.7022255096663303,1.0,1.0,0.0,0.0,0.0
6.380999241961875,0.4491481715636381,3.313523384290366,1.0,1.0,0.0,0.0,0.0
3.3201645526378365,0.625255062455956,0.2710080270514218,1.0,1.0,0.0,1.0,0.0
6.601658567612915,2.086691461361076,0.8073647055210906,1.0,1.0,1.0,0.0,0.0
275.6380289802056,6.898805591028523,0.8220703927719691,1.0,0.0,0.0,0.0,0.0
22.97873956438928,13.825637128431238,1.017104588402491,1.0,0.0,0.0,0.0,0.0
1.45865234370052,1.7163683899433566,7.133753851952759,0.0,0.0,0.0,1.0,1.0
8.5709373929934,11.308436583904482,1.212724369406513,1.0,1.0,0.0,1.0,0.0
8.53372596949778,16.944787967162107,1.6198106989125596,1.0,1.0,0.0,1.0,0.0
2.138347836274756,0.2358106929508921,0.590825111680799,1.0,0.0,0.0,0.0,0.0
4.680315913750578,0.1196772265900777,2.526586215674456,1.0,0.0,0.0,1.0,0.0
8.42917069311502,0.2737191122760732,0.9780263542558844,1.0,0.0,0.0,1.0,0.0
7.482717907240659,1.0953349767155125,11.648070342816562,1.0,0.0,0.0,1.0,1.0
187.8896527335189,0.5583037517887669,10.011700176174545,1.0,1.0,0.0,1.0,1.0
225.4764080034043,0.0874048799268632,0.1430397473171012,1.0,1.0,0.0,1.0,0.0
4.08995723947586,10.823546693388254,3.0514800730746927,1.0,1.0,0.0,1.0,0.0
4.099404775233733,0.7602890836279176,0.3648782279743356,1.0,0.0,0.0,1.0,0.0
9.014547432681873,0.8388362659360616,0.3531812190872753,1.0,0.0,0.0,1.0,0.0
162.04340895569675,3.5043525072868564,1.2012530502201908,1.0,0.0,0.0,0.0,0.0
8.88032048687856,12.105348608185103,3.0055101508535444,1.0,0.0,1.0,1.0,0.0
71.17955092660895,0.0567537908926108,0.6777511069852873,1.0,0.0,0.0,0.0,0.0
2.015924405436109,2.817498975025561,0.3799532245200422,1.0,0.0,0.0,1.0,0.0
3.609482909744531,1.450989353763705,7.537761187085521,1.0,1.0,1.0,0.0,0.0
3.4059016288005486,4.163351154898691,0.346804189475914,1.0,1.0,0.0,1.0,0.0
22.16976001979945,0.0816144364285411,1.080996820848768,1.0,0.0,0.0,1.0,0.0
4.059160130330219,0.5290559417524775,0.9597320270109972,1.0,0.0,0.0,0.0,0.0
38.69107966777896,0.0872847575765839,0.0695903187873559,1.0,1.0,0.0,0.0,0.0
4.492424267535486,13.4773094427758,1.3764845146442153,1.0,0.0,0.0,1.0,0.0
56.534427208404026,2.457642798092371,1.3565932273038035,1.0,0.0,0.0,1.0,0.0
36.59791955121262,1.1952169708571618,0.3447708258401705,1.0,1.0,0.0,1.0,0.0
18.012317617585314,4.194910723777725,0.1437746955570105,1.0,1.0,0.0,0.0,0.0
11.920049431610066,2.001721356447226,0.3455818009074076,1.0,0.0,0.0,1.0,0.0
1.0741395949431851,0.6422755339338982,0.254639056097089,0.0,0.0,0.0,1.0,0.0
5.195875727747563,0.957314057427696,1.901971092868031,1.0,1.0,0.0,0.0,0.0
19.184225794933557,0.0655525330370078,2.157072239880647,1.0,0.0,0.0,1.0,0.0
3.846218654295472,4.9659977939367534,0.4003861749189925,1.0,1.0,0.0,0.0,0.0
3.212148816094372,1.8381061525478688,2.3610282231684616,1.0,0.0,0.0,1.0,0.0
5.751197583152995,3.561178844488337,3.270976394319953,1.0,0.0,0.0,1.0,0.0
10.987520195302196,0.6907905501196164,0.1764115427538905,1.0,0.0,1.0,1.0,0.0
112.9632797708796,0.3574587503559961,0.8312342164371619,1.0,0.0,0.0,0.0,0.0
4.317329788946089,4.873395376038557,0.8344351211276887,1.0,1.0,0.0,1.0,0.0
19.297773754637124,13.523889842142028,1.090232933552994,1.0,1.0,0.0,1.0,0.0
7.598104244180922,2.0853153707779573,2.147297076993041,1.0,0.0,0.0,0.0,0.0
4.362302700415001,0.5730779870877262,2.1468504345992234,1.0,0.0,0.0,1.0,0.0
4.119826278737309,1.655002644523994,13.147208703523276,1.0,0.0,0.0,1.0,1.0
16.777797971574465,0.317009678887809,0.467312685430242,1.0,0.0,0.0,1.0,0.0
50.957023410948345,1.5170299052084997,1.3341649615662898,1.0,0.0,0.0,1.0,0.0
13.588191330384577,0.1078101594000976,2.9688529876036456,1.0,0.0,0.0,1.0,0.0
6.918939439357267,5.81299870907601,3.467084126274887,1.0,0.0,0.0,0.0,0.0
37.79724324635372,0.8993007955778062,2.44202799385932,1.0,0.0,0.0,1.0,0.0
1.9013663130210496,0.1361490438623641,1.8999411993579929,1.0,0.0,0.0,1.0,0.0
1.5172486811880217,2.6045270499418627,0.4802725338300686,0.0,1.0,0.0,0.0,0.0
4.439802325851813,2.393465969187817,1.9167480914977189,1.0,0.0,1.0,1.0,0.0
14.783709102665888,2.5926886252374253,5.25590598382283,1.0,0.0,1.0,0.0,0.0
7.277833288338162,0.2622320197084809,3.990112494394544,1.0,0.0,0.0,0.0,0.0
3.9697843812926576,3.5588906791511614,0.9053574170339002,1.0,0.0,0.0,1.0,0.0
31.484172127664465,2.201277458166957,0.7055770416155189,1.0,0.0,1.0,1.0,0.0
9.70145486693056,0.0447388102230552,0.6129033596073064,1.0,1.0,0.0,0.0,0.0
72.87145791108716,9.784387618072154,4.953433538211027,1.0,0.0,0.0,1.0,1.0
17.534505907880387,1.536279541010943,0.9062766015848108,1.0,0.0,0.0,0.0,0.0
17.035830428622692,1.008782711567694,0.1599913263261087,1.0,0.0,0.0,1.0,0.0
18.228892262098764,0.2381032235831117,0.1350309643060869,1.0,0.0,0.0,1.0,0.0
1.4089505245969132,1.5646343386015278,0.660571798448331,0.0,1.0,0.0,0.0,0.0
42.29180229118357,0.2378295735863553,2.1404286120577494,1.0,0.0,1.0,0.0,0.0
3.095028855244619,0.0864254499521517,5.574432141342301,1.0,1.0,0.0,1.0,1.0
7.812316494624416,0.1956681095193184,0.5013685979904713,1.0,0.0,0.0,1.0,0.0
15.418033470065176,0.8250536127764104,0.7010801357595962,1.0,0.0,0.0,1.0,0.0
48.65854900043371,0.1777402660252211,0.9848857520093756,1.0,0.0,0.0,0.0,0.0
97.19335692055932,2.6895565038912883,0.8349938219211417,1.0,1.0,0.0,1.0,0.0
10.291065956951496,0.1446084250607434,0.3415788568408169,1.0,1.0,0.0,1.0,0.0
24.73308763377602,2.9546369487869133,0.7948322838533913,1.0,0.0,0.0,0.0,0.0
4.137635101594902,2.3641037627083903,1.7339342781834373,1.0,0.0,0.0,1.0,0.0
5.5479151676993945,0.1140592018524833,0.6210646770226653,1.0,1.0,0.0,0.0,0.0
5.853234831464742,0.0295430894437959,0.4908786066475811,1.0,0.0,1.0,1.0,0.0
15.5762234267708,0.8039758657824853,1.8843294718651245,1.0,0.0,0.0,1.0,0.0
33.92711647018788,0.9302231994389424,0.3852869522893165,1.0,1.0,0.0,0.0,0.0
55.924687212037774,2.1387751852771264,4.97584319866799,1.0,0.0,0.0,1.0,1.0
6.055851318161949,0.3433741276262784,0.2451118431514725,1.0,0.0,0.0,1.0,0.0
9.785562454661276,12.806722216592991,0.7487734614487007,1.0,1.0,0.0,1.0,0.0
0.831182516563101,0.487150059183475,0.2484535668603555,0.0,1.0,0.0,0.0,0.0
2.860285545101817,66.72050829577236,1.002830012250669,1.0,0.0,0.0,0.0,0.0
7.827777455816825,120.78045307127611,0.5433984108845207,1.0,1.0,0.0,0.0,0.0
2.7362901015082937,5.027973009368892,0.101926492488464,1.0,1.0,0.0,1.0,0.0
11.018286126669,1.628126219059542,0.2664214879095815,1.0,1.0,0.0,1.0,0.0
0.3221391024510323,1.43193558924133,4.518668230639232,0.0,1.0,0.0,1.0,1.0
7.354606360460629,0.5417947456971894,0.7027941015721848,1.0,0.0,0.0,1.0,0.0
1.2025330581199205,0.2307431630219469,0.8291235577640269,0.0,0.0,0.0,1.0,0.0
26.28031825182683,1.656715021484899,0.7678657964429771,1.0,1.0,0.0,0.0,0.0
14.947070645899052,0.0770338139683098,1.7811943804086243,1.0,0.0,0.0,0.0,0.0
17.610520301870356,0.3560138296611074,47.21528632305286,1.0,0.0,0.0,1.0,1.0
1.908113317062272,2.6631388870176265,3.624769947470124,1.0,1.0,0.0,1.0,0.0
49.66840923993302,0.2225305462720583,0.2256749306170173,1.0,1.0,0.0,0.0,0.0
62.795998756930885,2.1626496069344503,1.40973000949563,1.0,0.0,1.0,0.0,0.0
3.234660137724324,1.2750788167147875,0.7342836543374504,1.0,0.0,1.0,1.0,0.0
3.924346386191916,0.1865232063998667,0.5163381998810753,1.0,1.0,0.0,1.0,0.0
4.714044487816242,6.544231022151913,0.6061902504181598,1.0,1.0,0.0,0.0,0.0
61.4580277597513,0.2931005058655171,0.2056099684697258,1.0,0.0,0.0,1.0,0.0
9.714607259695924,0.1173379151242035,1.1164249267073043,1.0,0.0,0.0,0.0,0.0
18.1529861661858,0.7148340531701256,0.4560660178373567,1.0,0.0,0.0,1.0,0.0
28.82597302898596,1.6344494671256649,2.880754094386769,1.0,0.0,0.0,1.0,0.0
3.677745459705291,3.175316343336538,1.791523053968613,1.0,0.0,0.0,1.0,0.0
49.8672546595808,0.2448146670423259,2.922316624318672,1.0,0.0,0.0,1.0,0.0
4.115629566327081,0.2021990630769007,10.941005315598929,1.0,0.0,0.0,0.0,0.0
49.26388614321584,0.0684040122013687,1.7090628599187476,1.0,0.0,0.0,1.0,0.0
5.165853384046053,2.2608762656586228,0.316066237153178,1.0,0.0,0.0,1.0,0.0
4.4074584871484666,2.397876882455158,2.6297130598150016,1.0,0.0,1.0,1.0,0.0
7.726683683459722,6.469321155941812,0.628461151255921,1.0,0.0,0.0,1.0,0.0
8.830028297231804,0.4802693846366337,0.3351874607674712,1.0,1.0,0.0,0.0,0.0
1.1913281942989578,10.129951980409396,0.4914412796276746,0.0,0.0,0.0,1.0,0.0
12.372967178118094,5.82945924181378,0.5267602264853668,1.0,0.0,0.0,0.0,0.0
48.44705120552319,0.5579585970163884,0.4861223439381483,1.0,1.0,1.0,0.0,0.0
7.103636795085307,0.4902534239026184,1.519367029123742,1.0,0.0,0.0,1.0,0.0
1.3968747113926423,0.282314397563762,1.266593565625037,0.0,1.0,0.0,1.0,0.0
9.7689622772164,1.6641219398365616,0.5033317207724856,1.0,0.0,0.0,1.0,0.0
96.67235850161988,1.694484543892507,2.7462403457657807,1.0,0.0,0.0,1.0,0.0
2.626240778907373,0.0017191979701503,0.3844854661981958,1.0,0.0,0.0,0.0,0.0
23.96948429557492,1.3332450447703152,0.9751167501716697,1.0,0.0,0.0,0.0,0.0
21.0258966784952,0.8783348753234198,1.0177705847563236,1.0,0.0,0.0,1.0,0.0
57.097464848912445,0.4914790567593742,1.839891436911934,1.0,0.0,0.0,1.0,0.0
1.074663710376489,7.004153764867647,4.100179474018134,0.0,1.0,0.0,1.0,1.0
1.5170025800921008,0.6862140842164388,0.3876151175031385,0.0,0.0,0.0,0.0,0.0
2.014771104390169,0.161726515730977,0.5191569783165328,1.0,0.0,0.0,1.0,0.0
7.415432997886728,0.2475175167223406,4.154756453771599,1.0,1.0,0.0,0.0,0.0
0.4809857447070073,0.0922710787153308,2.129560914021309,0.0,0.0,0.0,1.0,0.0
21.238475724481383,0.349860262728053,2.81628850896687,1.0,0.0,0.0,0.0,0.0
19.55189858923196,0.0761306922614013,2.5937272730838976,1.0,0.0,0.0,0.0,0.0
0.5968141149809973,12.882660991295785,0.36813563796625,0.0,0.0,0.0,0.0,0.0
1.3493928637552115,2.3150161834904948,2.2660541596083257,0.0,1.0,0.0,1.0,0.0
17.93354254502533,0.2023455597030231,0.5851467346447603,1.0,0.0,0.0,1.0,0.0
1.2827426841115612,1.034115669241588,0.3771079179241657,0.0,1.0,0.0,1.0,0.0
151.28805257414237,0.4462832732905012,1.7234961246692986,1.0,0.0,0.0,1.0,1.0
2.577697110743457,37.71013732144128,0.9636144681248294,1.0,0.0,0.0,1.0,0.0
11.519805233890075,9.925307359784346,0.5172085216839795,1.0,0.0,0.0,1.0,0.0
2.570472237458206,0.5488189313815572,1.1007838941007082,1.0,0.0,0.0,1.0,0.0
37.19575330267463,0.202143541523608,0.3813818844433344,1.0,1.0,0.0,1.0,0.0
70.97708750909199,1.3557216388696471,0.6562005597185642,1.0,0.0,0.0,1.0,0.0
6.604035338205573,1.1910574455743093,0.2185823264670875,1.0,0.0,0.0,1.0,0.0
8.378466282044975,0.2310649767309335,3.538764668268872,1.0,0.0,0.0,0.0,0.0
0.7018701065100769,0.1500972785361385,0.5019488617186296,0.0,0.0,0.0,0.0,0.0
19.88393346396966,0.6997867367494781,2.484367656912028,1.0,0.0,0.0,0.0,0.0
7.939103370375148,0.3532580734526546,0.1669413445320186,1.0,1.0,0.0,1.0,0.0
357.3664235950754,0.5754706372551854,0.9532886860693134,1.0,0.0,0.0,0.0,0.0
41.57077000824658,0.973831621187823,0.6458869982789591,1.0,0.0,0.0,0.0,0.0
3.230789374250993,0.3423913316484045,0.045710842653939,1.0,1.0,0.0,1.0,0.0
6.113356083075844,0.2416078778334593,0.6668459217140785,1.0,1.0,0.0,1.0,0.0
4.044658344069077,0.1911100132817536,2.5871418678671936,1.0,1.0,0.0,0.0,0.0
6.16013459955051,2.496488280120518,0.4608570107333349,1.0,0.0,0.0,1.0,0.0
6.309791706046179,0.1898107857594169,2.0415431846286487,1.0,0.0,0.0,0.0,0.0
3.16598559614105,0.3864108007258304,3.9241171554828576,1.0,0.0,0.0,1.0,0.0
14.93319210750118,22.58285404477319,0.6381541706991599,1.0,0.0,0.0,1.0,0.0
1.570224118119076,8.299549872733467,0.6139791965433751,0.0,1.0,0.0,0.0,0.0
23.33628968578981,5.901468277900106,4.526565270123736,1.0,0.0,0.0,1.0,1.0
2.677903599409177,1.8794816800482244,11.441081199775136,1.0,0.0,0.0,0.0,0.0
8.067736667963676,0.0399244140506298,0.8024559544533877,1.0,0.0,1.0,1.0,0.0
9.133981587058493,0.4862417240570083,0.5436403750356702,1.0,0.0,0.0,1.0,0.0
5.956187944310594,0.551790889966301,9.238544558537416,1.0,0.0,0.0,1.0,1.0
20.3296628370662,3.6109886596384464,0.917123826570704,1.0,1.0,0.0,0.0,0.0
0.9022434763112752,5.238796474226427,0.4638482370370603,0.0,0.0,0.0,0.0,0.0
6.860346701651679,0.1352217609842063,2.5772860649823035,1.0,1.0,0.0,1.0,0.0
8.063539738147972,1.3545198903460962,0.5040737678219156,1.0,1.0,0.0,1.0,0.0
3.6849702406784166,1.6432271851291858,1.0704417432871638,1.0,0.0,0.0,1.0,0.0
45.22507486453849,0.0165487591048439,4.428855869961862,1.0,0.0,0.0,0.0,0.0
8.490038472900489,0.0845889178599337,9.249305530309991,1.0,1.0,0.0,1.0,1.0
6.394210673822093,0.2953983952153813,3.455849955335814,1.0,1.0,0.0,1.0,0.0
8.876687681894012,2.532184295213129,0.7887993102477385,1.0,0.0,0.0,1.0,0.0
11.649944923435068,6.570937804377965,3.5266036291775613,1.0,1.0,0.0,0.0,0.0
2.453160065951314,0.6102456454055499,0.7356659822998732,1.0,0.0,0.0,0.0,0.0
12.111506703187302,0.2695730190665366,1.3672838032190848,1.0,0.0,0.0,1.0,0.0
46.51899895540849,0.8254339657611696,0.0416627843884404,1.0,0.0,0.0,1.0,0.0
4.89355726716307,7.888331292723585,2.4310786516569967,1.0,1.0,0.0,0.0,0.0
111.97963282900898,2.1748448529154603,2.4839023860453517,1.0,1.0,0.0,1.0,0.0
11.284012956708692,3.4118567074049024,6.635383269344726,1.0,0.0,0.0,1.0,1.0
15.663309109386455,1.1026571353905354,1.3118159785090555,1.0,0.0,0.0,0.0,0.0
79.64051172260484,4.71406553569809,0.7090371324122261,1.0,1.0,0.0,1.0,0.0
2.195442485482415,1.7283280744004423,0.5000329407847134,1.0,0.0,0.0,0.0,0.0
8.382949330435993,0.5166521410923691,0.2579418364963373,1.0,0.0,0.0,0.0,0.0
0.8053057089628268,0.1288077724058954,1.271501169729632,0.0,0.0,0.0,0.0,0.0
5.417746716701388,0.6280402877128796,0.1773318085817695,1.0,0.0,0.0,0.0,0.0
0.3263090026145923,13.577648290198605,0.1720214291409824,0.0,0.0,0.0,1.0,0.0
28.80634416101696,0.3452345934457215,0.6620086824046162,1.0,0.0,0.0,1.0,0.0
15.699216793289834,0.6112481543607103,1.5120788271624417,1.0,0.0,0.0,0.0,0.0
3.2034154091217157,0.2009383254606626,0.4010507127078272,1.0,1.0,0.0,0.0,0.0
1.1730171665448237,1.2763708554618274,0.2439464115602719,0.0,1.0,0.0,1.0,0.0
1.4181894694340422,3.5956875181263435,0.3944210310681285,0.0,0.0,0.0,1.0,0.0
167.4995091126689,2.3818576346984988,2.7085839803990064,1.0,0.0,0.0,1.0,1.0
2.7695258866434638,0.6804488478512334,0.1880331702003654,1.0,1.0,0.0,1.0,0.0
7.460581838970184,0.0831407647081051,11.694299426201033,1.0,0.0,0.0,1.0,1.0
10.334727090235855,0.7949853974829814,0.2482452672863357,1.0,0.0,0.0,0.0,0.0
0.9348370034712744,1.4217395745970445,0.0629669229219919,0.0,0.0,0.0,0.0,0.0
15.788581775750238,12.80697577863085,0.3253065909576632,1.0,1.0,0.0,1.0,0.0
17.5299936366,2.489527429376013,1.134055821274779,1.0,0.0,0.0,1.0,0.0
0.7284070962757694,0.2967548294349422,1.0552397260806128,0.0,0.0,0.0,0.0,0.0
3.476821518976469,10.044731924201267,0.1950558160417903,1.0,1.0,0.0,0.0,0.0
26.633860493211643,4.945407172748087,0.4369201535192414,1.0,0.0,0.0,1.0,0.0
2.1218316219624125,1.737218245529207,3.5245061653063106,1.0,0.0,0.0,1.0,0.0
53.8007286358646,1.4270273757913794,0.6594973017952654,1.0,0.0,1.0,1.0,0.0
5.976371350827518,0.2863754176467633,4.193717290525324,1.0,1.0,0.0,0.0,0.0
14.434576403797791,0.3480365685482499,0.416617562577973,1.0,0.0,0.0,0.0,0.0
61.27970537154907,7.173776298011974,0.1399654884280617,1.0,0.0,0.0,1.0,0.0
25.958827028976035,0.5367830464756616,5.017344161846305,1.0,0.0,0.0,1.0,1.0
8.40691293516451,1.6872847449962165,0.5693760288767374,1.0,0.0,0.0,1.0,0.0
33.28101244720205,0.6012614946794852,0.2923484932071287,1.0,1.0,0.0,1.0,0.0
2.138786936791584,40.358225276365474,2.2752665992205143,1.0,0.0,0.0,1.0,0.0
3.69868248787746,0.6358715186687149,7.794797456336736,1.0,1.0,0.0,0.0,0.0
8.549332616502529,1.0033119118043117,0.5337457138223883,1.0,0.0,0.0,1.0,0.0
7.21678424855562,2.039232398448096,2.7607900879153093,1.0,0.0,0.0,1.0,0.0
2.5554983295814244,2.6380251226243554,6.359530106190934,1.0,0.0,0.0,0.0,0.0
2.908571495528478,10.799437338899049,1.853963544482551,1.0,1.0,0.0,1.0,0.0
19.71944138217483,0.4885706070207637,0.5370082994054953,1.0,0.0,1.0,0.0,0.0
121.33393169457771,13.294278317392186,1.0393092747349677,1.0,0.0,0.0,0.0,0.0
68.05367977249618,4.267377317296961,0.2741113216501245,1.0,0.0,0.0,0.0,0.0
5.561165284975594,0.5407407713650105,0.5045514035743816,1.0,0.0,0.0,0.0,0.0
10.909529932502226,3.0095102680379604,4.405640136590169,1.0,0.0,1.0,1.0,0.0
12.869092938334186,0.3255460274772846,1.4302748787140274,1.0,0.0,0.0,0.0,0.0
53.89079827552264,0.1127147838980292,2.668478144743359,1.0,0.0,0.0,1.0,0.0
1.4338519541984127,1.9412152155181788,2.229815910175586,0.0,0.0,0.0,0.0,0.0
161.92152475694687,0.7499989899569165,0.6451582093621946,1.0,0.0,0.0,0.0,0.0
15.383771312036322,1.1414436011676006,0.4313319254689539,1.0,1.0,0.0,1.0,0.0
3.344517377248044,30.049658144469937,2.411438069499786,1.0,1.0,1.0,0.0,0.0
1.585567405791315,1.505719609903502,2.372187694482496,0.0,0.0,1.0,0.0,0.0
4.284311438198666,0.1138629293096624,0.5179106484488006,1.0,0.0,0.0,0.0,0.0
262.8910653446771,0.11245291034708,6.134865202499667,1.0,1.0,0.0,1.0,1.0
46.35991560441031,4.327601758217992,0.6779025291497779,1.0,0.0,0.0,0.0,0.0
32.458166729573634,28.553954655293676,1.5646094459807054,1.0,0.0,0.0,0.0,0.0
7.42463767286528,7.932212091218036,1.2436792738060611,1.0,0.0,0.0,0.0,0.0
3.3329935614196664,0.7415184314588896,1.1985035452009625,1.0,1.0,0.0,1.0,0.0
9.828076878074548,11.199846093142892,1.3350989226185042,1.0,0.0,0.0,1.0,0.0
31.61190291440308,26.001841853886145,0.3748587150802869,1.0,0.0,0.0,1.0,0.0
1.4378921622476906,16.80917267582686,0.2057345400307086,0.0,0.0,0.0,0.0,0.0
10.426198062042904,2.32176060214318,0.7309875284905851,1.0,1.0,0.0,1.0,0.0
12.63894928826024,0.2988809533667882,0.3412885868248617,1.0,0.0,1.0,1.0,0.0
24.531054485714023,3.1353819016134725,0.5100890536125926,1.0,1.0,0.0,1.0,0.0
1.1536905816027283,0.0406200796726696,0.7099628539104657,0.0,0.0,0.0,0.0,0.0
4.799154909752734,1.0903619849597774,3.9176080937062574,1.0,0.0,0.0,0.0,0.0
6.957679558311383,48.1219106924722,0.6369573392557869,1.0,1.0,0.0,0.0,0.0
3.930270325452825,0.3938393359412899,0.2125095882917622,1.0,0.0,0.0,1.0,0.0
3.780955213145417,0.3661424903956955,0.1822208955815809,1.0,0.0,0.0,0.0,0.0
1.735647755303097,0.1997483497325216,1.8798810037770688,0.0,0.0,0.0,1.0,0.0
6.595203067619258,1.0117710663990152,0.7843655815738712,1.0,0.0,0.0,0.0,0.0
3.598565915768694,0.9135231733679066,0.4795859801441808,1.0,0.0,0.0,1.0,0.0
22.65660254350015,28.782297894816946,1.4344524554071747,1.0,0.0,0.0,0.0,0.0
0.6758418446379465,0.2573408770280066,0.2561983286600278,0.0,1.0,0.0,0.0,0.0
4.493558663509755,0.4371976068361038,0.5255087084418357,1.0,1.0,0.0,1.0,0.0
41.31521888637115,0.4017899972766546,0.4397599433533664,1.0,0.0,0.0,0.0,0.0
7.505294693930594,0.4191269924535231,0.9709068154960062,1.0,1.0,0.0,1.0,0.0
27.88477362831922,0.9972293579237628,0.6856930451418434,1.0,1.0,0.0,0.0,0.0
6.293399419449559,2.0350079161406263,4.254313383381544,1.0,1.0,0.0,1.0,1.0
2.3841179448852285,0.3024943957442275,1.648763117465892,1.0,1.0,0.0,1.0,0.0
13.23591048052997,1.5359940706217403,0.516461762133274,1.0,1.0,0.0,1.0,0.0
2.3439815449252768,0.386982326489094,3.120261221825084,1.0,0.0,0.0,0.0,0.0
37.57044378713552,0.2689207279646129,0.5663311475221596,1.0,0.0,0.0,1.0,0.0
194.4799383567406,0.0403439145525619,1.6758872986998017,1.0,0.0,0.0,0.0,0.0
35.600108709307314,1.2081530918607788,1.0432078843588155,1.0,0.0,1.0,1.0,0.0
67.84131862915277,0.4006761264463742,0.8337450271092676,1.0,0.0,0.0,1.0,0.0
7.4528971604841106,0.0163338346762228,0.2011449440008402,1.0,1.0,0.0,1.0,0.0
2.729057316848836,0.7585922580742586,0.6861397966926899,1.0,0.0,0.0,0.0,0.0
18.92187079755876,1.5028741073765393,1.5491337294371077,1.0,0.0,0.0,1.0,0.0
41.07884183161824,2.7459509123687518,6.749783891327986,1.0,1.0,0.0,0.0,0.0
3.914667406851823,1.1646279703854696,3.1747391136852605,1.0,1.0,0.0,1.0,0.0
9.153423565338594,1.0210281107276349,1.394221416593839,1.0,0.0,0.0,1.0,0.0
22.89268725272781,0.3601830978972571,0.5482523937086082,1.0,0.0,0.0,1.0,0.0
9.129686100712146,4.915805114261294,4.392377074140127,1.0,0.0,0.0,1.0,1.0
14.072458224405562,0.620244991226425,0.2911604281999466,1.0,0.0,0.0,1.0,0.0
40.93569739146603,4.64659736814663,1.159783788431621,1.0,1.0,0.0,1.0,0.0
11.639706753502034,5.02487970760222,0.9346341719079794,1.0,0.0,0.0,0.0,0.0
2.2693506518557043,0.0687426306695108,1.2819284616722646,1.0,0.0,0.0,1.0,0.0
3.0419023711981668,15.08002578190496,8.417438588974221,1.0,1.0,0.0,1.0,1.0
1.12706879967717,8.815877706503798,20.09470142707556,0.0,1.0,0.0,1.0,1.0
72.20297592071839,0.6136644367210778,1.003472439484269,1.0,0.0,0.0,1.0,0.0
22.98122643416052,0.4493615558106701,0.4461927273628165,1.0,0.0,0.0,1.0,0.0
3.0094320605459624,2.562790647184696,4.249347629876231,1.0,0.0,0.0,1.0,1.0
2.5490750925708108,1.0278878401547973,0.6275811415082116,1.0,0.0,0.0,0.0,0.0
3.104249547255133,1.290054991012437,0.1554419517194733,1.0,1.0,0.0,1.0,0.0
6.806740321508459,4.562202438744935,0.4888123889303801,1.0,0.0,0.0,1.0,0.0
5.8629934494745015,8.329739677719166,0.4497259593831974,1.0,1.0,0.0,1.0,0.0
3.61118626847358,2.0320015716006448,2.0174422733651647,1.0,0.0,0.0,0.0,0.0
2.328870353741168,0.5223569590424894,2.574350276345601,1.0,1.0,0.0,1.0,0.0
26.49744267014253,49.703539959898734,0.2119577034868598,1.0,0.0,0.0,1.0,0.0
84.9445019498028,0.0504254963019401,0.2756333825961058,1.0,0.0,0.0,1.0,0.0
2.7635536611145244,3.072075429075049,0.2265966867031035,1.0,0.0,0.0,0.0,0.0
8.9962281878504,0.3202367682622167,0.1522912046186512,1.0,0.0,0.0,1.0,0.0
164.96836767085824,3.196988760226514,1.1480585106277066,1.0,0.0,0.0,1.0,1.0
126.71520306051984,0.6146984730364643,1.178693240198348,1.0,0.0,0.0,1.0,1.0
223.21015800831017,6.423422586621326,19.27524207111288,1.0,0.0,0.0,1.0,1.0
10.810167486174915,0.4584200239354951,1.3543893932723845,1.0,0.0,1.0,0.0,0.0
3.413516548424333,0.4238922060228856,0.3731244876110846,1.0,0.0,0.0,0.0,0.0
43.9872882056443,21.01119303060731,0.1282635055707391,1.0,1.0,0.0,0.0,0.0
5.302561929549345,1.5033115098883416,2.390473280823651,1.0,1.0,0.0,1.0,0.0
7.599742248761137,0.0328608171494392,0.8456934532934135,1.0,0.0,0.0,0.0,0.0
8.530609769496342,0.165320507389266,0.7887257524446193,1.0,0.0,0.0,1.0,0.0
9.758791196095514,7.968726575732395,0.1464889022054455,1.0,0.0,1.0,1.0,0.0
19.83412936263816,34.23946916756178,0.3133226450909533,1.0,0.0,0.0,0.0,0.0
2.070536869472868,0.3393231210604643,3.760454106212025,1.0,1.0,0.0,0.0,0.0
1.5908516813909688,0.2877136772244379,0.7103862675081951,0.0,0.0,0.0,0.0,0.0
38.69161244478082,3.834588886379363,0.1520403887087136,1.0,1.0,0.0,0.0,0.0
33.86405490664711,1.209005105487718,1.982724297046804,1.0,0.0,0.0,0.0,0.0
98.1029154954965,3.1012939213401407,0.3906176699520763,1.0,0.0,0.0,0.0,0.0
2.4241536680547315,2.243414444504876,0.1674934575637819,1.0,0.0,0.0,1.0,0.0
21.804475331263006,0.221001319615449,0.1867149727611356,1.0,0.0,0.0,1.0,0.0
3.423439991338224,0.3464127909380796,0.6940300080136089,1.0,0.0,0.0,0.0,0.0
39.75358121724502,0.8905903310642145,8.226567255161935,1.0,0.0,1.0,0.0,0.0
8.01446386479721,0.3546935145071337,1.2758468924765662,1.0,0.0,0.0,1.0,0.0
29.556397281487403,0.4213642968566649,1.300502055027135,1.0,1.0,0.0,1.0,0.0
12.880589891717571,1.484728675273623,1.081003739428365,1.0,0.0,0.0,1.0,0.0
2.33940341777421,0.2681048740835304,0.3218547991744642,1.0,0.0,0.0,1.0,0.0
0.6869093893481971,0.1763305902164914,0.4335877480342209,0.0,0.0,1.0,1.0,0.0
13.311004132840084,2.780465427230204,0.6455668178779346,1.0,1.0,0.0,0.0,0.0
22.241897875328807,1.1577166073730494,0.3213451371732955,1.0,0.0,0.0,0.0,0.0
2.237238689485568,0.0081024335805138,0.1136946539666247,1.0,0.0,0.0,1.0,0.0
20.40144863473442,8.761090134431678,0.3166939968030486,1.0,0.0,0.0,1.0,0.0
27.38788919321862,0.0726969960047975,1.555903674751869,1.0,1.0,0.0,1.0,0.0
49.95631883756442,2.790364291527854,2.143612709330504,1.0,0.0,0.0,1.0,0.0
8.814405303007929,0.088269789269448,0.3743292580953469,1.0,0.0,1.0,0.0,0.0
14.605730562384078,13.649014061582353,1.343567463838748,1.0,1.0,0.0,1.0,0.0
2.693024628860527,1.794944103329271,5.192581736093175,1.0,0.0,0.0,1.0,1.0
120.0131291633738,0.1925959912261938,3.8382206741542233,1.0,0.0,0.0,1.0,1.0
7.640238722152917,3.5323871610499373,3.1576180411024994,1.0,1.0,0.0,1.0,0.0
3.652655725812816,1.140898464643406,2.0975003339639247,1.0,1.0,0.0,1.0,0.0
7.948058318444089,2.159606750662136,0.5205664872601323,1.0,1.0,0.0,1.0,0.0
6.606386660795339,2.5428855981431395,0.9083566461107304,1.0,0.0,0.0,1.0,0.0
9.15159587987486,0.6507610971457337,0.9509438462905858,1.0,0.0,1.0,0.0,0.0
2.7132230112988798,0.8776654790279248,0.2036710205377487,1.0,0.0,0.0,1.0,0.0
14.285154363654213,4.613882230868482,0.2303624051831061,1.0,1.0,0.0,0.0,0.0
40.66892269477658,3.2975636585963675,0.5911822598098125,1.0,0.0,0.0,1.0,0.0
5.055389253742795,3.1753983926002567,8.285477043930605,1.0,0.0,0.0,1.0,1.0
8.512315864812754,0.9557810791533318,0.6074596470085404,1.0,0.0,0.0,0.0,0.0
14.127727100024536,0.33961659497615,0.5938186611757477,1.0,0.0,0.0,0.0,0.0
12.404183621678204,3.84262911942651,0.3465933596270645,1.0,0.0,0.0,1.0,0.0
30.472639315704978,4.10347303253136,0.7142337455002381,1.0,0.0,0.0,1.0,0.0
4.614272353735249,0.2742893350039735,4.665342323673849,1.0,1.0,1.0,1.0,0.0
0.3564250971904327,0.8086505597074267,3.1569194190799483,0.0,1.0,0.0,1.0,0.0
1.550836707282269,0.0586362488531586,1.4648901219302188,0.0,1.0,0.0,0.0,0.0
129.4591682962776,0.3441933829603439,2.6128685214365475,1.0,0.0,0.0,1.0,1.0
0.4983668224195855,3.81342691274596,1.6296437393562573,0.0,0.0,0.0,0.0,0.0
9.768451497527725,0.517520825199215,1.6208161876215748,1.0,0.0,0.0,1.0,0.0
2.8293108854900915,0.0615378777436769,1.1386923534792055,1.0,0.0,0.0,0.0,0.0
11.389844683807713,1.0019313658587785,1.0764367065095697,1.0,1.0,1.0,0.0,0.0
5.262075825137736,2.019375555593547,0.5282822930697885,1.0,0.0,0.0,0.0,0.0
1.0988998742727232,1.3729841652657826,1.6530240640566514,0.0,1.0,0.0,0.0,0.0
7.257741891291782,0.9959541379291094,0.0723194312025476,1.0,0.0,0.0,1.0,0.0
12.447017704264672,0.0345051316067753,2.8925840687141737,1.0,0.0,0.0,1.0,0.0
9.279241993614756,2.363646976634415,2.637009325423012,1.0,1.0,0.0,0.0,0.0
4.313912668226659,2.668440717186203,1.7938060269560212,1.0,1.0,0.0,1.0,0.0
5.138883159980528,0.4546773428311521,0.1637634621331628,1.0,0.0,0.0,1.0,0.0
106.96778521514874,16.661288689592777,0.2887961969241845,1.0,0.0,0.0,0.0,0.0
14.929207460541036,0.6864986141148097,1.4734271111957031,1.0,1.0,0.0,0.0,0.0
0.7323031000894404,2.0911864028968776,0.1865580267745964,0.0,1.0,1.0,1.0,0.0
109.38003034190729,53.39971816697888,3.622959690825567,1.0,0.0,1.0,0.0,0.0
1.994592368452064,27.0571537401484,0.660119024813333,1.0,0.0,0.0,1.0,0.0
21.324471629991294,0.423893508790775,0.739878898716001,1.0,0.0,0.0,0.0,0.0
10.396349022850108,10.48285738606176,1.463188024258707,1.0,0.0,0.0,1.0,0.0
58.85148151368334,0.9435943974471253,0.2520548681287392,1.0,1.0,0.0,1.0,0.0
1.8790605167405845,0.8161763162326666,4.393194155829991,0.0,0.0,0.0,0.0,1.0
3.120998744691428,0.0720307726344431,2.728802423607306,1.0,0.0,0.0,1.0,0.0
13.967765041860735,0.3328021586224389,1.3183938489790572,1.0,1.0,0.0,0.0,0.0
0.6169458683298447,0.032268025915523,0.9885485353694276,0.0,0.0,0.0,1.0,0.0
3.6906114094456215,0.23590039346396,0.4226476705670275,1.0,0.0,0.0,0.0,0.0
3.932422140807403,0.3513667659952839,1.6797517232826602,1.0,1.0,0.0,1.0,0.0
136.62723943853084,8.578262984958892,2.8833786667628907,1.0,1.0,0.0,1.0,0.0
8.054044901644394,3.054928551057757,0.8975410190377917,1.0,0.0,0.0,1.0,0.0
11.930433619740633,16.751415643106974,0.9171245435088732,1.0,0.0,0.0,1.0,0.0
58.37571743418116,0.2157614481948792,6.417783141090275,1.0,0.0,0.0,1.0,1.0
5.956131842641464,13.324113848270718,5.178725219595845,1.0,1.0,0.0,1.0,1.0
46.61055500975988,2.6898642757827416,2.8136171389718148,1.0,1.0,0.0,0.0,0.0
201.8609835670546,0.299858023877705,0.8994122532740039,1.0,0.0,0.0,0.0,0.0
21.61563869461898,2.305053831154216,0.5871861652477504,1.0,0.0,0.0,1.0,0.0
1.4143517540674269,0.7856442857530662,1.665800213543999,0.0,1.0,0.0,1.0,0.0
2.0713491820487016,11.77360067404028,1.7024896768118325,1.0,0.0,0.0,1.0,0.0
18.5380475707393,6.389897006340655,0.2280760585990605,1.0,0.0,0.0,1.0,0.0
16.757130357429542,2.7754521555040443,0.3401930969464037,1.0,1.0,0.0,1.0,0.0
25.305863572743185,3.9013042756751215,0.1356639169970245,1.0,0.0,1.0,1.0,0.0
1.0450840374654622,0.8666251874463834,0.8721119558398698,0.0,0.0,0.0,1.0,0.0
371.08279928845633,12.17120786218503,0.5488545921669863,1.0,0.0,0.0,1.0,1.0
38.3605452956622,0.733767318393327,1.0744786027678557,1.0,1.0,0.0,0.0,0.0
11.485809761449673,0.7639264230339476,3.704432889919915,1.0,0.0,0.0,1.0,0.0
21.69504238352603,2.863095372482652,0.5488658310025399,1.0,0.0,0.0,0.0,0.0
6.198352175131848,7.338688461922586,1.672322552386467,1.0,1.0,1.0,1.0,0.0
25.791340774486496,1.8523870035411316,0.3125628975994566,1.0,1.0,0.0,0.0,0.0
27.97666675840408,3.016157514935632,0.4877921703478396,1.0,1.0,0.0,0.0,0.0
12.941585718959669,0.4149441430424145,1.371610760343262,1.0,0.0,1.0,0.0,0.0
1.0911127581109563,4.774367399705877,0.0494459191489853,0.0,0.0,0.0,1.0,0.0
1.4441066761286696,0.5396981560042465,0.2274802657113783,0.0,1.0,0.0,0.0,0.0
4.129339195116967,0.2354982213418904,1.6469801386119804,1.0,1.0,0.0,1.0,0.0
1.0466609414275043,0.1408777015345225,1.6478132471697382,0.0,1.0,0.0,1.0,0.0
8.160451577223412,0.2819900001925697,0.7215860838726199,1.0,1.0,0.0,0.0,0.0
137.9777539055027,0.3211830217451644,0.5425755774099849,1.0,0.0,0.0,1.0,1.0
3.0399016046481,4.826699341102668,5.248678501707248,1.0,0.0,0.0,0.0,0.0
3.4292179670150764,4.006253255997099,2.5883601399456584,1.0,1.0,0.0,0.0,0.0
12.70603457360803,0.5154901172899408,0.0837925615215378,1.0,0.0,0.0,1.0,0.0
8.881967579869592,7.612437614087912,1.6461636480057231,1.0,0.0,0.0,1.0,0.0
1.3343536390953927,0.841703854630012,0.7276315847516656,0.0,0.0,0.0,0.0,0.0
1.7240456196082556,0.1767773399567685,5.836728499828699,0.0,0.0,1.0,1.0,0.0
31.94788478591559,0.0715819642652777,1.20605199628274,1.0,0.0,0.0,0.0,0.0
12.883123017271588,0.3202341824017249,0.3337855788672375,1.0,0.0,0.0,0.0,0.0
1.532983466390584,0.2398553436292773,2.9415815906582234,0.0,0.0,0.0,1.0,0.0
8.395518519136344,0.041339168602471,4.42083531793784,1.0,0.0,0.0,1.0,1.0
50.91731054881844,0.1951930973482603,0.8198469048809962,1.0,0.0,0.0,0.0,0.0
30.83387995969376,1.126950091518199,7.433414842933766,1.0,0.0,0.0,0.0,0.0
8.469482030423613,0.5097163628627539,0.5194015165427799,1.0,1.0,0.0,1.0,0.0
10.853286730012034,3.3584543842276093,0.8734851488057954,1.0,0.0,0.0,1.0,0.0
24.985981753487696,0.0221169128126525,0.3073088855765972,1.0,0.0,0.0,1.0,0.0
177.5713469264758,21.591744567496598,0.0915631752625528,1.0,0.0,0.0,0.0,0.0
14.902175423528664,0.3128244151550777,0.6897120957601908,1.0,1.0,0.0,0.0,0.0
3.050385545633796,0.1009638356803031,2.600726135399232,1.0,0.0,0.0,0.0,0.0
25.99240593995746,1.9145180508609,1.070840618510993,1.0,0.0,0.0,1.0,0.0
26.417939359110022,0.4383999226598717,0.5656707794162597,1.0,0.0,0.0,1.0,0.0
5.299989214600248,0.6064096032409998,2.013983547577866,1.0,0.0,0.0,1.0,0.0
12.61399831069882,0.6376481573177049,3.5857186723311654,1.0,1.0,0.0,1.0,0.0
7.593943692712088,9.132283913915254,0.5153337314205995,1.0,0.0,0.0,1.0,0.0
3.383646449436007,0.3460467409165872,1.2836401478845378,1.0,0.0,0.0,0.0,0.0
2.8374516035112447,3.736662120467124,0.5123950388168249,1.0,1.0,0.0,1.0,0.0
25.15407652289569,0.0618251381191047,0.6294291712410403,1.0,1.0,0.0,0.0,0.0
50.4985100863984,0.3477248590913296,0.4247916277910489,1.0,0.0,0.0,0.0,0.0
0.9162404578428152,6.709652775395506,0.1237222286073352,0.0,0.0,0.0,1.0,0.0
140.5535497322018,3.005288996008995,0.4778999770966198,1.0,0.0,0.0,0.0,0.0
2.683022788520216,6.818010825748939,4.071775334178095,1.0,1.0,0.0,0.0,0.0
9.873259177616193,2.6809719292290053,4.017792534316798,1.0,1.0,0.0,0.0,0.0
18.672406398188308,0.4330701635003107,2.743088004935029,1.0,0.0,0.0,1.0,0.0
3.5855537027316893,0.0436760616146355,2.325038589793541,1.0,1.0,0.0,0.0,0.0
0.3801852375244425,0.2444546297229802,0.6851528575385825,0.0,0.0,0.0,1.0,0.0
3.8946277147903774,0.7681815314094933,0.7191640969765579,1.0,1.0,0.0,1.0,0.0
2.6288707268034104,32.25522355904192,4.691295970213071,1.0,0.0,0.0,1.0,1.0
5.171288122951109,5.974646777776861,0.8470262268592273,1.0,1.0,0.0,0.0,0.0
9.109351617146649,0.1959691666247502,1.2110252095267,1.0,0.0,0.0,0.0,0.0
126.36619275486004,1.065682397611419,0.4200386269326052,1.0,0.0,0.0,1.0,1.0
14.72904820265341,0.8728788940274587,0.2810728344940832,1.0,1.0,0.0,1.0,0.0
39.14670299414287,0.776236716321626,0.9642675554693452,1.0,0.0,1.0,1.0,0.0
53.33850738230819,0.1102695320962183,2.6684972465809547,1.0,0.0,0.0,0.0,0.0
1.1411810545638272,0.416251399820144,0.3670993793925158,0.0,0.0,0.0,1.0,0.0
46.39358449288602,0.7385284923369966,0.6993589515376504,1.0,0.0,0.0,1.0,0.0
2.022792025431757,0.7834982361631504,0.3124408563158175,1.0,1.0,0.0,0.0,0.0
29.230147989581063,0.8267134993947148,1.0016921367239324,1.0,0.0,0.0,0.0,0.0
8.124424792007042,0.0152737007094112,6.513083070906409,1.0,1.0,1.0,1.0,0.0
2.772337780702746,0.943594304553577,3.443199732690036,1.0,1.0,1.0,1.0,0.0
24.40806076841826,0.2476001494951112,0.7252793474156152,1.0,0.0,0.0,1.0,0.0
25.99732233632238,4.349522287689272,6.593166274027226,1.0,0.0,1.0,0.0,0.0
24.08420654358473,0.2601518277564258,0.9288675951569092,1.0,0.0,0.0,1.0,0.0
0.6508163544999728,0.2752094377260872,1.181618818646993,0.0,0.0,0.0,1.0,0.0
5.249538585725577,11.400966378988649,0.3770054403678214,1.0,0.0,0.0,0.0,0.0
7.678025582230817,0.0599331262180089,2.6076465623271847,1.0,1.0,0.0,1.0,0.0
14.990749208772586,2.1182512746543107,0.1172442291583096,1.0,0.0,0.0,1.0,0.0
1.5910606682841442,0.9312527696544474,2.032037995788885,0.0,0.0,0.0,1.0,0.0
83.09122907185728,4.55443622277787,2.473805653221912,1.0,0.0,0.0,1.0,0.0
17.853441879816184,0.8480170521194544,1.699666635313846,1.0,0.0,0.0,1.0,0.0
16.792389150730763,1.6154481645364478,1.959928159183581,1.0,0.0,0.0,1.0,0.0
9.730432668162328,9.68784547603702,5.84792306055034,1.0,0.0,0.0,1.0,1.0
4.225204239878463,0.3530024067330105,0.137152860392925,1.0,0.0,0.0,1.0,0.0
16.265814223561367,1.2159166621533084,0.7841654434036525,1.0,0.0,0.0,0.0,0.0
2.782600660069036,4.098783236228107,2.445729317698657,1.0,0.0,0.0,1.0,0.0
10.549802739176869,1.5363709961060896,0.9628242159782,1.0,0.0,0.0,0.0,0.0
33.21850528146656,0.7957352754891261,0.2726653580555437,1.0,0.0,0.0,1.0,0.0
13.885987988204228,0.1730252340480268,0.2559774799429082,1.0,0.0,0.0,1.0,0.0
0.1671325375196836,2.44125224766027,10.966982234898392,0.0,1.0,0.0,1.0,1.0
8.644822070377346,0.0302241135917437,0.2210324303832275,1.0,0.0,0.0,1.0,0.0
10.444275092681115,1.2609366937918451,7.2666462085312356,1.0,0.0,1.0,1.0,0.0
24.106985039808663,0.3885298059454136,5.938066464171067,1.0,1.0,0.0,0.0,0.0
261.38131321862176,0.0303322509471153,1.6660724039486756,1.0,0.0,0.0,1.0,1.0
36.02427267874405,4.107856089321843,2.8531324845340023,1.0,0.0,0.0,1.0,0.0
8.9293067037495,1.7593365018169878,10.480390219592405,1.0,1.0,0.0,0.0,0.0
13.980997914884162,0.6382461613857182,0.90490133484958,1.0,0.0,0.0,1.0,0.0
32.27117315732906,0.0376931871373414,0.6940672851313663,1.0,1.0,0.0,1.0,0.0
36.41554376249895,2.5567461612096083,0.2325301143446443,1.0,0.0,0.0,0.0,0.0
6.387555807767829,0.9358171472527936,0.3080644178007434,1.0,0.0,0.0,0.0,0.0
7.792716394964218,0.1172844014033921,1.1458670160627815,1.0,0.0,0.0,1.0,0.0
0.641611492786222,24.93769002498925,5.024171283810973,0.0,1.0,0.0,0.0,0.0
20.92000557727814,1.6900536737211644,9.81359957137387,1.0,0.0,0.0,1.0,1.0
1.724230017095165,0.8651308203776501,0.4053485822191588,0.0,1.0,0.0,0.0,0.0
6.663385002382992,0.5558866248246351,5.4164627735876,1.0,0.0,0.0,0.0,0.0
3.0035614148472853,2.710372619048292,0.428293933551405,1.0,0.0,0.0,1.0,0.0
3.736324462871095,1.855326239844312,5.225501735906277,1.0,1.0,0.0,1.0,1.0
6.679286412970464,1.0434998163957054,4.891603489033006,1.0,0.0,0.0,1.0,1.0
11.17606420026263,0.753571879930855,2.956593533555052,1.0,1.0,0.0,1.0,0.0
5.84409838159264,4.253452851165856,0.8401519805511037,1.0,0.0,0.0,1.0,0.0
0.7064910844211767,2.7925093589826395,0.7196039091154269,0.0,1.0,1.0,0.0,0.0
1.2043091095189593,0.180080665563714,1.6796206753161769,0.0,1.0,0.0,1.0,0.0
18.628667640453003,0.5085100363056609,0.6199548909445765,1.0,1.0,0.0,0.0,0.0
2.8185058024381893,1.4997151916983906,0.3922236276065723,1.0,1.0,0.0,0.0,0.0
1.168921125681857,1.9035441431371625,1.272470555252353,0.0,0.0,0.0,1.0,0.0
3.5927032173528644,10.347701052913738,2.995496300293099,1.0,0.0,0.0,0.0,0.0
9.701299012834395,0.8695742268635402,0.0672793925379374,1.0,0.0,0.0,0.0,0.0
40.30829413244146,0.3880423702401266,1.084552535528964,1.0,1.0,0.0,1.0,0.0
3.3641521360123345,6.865028950540485,0.283524556355823,1.0,1.0,0.0,1.0,0.0
16.50356619593771,1.378081750644275,1.9963223996411072,1.0,0.0,0.0,0.0,0.0
12.86929590739625,1.6676191612112337,1.0467890377887956,1.0,1.0,0.0,1.0,0.0
1.7806409635967768,0.1484571625628734,0.189625620409526,0.0,1.0,0.0,1.0,0.0
5.593499152154842,1.843640562519872,20.011541834386637,1.0,0.0,0.0,1.0,1.0
15.480183328454114,0.3830804537986434,0.5983798963080641,1.0,0.0,0.0,0.0,0.0
9.456326903654398,2.05147457092833,0.136053357249112,1.0,0.0,0.0,1.0,0.0
25.246874079296603,1.6103814472873157,4.834615083684014,1.0,0.0,0.0,0.0,0.0
2.335899574074509,0.1450122939055491,8.478003320926332,1.0,0.0,0.0,1.0,1.0
3.3359615069021498,4.045106708815355,0.6627663598580408,1.0,1.0,0.0,0.0,0.0
2.696975443865822,0.1071567003758392,0.8268143151992218,1.0,0.0,0.0,1.0,0.0
1.9703302292481824,15.538471504927026,2.755501890865051,1.0,1.0,1.0,0.0,0.0
1.625131142555612,0.4614741160919856,1.316171857125508,0.0,1.0,0.0,0.0,0.0
39.72334834923231,0.5884139822594505,2.719371540999302,1.0,0.0,0.0,0.0,0.0
5.789416692414807,3.21937868602364,2.770605179952594,1.0,0.0,1.0,0.0,0.0
21.064175487803137,1.0575965282439146,1.5226510420340351,1.0,0.0,0.0,1.0,0.0
4.208475871157663,0.58026970058494,1.064533763277448,1.0,0.0,0.0,0.0,0.0
9.394962239518328,7.591426504844506,0.4980769134931567,1.0,1.0,0.0,0.0,0.0
83.78747274861877,0.2283009657852826,0.4386929697478455,1.0,0.0,0.0,1.0,0.0
34.14543843654503,1.1879849204783637,0.450786354567581,1.0,1.0,0.0,0.0,0.0
5.574646589208962,11.154488635179275,5.818886692676396,1.0,0.0,0.0,1.0,1.0
16.793958906393783,0.1309321942313769,0.3740059794064668,1.0,1.0,1.0,0.0,0.0
32.16417985763532,0.534685675063628,0.4488398065556013,1.0,0.0,0.0,0.0,0.0
17.347030266871982,2.5560543916197305,0.6468616507765347,1.0,0.0,0.0,1.0,0.0
5.297946050938966,10.50007992040257,5.67928004979707,1.0,0.0,1.0,1.0,0.0
3.0907459526206487,0.9181675715726672,1.3844798278845625,1.0,1.0,0.0,1.0,0.0
34.649413313569774,8.811980024399793,2.049453290785417,1.0,1.0,0.0,0.0,0.0
2.7345089006935552,2.143004884255668,0.2482166029694451,1.0,0.0,0.0,1.0,0.0
8.127587259290783,2.735427952942413,0.1382935471476435,1.0,1.0,0.0,1.0,0.0
12.390095441709596,2.476238623675453,0.6055139765864987,1.0,0.0,0.0,1.0,0.0
11.906347077658822,0.0062949216699968,0.2268359607126513,1.0,0.0,0.0,0.0,0.0
30.37002687301288,1.116510177445378,0.1355366364159403,1.0,0.0,0.0,1.0,0.0
1.3476120081329397,1.853807189297486,3.393570281340102,0.0,1.0,0.0,1.0,0.0
9.49077656134626,0.6683123708915232,1.4499489816690163,1.0,1.0,0.0,1.0,0.0
2.8758334400412533,29.030379071260864,0.2161996295509979,1.0,1.0,0.0,1.0,0.0
4.701589750085423,0.2283202388429203,0.783139558668207,1.0,0.0,0.0,0.0,0.0
14.113811699420792,0.2811443112747044,1.8133775611474117,1.0,0.0,0.0,1.0,0.0
1.6161729267730702,3.25262975116969,2.55200677207422,0.0,0.0,0.0,0.0,0.0
0.4302477400518569,2.2622096724612293,3.402196612039317,0.0,1.0,0.0,0.0,0.0
1.907571814932448,0.2527733917307837,2.40332739906817,1.0,0.0,0.0,1.0,0.0
53.9731114338428,18.81795748534924,1.6275311991578805,1.0,1.0,0.0,1.0,0.0
0.9112846882471306,2.616629239345929,0.656127348489276,0.0,1.0,0.0,1.0,0.0
23.30243468295467,0.3373742305989957,0.0575543382601374,1.0,0.0,0.0,0.0,0.0
16.971769285929884,2.6001762117142597,2.5734635180318755,1.0,1.0,0.0,1.0,0.0
83.15277453444432,1.6129194190472165,2.259482589426406,1.0,0.0,0.0,1.0,0.0
14.341637561006085,8.859700212496248,5.241786139017326,1.0,0.0,0.0,1.0,1.0
48.524752563290775,1.2984856014019688,1.8038437477299345,1.0,1.0,1.0,1.0,0.0
3.960732053089979,1.5092880245939833,2.053646630426071,1.0,0.0,0.0,1.0,0.0
12.42901275559392,0.3144744045861468,0.9486069084053456,1.0,0.0,0.0,0.0,0.0
47.08515730485837,8.979011001890202,0.715999309247109,1.0,0.0,0.0,0.0,0.0
2.631280105067164,7.759276972400591,0.3963308200750435,1.0,0.0,0.0,1.0,0.0
24.76566083227325,1.168332087145982,0.2777173182259027,1.0,1.0,0.0,1.0,0.0
0.9656652845361862,0.0081719460310226,2.7253307943274203,0.0,1.0,0.0,0.0,0.0
1.939216055083573,0.7629242456398172,0.5054567221166536,1.0,0.0,0.0,1.0,0.0
3.5500518610438747,0.4221530010922865,1.4692637007699767,1.0,0.0,0.0,1.0,0.0
8.554796566514764,0.8033368007529671,0.2606393923498183,1.0,1.0,0.0,0.0,0.0
41.4834911016534,7.0381241702344095,10.03386640660344,1.0,0.0,0.0,1.0,1.0
3.8266282303907695,4.85701210682566,0.463338229463145,1.0,1.0,0.0,1.0,0.0
0.6055842333505876,3.4170102982413244,0.4522355896388682,0.0,0.0,0.0,1.0,0.0
56.64026203227544,1.2071879227007132,13.39569669068076,1.0,1.0,1.0,1.0,0.0
8.578204053919109,0.3447132424943752,1.0909520988534271,1.0,1.0,0.0,1.0,0.0
0.5988333154292247,0.3740918095486235,1.2970200043824067,0.0,0.0,0.0,1.0,0.0
8.080985232931544,3.8808351817791022,0.2428619466339008,1.0,0.0,0.0,1.0,0.0
59.1522905159484,2.077808035438981,0.2232731674448102,1.0,0.0,0.0,1.0,0.0
172.05338001269925,0.0224816869374215,0.7047262148227652,1.0,1.0,0.0,1.0,0.0
3.566934596211873,2.9502480380881537,2.8718572893483647,1.0,0.0,0.0,1.0,0.0
293.1238718486534,5.413777499310034,0.4851291300662242,1.0,0.0,0.0,1.0,1.0
13.845390245163331,3.042575963008378,0.0827711939269907,1.0,0.0,0.0,1.0,0.0
67.57459068985699,19.363059096474636,0.106182527669218,1.0,1.0,0.0,1.0,0.0
6.27258492538952,2.695941041832713,0.8086181662108464,1.0,0.0,1.0,0.0,0.0
0.7625933159756797,0.2720147983141024,0.5716437819428215,0.0,0.0,0.0,1.0,0.0
6.617405994790473,5.445660023051122,1.478637287634192,1.0,1.0,0.0,0.0,0.0
1.342256436823306,3.190144695364717,0.1434532684986573,0.0,0.0,0.0,0.0,0.0
18.082418514675545,0.2983224798336878,4.323547033211266,1.0,0.0,0.0,1.0,1.0
7.51026732483733,0.3040877874867604,0.3897827538327468,1.0,0.0,0.0,1.0,0.0
6.893500000954024,0.0934461213719501,3.7056659669578735,1.0,0.0,0.0,1.0,0.0
28.490108135129297,4.083435214565917,1.0688397826538256,1.0,0.0,0.0,1.0,0.0
9.469725750963615,0.0965319743309966,0.2118239775269992,1.0,0.0,0.0,1.0,0.0
1.7476392479164142,0.0833374476821479,0.8732603955631938,0.0,1.0,0.0,1.0,0.0
3.887675970096236,0.2557840265974582,1.028574466373036,1.0,0.0,0.0,1.0,0.0
21.20921102941226,0.0767166544848703,2.141277719181063,1.0,0.0,0.0,0.0,0.0
29.63386722040081,0.2605669830015656,1.020262269395706,1.0,0.0,0.0,1.0,0.0
3.0808874838208404,4.846657333822827,5.524785301586764,1.0,1.0,0.0,1.0,1.0
10.834631685393248,0.5271445397440262,1.714301319951289,1.0,0.0,0.0,0.0,0.0
0.778983644755889,2.3307522443895268,0.4310297623629864,0.0,0.0,1.0,1.0,0.0
58.82227283523212,44.09172283336518,0.3019642359229141,1.0,1.0,1.0,1.0,0.0
12.291792758767928,255.65982813315225,0.0821875260449744,1.0,0.0,0.0,1.0,1.0
4.247861946616991,0.3327951691907139,0.7425277259268287,1.0,0.0,0.0,1.0,0.0
0.8039969695983302,0.0889642982296016,0.4733883899465279,0.0,0.0,0.0,1.0,0.0
56.55135221959807,18.740910359278352,0.9069311979602837,1.0,1.0,0.0,1.0,0.0
19.03028494923845,8.163179181728896,0.5509083537478836,1.0,0.0,0.0,1.0,0.0
7.678609591482226,2.854809886545456,0.1716646738769871,1.0,1.0,0.0,1.0,0.0
1.266205775287727,8.406770364991772,1.0556902472670475,0.0,0.0,0.0,1.0,0.0
3.4570904192578773,1.489274271062022,0.3302886970092568,1.0,0.0,0.0,0.0,0.0
2.515468065881992,3.9031282964595344,1.2231338817822988,1.0,0.0,0.0,0.0,0.0
1.9966478189008856,2.9828743332215493,0.9722566120913272,1.0,0.0,0.0,0.0,0.0
8.092276319651466,0.0553079170912994,1.6323969565600045,1.0,0.0,0.0,1.0,0.0
13.7472934779734,0.0555084652159735,0.4622502752373796,1.0,1.0,0.0,0.0,0.0
11.533565426148458,0.8047823757132294,0.202538881620171,1.0,0.0,1.0,1.0,0.0
6.772526388866063,0.0774943297982457,1.5772846558572085,1.0,1.0,0.0,1.0,0.0
10.50300771701712,0.4478404261151978,2.402069056353953,1.0,0.0,0.0,1.0,0.0
6.772993365933062,1.5606262831093798,1.517847985578081,1.0,0.0,0.0,1.0,0.0
22.676537779017803,0.1634816992542084,0.1805420522968397,1.0,0.0,0.0,1.0,0.0
48.35276526795533,10.888451600280272,0.4355421891618395,1.0,0.0,0.0,1.0,0.0
0.9901436096541548,1.3707556097909683,0.8031052806257848,0.0,0.0,0.0,0.0,0.0
315.5671065419456,0.0098939519789985,0.3277664651816322,1.0,0.0,0.0,0.0,0.0
4.687190261716651,0.3533788643668819,1.5344267534983604,1.0,0.0,0.0,1.0,0.0
12.448987295882516,3.785433938409065,5.733452123233831,1.0,1.0,0.0,0.0,0.0
43.86864613379036,1.994085618581408,0.901328107552202,1.0,0.0,1.0,1.0,0.0
4.614398920503361,0.9558624955943472,0.1694733518787365,1.0,0.0,0.0,1.0,0.0
11.845718697215329,0.7951502065435927,5.090573214998234,1.0,0.0,0.0,1.0,1.0
2.731062473904843,0.2722578048504159,1.9693004396438032,1.0,1.0,0.0,0.0,0.0
6.04884459057546,3.668988740869066,1.1518121920569862,1.0,0.0,0.0,1.0,0.0
1.091011200452502,0.1035209173139668,0.9456798794842072,0.0,0.0,0.0,1.0,0.0
6.208544029741604,7.137913162358882,1.661638627982088,1.0,0.0,1.0,0.0,0.0
7.311100996351755,1.657707195324124,2.758937850244635,1.0,1.0,0.0,0.0,0.0
32.358497686443506,4.570737929768988,1.0468400054878126,1.0,0.0,1.0,1.0,0.0
0.9432182323951852,0.4425321545600166,4.408377177394346,0.0,1.0,0.0,1.0,1.0
35.25308516847696,0.0073986194444545,0.2982103161559653,1.0,1.0,0.0,1.0,0.0
8.681866537556163,0.5418561655915061,1.4776418544699197,1.0,0.0,0.0,1.0,0.0
33.472529006558574,0.408059307488994,7.859978660569461,1.0,1.0,0.0,1.0,1.0
4.439206354665251,0.0400913992058949,0.6132962386542693,1.0,0.0,0.0,1.0,0.0
2.1519636828658326,0.1665849923818777,5.863198486110387,1.0,1.0,0.0,1.0,1.0
6.435891669711681,7.8542014726119005,0.0930639959885619,1.0,1.0,0.0,1.0,0.0
16.90112566117086,5.589949200867083,0.6278280199234543,1.0,1.0,0.0,0.0,0.0
12.839744224332502,1.8745668596496583,7.325276672854279,1.0,0.0,0.0,1.0,1.0
23.21857701599876,0.8938063176937585,0.5499627356461997,1.0,0.0,0.0,1.0,0.0
6.054274455048423,0.7968572327388299,2.846892434646796,1.0,0.0,0.0,1.0,0.0
36.91618909197984,10.281515231137153,1.2819442897209077,1.0,0.0,0.0,0.0,0.0
71.66537034619587,1.623102320159164,0.2283047323097539,1.0,0.0,0.0,1.0,0.0
4.47832806945366,2.595768570984778,0.5810579861801926,1.0,0.0,0.0,1.0,0.0
4.787537227834118,0.2087549025827167,3.957191068183552,1.0,0.0,0.0,1.0,0.0
1.886879595119621,9.905205704927123,1.7047258864274302,0.0,1.0,0.0,1.0,0.0
30.535972096694227,2.307630962879972,1.6339613191900668,1.0,1.0,0.0,1.0,0.0
38.72580025511662,0.7068267333520616,1.6883715728713102,1.0,1.0,0.0,0.0,0.0
1.702098033331524,0.7756254818047675,0.5049743311503595,0.0,0.0,0.0,1.0,0.0
8.465113552024885,0.9444933359908108,0.2711580730478403,1.0,1.0,0.0,0.0,0.0
5.218819794356833,0.9425025396500404,1.2629454779724774,1.0,1.0,0.0,1.0,0.0
8.910359705474631,14.889005672346071,0.3064118351700611,1.0,1.0,1.0,1.0,0.0
2.0701293449574663,2.58070727718232,1.3068846611726637,1.0,0.0,0.0,1.0,0.0
21.391097341707013,0.5851796752300146,1.40780240999754,1.0,0.0,0.0,1.0,0.0
16.57400725206002,0.0423456151678249,0.9387566419562376,1.0,1.0,0.0,1.0,0.0
26.30914847771816,0.0617548078712637,10.030929338498476,1.0,0.0,0.0,1.0,1.0
88.00448574824524,0.2570506178183459,2.1768297168815125,1.0,0.0,0.0,1.0,0.0
149.1350234771322,0.0273179170652638,0.3490660230902015,1.0,1.0,0.0,0.0,0.0
8.051775693907187,1.3413579557667743,0.7340019545823478,1.0,0.0,0.0,1.0,0.0
23.11669685948572,1.5665079591029112,1.298497848783072,1.0,0.0,0.0,1.0,0.0
42.41192602507852,1.042482165408562,0.6244130852446851,1.0,0.0,0.0,1.0,0.0
2.8677172962121102,1.0089462390809405,0.3861619580907832,1.0,0.0,0.0,0.0,0.0
7.0062023620147045,0.3360420298495365,3.038317895717052,1.0,0.0,1.0,0.0,0.0
161.64073143572037,2.28093696974995,0.7548428300883251,1.0,1.0,0.0,1.0,0.0
1.669336107136632,0.2717550290321594,0.4472090502070359,0.0,0.0,0.0,0.0,0.0
0.2022354429041767,0.0214090105742543,1.0692831041579824,0.0,0.0,1.0,1.0,0.0
16.557530981540786,0.4806362603191921,0.6307493981223941,1.0,1.0,0.0,1.0,0.0
341.9344556292834,0.0365919713191603,5.486861332906394,1.0,0.0,0.0,0.0,1.0
2.948133615522331,1.5871378679547774,0.4690554627927419,1.0,1.0,0.0,1.0,0.0
12.821937216849628,0.0608060291970466,2.725154008762877,1.0,1.0,0.0,1.0,0.0
38.882483736344,0.5487855793366572,1.1171905950823109,1.0,1.0,0.0,1.0,0.0
163.00285641843325,22.5200407975904,7.46784395680892,1.0,0.0,0.0,0.0,1.0
0.5592402493678371,3.4731288989853253,0.2287025826093536,0.0,0.0,0.0,1.0,0.0
2.4979731599849364,0.9982809940739122,1.7275614338913656,1.0,0.0,0.0,1.0,0.0
8.883791311444313,1.387492734797457,0.1890692360857258,1.0,0.0,0.0,1.0,0.0
32.250317345228694,1.9227350588827612,1.5000619411819267,1.0,0.0,0.0,1.0,0.0
13.42961321500192,0.7563094871597261,0.8275123005381703,1.0,1.0,0.0,1.0,0.0
207.5963218628467,0.2462217752908578,0.9969611559072226,1.0,1.0,0.0,0.0,0.0
14.584115026421998,19.20557454649829,1.8340359287243475,1.0,0.0,0.0,0.0,0.0
3.7860484195011215,1.1205568212694428,3.5591278357916307,1.0,1.0,0.0,0.0,0.0
61.37206679048283,0.7871908184466371,2.128337040666689,1.0,0.0,0.0,0.0,0.0
0.6707967334142094,0.2412306675632461,1.466617029432343,0.0,1.0,0.0,1.0,0.0
0.7070559454819821,1.4812808213467257,3.605228033857733,0.0,0.0,0.0,1.0,0.0
4.864923470075413,2.508343882431362,0.5307631583138506,1.0,0.0,0.0,1.0,0.0
6.508800628476309,1.6791771572639338,0.8482600757511081,1.0,0.0,0.0,0.0,0.0
0.4285504664135687,1.3129780076269957,0.7484887752375678,0.0,1.0,0.0,1.0,0.0
70.58071698518624,2.4125071936449207,0.7219294652631294,1.0,1.0,0.0,0.0,0.0
6.568742607303366,0.8366663552492642,2.295311250110135,1.0,0.0,0.0,1.0,0.0
3.019738798659956,0.0182754310367907,2.702085679654646,1.0,0.0,0.0,1.0,0.0
1.4478109460991548,0.9827503264452588,4.890042713969702,0.0,0.0,0.0,1.0,1.0
28.665462152672305,0.3901816824417181,0.7559915306969587,1.0,0.0,0.0,1.0,0.0
3.52762278863588,3.990516702853717,1.5287257931710805,1.0,1.0,0.0,1.0,0.0
5.013645811860759,0.8357009882401301,0.5997291885699709,1.0,0.0,1.0,1.0,0.0
4.239837474649097,0.8521927589184242,0.6559927741165512,1.0,1.0,0.0,1.0,0.0
17.347658492527437,0.917255034043935,0.1572013053499056,1.0,0.0,0.0,1.0,0.0
60.61376661809375,2.6220808812085195,6.549476052253148,1.0,0.0,0.0,1.0,1.0
19.36668289057089,0.371007610105892,2.8114698039578347,1.0,0.0,0.0,0.0,0.0
11.873261142399706,3.366520408657377,2.669517054092231,1.0,0.0,0.0,1.0,0.0
386.00899839162105,1.5761038552678626,3.800070086004649,1.0,0.0,0.0,0.0,0.0
39.864580934099685,4.860938426015708,2.945444243149939,1.0,1.0,0.0,1.0,0.0
5.07148527662758,2.735062079229359,0.5495739303757683,1.0,0.0,0.0,0.0,0.0
9.949442829069543,0.0614362443981139,0.888097716535751,1.0,1.0,1.0,1.0,0.0
101.16973576060153,18.40745232844512,0.6980403057185559,1.0,0.0,0.0,0.0,0.0
15.138150740502356,0.2141511093504252,0.2806408973681324,1.0,0.0,0.0,1.0,0.0
26.15905561096214,8.060114639502697,3.0570281307301115,1.0,0.0,0.0,1.0,0.0
9.059138470473666,0.0733902610826268,1.2951667533919886,1.0,1.0,0.0,0.0,0.0
20.320173661989497,1.62844270213718,0.9068735530417256,1.0,1.0,0.0,0.0,0.0
97.32000701462844,0.6845590452629089,1.424826924942042,1.0,0.0,0.0,0.0,0.0
3.940381530996455,0.1129867493132182,1.6605358882650114,1.0,1.0,0.0,1.0,0.0
167.1745158103992,0.0951156543421159,0.4977625285829514,1.0,0.0,0.0,0.0,0.0
57.97954398881357,0.0673184296866076,0.6532683807730896,1.0,0.0,0.0,0.0,0.0
9.554548648563657,0.3763692068727228,1.2864336094060007,1.0,1.0,1.0,1.0,0.0
1.9602285250277696,0.555932755593513,0.9272931787345288,1.0,1.0,0.0,1.0,0.0
19.83670581693757,0.3413133728149917,1.1524185868016483,1.0,0.0,0.0,1.0,0.0
29.117205430276435,0.1115609205329255,4.158952706269975,1.0,1.0,0.0,0.0,0.0
20.449396686547416,1.1505678697899056,0.9654943550652552,1.0,0.0,1.0,1.0,0.0
314.94254213440536,0.6947706601212348,3.332910137851805,1.0,0.0,1.0,0.0,0.0
7.746101253752364,5.827748222110352,2.547773094647548,1.0,0.0,0.0,1.0,0.0
68.62498416200876,0.7316186341478776,0.1326115455763356,1.0,1.0,0.0,1.0,0.0
32.83559507702106,30.87420129493628,0.7277215969819876,1.0,0.0,0.0,1.0,0.0
1.0280025464409908,24.498584075120533,0.3652902655875176,0.0,0.0,0.0,0.0,0.0
63.58443058191081,0.1339702773054127,0.974281703403012,1.0,0.0,0.0,1.0,0.0
3.3694896184493226,3.8126886373446016,2.263829094814077,1.0,0.0,0.0,0.0,0.0
80.53118929742939,6.869979620150803,0.393898008937691,1.0,0.0,0.0,1.0,0.0
4.62352417674379,0.9253836900614012,0.984029552844832,1.0,0.0,0.0,1.0,0.0
132.38879157041794,8.119911300848477,1.867479234223571,1.0,1.0,0.0,1.0,0.0
25.250285154589932,27.94005966747714,0.943400381605974,1.0,0.0,0.0,0.0,0.0
1.87764843622638,0.9387272482435576,0.0711723433109226,0.0,0.0,0.0,0.0,0.0
2.6808330777105662,6.046463976037533,0.7957614854252163,1.0,1.0,0.0,1.0,0.0
2.558780526614821,1.2102428209759553,0.3383569864777548,1.0,0.0,0.0,1.0,0.0
3.4164607676559138,0.3146407743906487,6.412262780764403,1.0,1.0,0.0,1.0,1.0
2.297735996680087,0.312743786595926,4.383180650741253,1.0,1.0,0.0,0.0,0.0
194.36316355784032,1.7421914980951467,0.5840976199531067,1.0,1.0,0.0,1.0,0.0
44.73052054710137,0.7649639445703286,0.972103603400715,1.0,0.0,0.0,1.0,0.0
3.93937606665366,5.109064797955684,0.2859528254554789,1.0,1.0,0.0,1.0,0.0
1.377119706880755,0.4595179816414412,1.9973104397526864,0.0,0.0,0.0,0.0,0.0
4.3774258161382456,2.82009397614634,2.782871277432661,1.0,0.0,0.0,1.0,0.0
2.282514936683818,2.3394359636594357,2.707864885852405,1.0,0.0,0.0,1.0,0.0
1.3058771418017956,1.004673720363641,0.4176339012506426,0.0,0.0,1.0,1.0,0.0
7.957643093184672,0.1034361098081946,1.7830919192979922,1.0,1.0,0.0,1.0,0.0
1.0539152809264989,1.1670860039983713,0.4182329366749864,0.0,0.0,0.0,0.0,0.0
2.307684096569834,0.0758361135438796,0.3986245866846598,1.0,0.0,1.0,1.0,0.0
24.068236131832663,0.1674658116903294,0.936064867340664,1.0,1.0,1.0,0.0,0.0
3.4022954550233027,0.2156993244875125,0.341475864439443,1.0,0.0,0.0,0.0,0.0
8.420721856461926,3.037768578527178,1.6526021843436325,1.0,1.0,0.0,0.0,0.0
12.909422335504042,6.114252372456019,1.927873362946649,1.0,0.0,0.0,1.0,0.0
46.15655011784561,3.942489194396928,0.9503831659615636,1.0,1.0,0.0,1.0,0.0
48.78606169587941,15.112327211884187,0.2377572859271646,1.0,1.0,0.0,1.0,0.0
3.711777332421813,4.984724846087962,2.733288064260949,1.0,0.0,0.0,1.0,0.0
8.21439913111412,0.8059900093002171,0.4767838730187808,1.0,0.0,0.0,1.0,0.0
10.625389165912816,4.40033767462809,1.7960884197968228,1.0,1.0,0.0,1.0,0.0
36.427477861553015,0.3077723185436096,0.7471283281750241,1.0,1.0,0.0,0.0,0.0
2.097815209100744,6.948328293065607,9.29471648582926,1.0,0.0,0.0,0.0,0.0
1.4810964315524082,2.447473947014285,2.615854981701482,0.0,0.0,0.0,0.0,0.0
5.849980251057396,0.79707639332483,2.018559053561668,1.0,1.0,0.0,1.0,0.0
23.18382144065612,0.2371704594040676,2.317852065540097,1.0,0.0,1.0,1.0,0.0
57.98081780757802,21.5759966239763,2.9503340842552834,1.0,0.0,0.0,1.0,0.0
6.019581505673092,98.619165687867,3.098638422082668,1.0,0.0,0.0,1.0,1.0
16.477954811172463,0.9786944348033936,1.8684546285657893,1.0,0.0,0.0,1.0,0.0
25.10357841405609,0.9720142279252106,2.8874214130173788,1.0,0.0,0.0,1.0,0.0
9.39763138949711,1.9813148629716808,2.8496999816768662,1.0,1.0,0.0,0.0,0.0
35.891390756738296,26.24158615681644,0.1194103718072163,1.0,0.0,0.0,1.0,0.0
5.494758159856421,1.056946722446047,2.638286957778162,1.0,0.0,0.0,1.0,0.0
7.853011406652766,0.2401243755369469,5.602113944032769,1.0,0.0,0.0,1.0,1.0
7.350179982919916,1.0549645908847476,3.774745700495936,1.0,0.0,0.0,1.0,0.0
37.18221031696743,0.722203705684517,2.1694323202408783,1.0,0.0,0.0,1.0,0.0
0.7872141166868782,1.1143858684283086,3.083933155235704,0.0,0.0,0.0,0.0,0.0
73.17735277628732,0.1000880212169174,1.514501698827777,1.0,0.0,0.0,0.0,0.0
4.155875387315291,0.1848587773566013,0.3232807377232767,1.0,0.0,1.0,1.0,0.0
13.896655894911635,0.8748504380984449,1.642821140596991,1.0,0.0,0.0,1.0,0.0
2.459902140150132,2.499296911593976,17.183076075827802,1.0,0.0,0.0,0.0,0.0
52.467119552329,0.9680147405138974,11.28239773992605,1.0,0.0,0.0,1.0,1.0
3.590187441439768,0.1836550240717693,1.7489606431727938,1.0,0.0,0.0,1.0,0.0
2.3832815432632843,0.9139789629440336,1.0294836211887024,1.0,1.0,1.0,1.0,0.0
4.364320709127468,19.953668380508987,1.864312178288063,1.0,0.0,0.0,0.0,0.0
13.49792903212007,0.0290932301008264,1.1029675051224088,1.0,1.0,0.0,1.0,0.0
74.61122008991153,9.50352664945054,0.6559601053578178,1.0,0.0,0.0,1.0,0.0
32.53906894866902,5.208150968746591,0.379344353097967,1.0,1.0,0.0,1.0,0.0
20.162942470871464,1.0378715558839844,0.490824797832245,1.0,1.0,0.0,1.0,0.0
86.38627980132257,1.666131965892942,0.581617284019749,1.0,0.0,0.0,1.0,0.0
9.099418936107952,2.246142572162659,1.1351453477175757,1.0,1.0,1.0,1.0,0.0
8.420104633500056,2.607986743830776,3.182483794878828,1.0,0.0,0.0,0.0,0.0
10.326639211989558,0.0977368069186106,0.5857295810797517,1.0,0.0,0.0,1.0,0.0
7.520097532967195,1.108713610442622,0.2956955383655194,1.0,0.0,0.0,1.0,0.0
1.7653384428689771,0.3503030329546431,0.1376861931355192,0.0,0.0,0.0,0.0,0.0
1.925460581469452,0.1642057779437568,5.483605822446843,1.0,0.0,0.0,0.0,0.0
8.427990858060296,3.391292168504839,1.267277054729794,1.0,1.0,0.0,0.0,0.0
3.5579476339752545,0.1319423929644249,0.4255426142411539,1.0,0.0,0.0,0.0,0.0
9.68882152247354,0.8850057581869659,0.1611105613716415,1.0,0.0,0.0,0.0,0.0
1.617498762665603,1.065410694920953,0.090884547531845,0.0,0.0,0.0,0.0,0.0
14.13931816493908,1.167794785166667,0.064873681101809,1.0,0.0,0.0,1.0,0.0
2.3805121609307984,0.3989068778094407,0.0659850534332227,1.0,0.0,0.0,0.0,0.0
43.23763542821418,0.6523625716938563,2.200519572962081,1.0,0.0,1.0,0.0,0.0
2.083071041007869,2.795524094143928,0.6562738243136066,1.0,0.0,0.0,1.0,0.0
44.446322116385865,2.4073907581116414,0.50569926552689,1.0,1.0,0.0,0.0,0.0
22.6834287521566,2.301346229572496,1.2211797613720865,1.0,1.0,0.0,1.0,0.0
1.4166480168111204,2.268064945123608,1.455563981339482,0.0,0.0,0.0,0.0,0.0
20.523042835265898,0.79956537859028,1.5089489143365693,1.0,1.0,0.0,1.0,0.0
1.9631546031620208,2.563472144192367,0.7877331286032123,1.0,0.0,0.0,1.0,0.0
42.27916825896936,3.5839050361708846,1.0330542272502334,1.0,0.0,0.0,1.0,0.0
4.64786104622366,2.610650732006905,1.3239328945002966,1.0,0.0,0.0,0.0,0.0
17.672619283872667,5.917477441151084,2.1647457465134963,1.0,0.0,0.0,1.0,0.0
3.874409237648802,16.82148503575882,0.6929458369917211,1.0,0.0,0.0,0.0,0.0
32.58733163809449,0.1832850822186876,5.148663479020815,1.0,1.0,0.0,0.0,0.0
47.443532564198094,0.0116738368034616,1.3322365072148958,1.0,1.0,1.0,0.0,0.0
0.4639767283752475,0.0640597122683992,2.7058724563110026,0.0,1.0,0.0,0.0,0.0
8.744631509489583,1.2947463820223677,1.84839829473204,1.0,0.0,0.0,1.0,0.0
3.49551242560818,39.72922424834599,0.7195186023327693,1.0,0.0,0.0,0.0,0.0
130.3583336177609,0.9652417085634444,1.504992232299023,1.0,0.0,0.0,0.0,0.0
145.06480996571665,4.829717040970626,0.4027658896512909,1.0,0.0,0.0,1.0,1.0
15.26252055542388,0.0539510268844942,2.366548900033955,1.0,1.0,0.0,1.0,0.0
15.573953620728588,0.9572439111047591,2.3753878422173287,1.0,1.0,0.0,1.0,0.0
26.272899250940995,4.090445313589905,0.2443112922519117,1.0,1.0,0.0,1.0,0.0
86.27681357795673,5.989900143753552,0.6984241472452367,1.0,0.0,0.0,1.0,0.0
1.745544178231948,0.6036054995691724,0.6710263829402495,0.0,1.0,0.0,1.0,0.0
118.43669660453726,3.8831765988208056,9.278521708682652,1.0,1.0,0.0,1.0,1.0
2.4766312622162765,0.0765563239750835,1.0026255971308158,1.0,0.0,1.0,1.0,0.0
1.4517201782594802,0.0412083505650345,0.8898208300222689,0.0,0.0,0.0,1.0,0.0
6.502564732042581,0.0387353481755968,0.4479384428117569,1.0,0.0,0.0,0.0,0.0
34.792929719662176,2.7456326160644573,0.8586603143372428,1.0,1.0,0.0,0.0,0.0
0.7443371469547687,4.570555192812039,0.1407840253762043,0.0,0.0,0.0,1.0,0.0
7.48157946899321,1.96081504383386,0.722595103433838,1.0,0.0,0.0,0.0,0.0
5.04487862918849,0.5926882241798028,0.4712881938342823,1.0,0.0,0.0,1.0,0.0
4.169025026490377,0.5514139237520365,1.162723686300561,1.0,0.0,0.0,0.0,0.0
762.8981239270885,0.0438133463326984,1.627424875820492,1.0,1.0,0.0,0.0,0.0
23.180771528068075,2.849129831197674,0.8490755557483484,1.0,1.0,0.0,1.0,0.0
1.6274078738295,1.0556647231192031,2.2022485912483263,0.0,1.0,0.0,1.0,0.0
33.59875222908311,4.810984356063382,1.1754515550259037,1.0,1.0,0.0,0.0,0.0
2.9266232646527133,0.1765316544760366,1.817083478112745,1.0,1.0,0.0,1.0,0.0
2.7629182061434165,0.8364525297585592,2.64537733044458,1.0,1.0,0.0,0.0,0.0
20.143798878148043,6.616002569095348,8.683837100419876,1.0,1.0,0.0,1.0,1.0
9.997914639564176,0.0877216758426231,2.057644741267417,1.0,0.0,0.0,1.0,0.0
40.56523867484304,0.2344983043635125,1.4352263890095012,1.0,1.0,0.0,1.0,0.0
0.7928963975166,0.7173165642365875,0.2838034253465658,0.0,1.0,0.0,0.0,0.0
234.253411269792,3.4486471876013853,0.2766818762213475,1.0,0.0,1.0,0.0,0.0
16.510304274959637,3.634311892972452,0.4745624309983834,1.0,0.0,0.0,0.0,0.0
3.3751860100669524,0.849381142648371,0.7978466229694944,1.0,1.0,0.0,0.0,0.0
5.951899189961297,14.045073749353527,0.3450398056348718,1.0,0.0,0.0,1.0,0.0
9.472471602672703,12.070755311203316,3.152481612654225,1.0,0.0,0.0,1.0,0.0
13.83760327993669,0.0845200860559878,6.336654673702903,1.0,0.0,0.0,1.0,1.0
175.99689413021324,6.2189078201625385,1.044638107306549,1.0,1.0,0.0,1.0,0.0
4.089536796894387,1.2750030660857394,3.818395740745886,1.0,0.0,0.0,1.0,0.0
3.901230825022313,0.9050915181180972,0.7500296336097638,1.0,0.0,0.0,1.0,0.0
15.260875918845157,16.35866879792291,6.230602612168085,1.0,1.0,0.0,1.0,1.0
3.6604028145584255,1.5805554441163427,1.3851909076278863,1.0,0.0,0.0,0.0,0.0
71.23377722153566,1.516174066732268,1.350178327681923,1.0,0.0,0.0,1.0,0.0
1.3790818769171027,2.012982152833698,0.8581849664679388,0.0,1.0,0.0,1.0,0.0
3.2613758708918548,2.997841575652526,2.198996235067924,1.0,0.0,0.0,1.0,0.0
19.494539744837223,0.129825088545511,0.0575557780428234,1.0,0.0,0.0,1.0,0.0
2.683365342956828,18.092860091083857,0.6171595735046133,1.0,1.0,0.0,1.0,0.0
11.146553750919011,8.652144747274534,0.3704911235965084,1.0,0.0,0.0,0.0,0.0
21.57673274322145,5.240821792457941,4.18765437066439,1.0,0.0,0.0,1.0,1.0
10.273964277772022,0.4216546454520277,0.8650760518917896,1.0,1.0,0.0,0.0,0.0
6.218266695776576,11.177787805312189,0.3539422410228853,1.0,1.0,0.0,1.0,0.0
11.590805015655487,12.4174787449516,0.3421562336419953,1.0,1.0,0.0,0.0,0.0
9.262394819100155,0.7217694311834523,0.8380653841322938,1.0,0.0,0.0,1.0,0.0
10.434765181868109,0.5602219736907974,1.8187142145381592,1.0,1.0,0.0,1.0,0.0
13.753827670971605,3.674502881218379,1.178283555413534,1.0,1.0,0.0,0.0,0.0
10.72848663385532,13.379820495122912,1.492968691564747,1.0,0.0,0.0,1.0,0.0
7.018448447182458,0.2128490920519763,1.8764314713834989,1.0,1.0,0.0,1.0,0.0
3.749902320450575,9.78118211938856,7.128185272685202,1.0,1.0,0.0,1.0,1.0
92.12902126364902,0.0561615537573736,0.6449554489517481,1.0,1.0,0.0,1.0,0.0
3.360481913650752,0.8928930674663978,0.0350461851358022,1.0,1.0,0.0,1.0,0.0
36.6101606973525,0.867312741897385,1.6074272602925992,1.0,0.0,0.0,1.0,0.0
15.374253392501076,0.3125610890812793,0.5245727057183405,1.0,0.0,0.0,0.0,0.0
2.8493688632022014,2.786564003833141,7.609651027657556,1.0,0.0,0.0,1.0,1.0
40.84777683344832,6.74245589417685,0.974920760499738,1.0,0.0,0.0,0.0,0.0
1.3828431080859789,1.3558181484312208,0.2048333067598103,0.0,0.0,0.0,1.0,0.0
14.5808144083779,0.4557856227683924,0.1030762298391918,1.0,0.0,0.0,1.0,0.0
10.48212800399716,0.8594939412692555,2.7286273580336755,1.0,0.0,1.0,1.0,0.0
550.4033516521787,0.2031807571693138,1.9040622860765064,1.0,0.0,0.0,0.0,0.0
287.282718741382,1.652703443579044,1.2455445677206978,1.0,0.0,0.0,1.0,1.0
1.4925333035373352,0.5835029753410624,1.44165828163395,0.0,1.0,1.0,1.0,0.0
21.77618941093502,5.541062075664768,0.6082772047127805,1.0,0.0,0.0,1.0,0.0
2.617757484901868,0.8251076565115966,0.4606558941582436,1.0,1.0,1.0,1.0,0.0
13.365113660777356,0.2474952157917035,8.759999310972102,1.0,1.0,0.0,1.0,1.0
9.47152828610836,0.2660471226465178,1.361317252085879,1.0,0.0,0.0,1.0,0.0
20.117750022903294,0.014738007989861,2.605726074807069,1.0,1.0,0.0,0.0,0.0
5.2938275629054194,18.18760737714846,2.7422522842420403,1.0,0.0,0.0,0.0,0.0
10.822334514329926,6.565460371086316,0.8640757157349498,1.0,1.0,0.0,0.0,0.0
7.039727445651375,1.2745898481944442,2.1415891167492505,1.0,0.0,0.0,0.0,0.0
11.56272563154953,1.242251646606331,1.1708968554557206,1.0,1.0,0.0,0.0,0.0
1.6964328404862783,1.4291952036158744,5.502569894341504,0.0,1.0,1.0,1.0,0.0
2.063846007674433,0.0255187229715491,6.579357785007549,1.0,0.0,0.0,1.0,1.0
51.048198783777664,28.552371764411987,3.2788089518641472,1.0,1.0,0.0,1.0,0.0
3.0683467740851693,2.7816748939618763,1.234266907269033,1.0,0.0,1.0,1.0,0.0
0.7700516826728114,6.433055359467732,1.922255043262896,0.0,0.0,0.0,1.0,0.0
3.903988701942364,3.998853740936586,4.58941310128243,1.0,1.0,0.0,1.0,1.0
18.6583476463048,0.4797209118221874,0.0933926273548812,1.0,1.0,0.0,0.0,0.0
65.18383132773802,0.2794962191837112,2.1046791643676865,1.0,0.0,0.0,0.0,0.0
31.39689554926758,39.34897659619817,0.1480601496161807,1.0,0.0,1.0,1.0,0.0
1.8402112198850964,2.0934212328556394,0.7210610528217168,0.0,0.0,0.0,1.0,0.0
14.059272241857494,7.4164143351625,0.314204106587805,1.0,0.0,0.0,1.0,0.0
4.1603761353045305,4.567031647244961,2.2015222784183663,1.0,1.0,0.0,1.0,0.0
3.731573713300157,6.012863760479584,3.157942554802939,1.0,0.0,0.0,1.0,0.0
1.620963357221638,32.42228828680008,0.2365181864823576,0.0,0.0,0.0,1.0,0.0
2.97968263161837,1.8557295092805104,0.4475395601815144,1.0,0.0,0.0,1.0,0.0
4.113109301516174,2.225537520643106,3.0784372232026644,1.0,0.0,0.0,1.0,0.0
48.19847813265375,2.6603162505949705,16.081491633674027,1.0,0.0,0.0,0.0,0.0
28.190783544062363,0.1366068627577331,1.10285649220918,1.0,0.0,0.0,0.0,0.0
1.0742269846545427,0.27773405169318,0.5370213627317758,0.0,0.0,0.0,1.0,0.0
23.97714708441198,0.103436327900157,2.3020291802648587,1.0,0.0,0.0,1.0,0.0
21.483132727162968,2.9239190136646176,5.571711567201034,1.0,0.0,0.0,1.0,1.0
3.382400000049129,0.076591600120149,2.825968946427309,1.0,1.0,0.0,1.0,0.0
0.4544228940872528,4.764360270578604,0.1598156094202287,0.0,0.0,0.0,0.0,0.0
198.17413836038872,8.28206366284063,1.1468056997730238,1.0,1.0,0.0,1.0,0.0
1.5224852819316868,0.0372146029385025,2.2359831123154006,0.0,0.0,1.0,1.0,0.0
0.5699775414610326,3.0712352420782616,0.6119610303961058,0.0,0.0,0.0,1.0,0.0
6.306082650008231,0.5202074459828231,0.5666019579798982,1.0,1.0,0.0,1.0,0.0
11.573489798090126,1.6638719695644182,1.016582350185348,1.0,1.0,0.0,0.0,0.0
28.632856162117857,0.3023607057926259,0.9080819708357636,1.0,0.0,0.0,0.0,0.0
2.32925858297428,0.3465258157784042,1.7032544569825334,1.0,1.0,0.0,1.0,0.0
3.031665499112268,0.6071644304518244,1.792071531289473,1.0,0.0,0.0,1.0,0.0
178.9287953041102,3.0504716779116148,1.2604319014774412,1.0,0.0,0.0,1.0,1.0
1.3660495593883009,0.3277394725623635,3.606872565525561,0.0,1.0,0.0,0.0,0.0
4.93790599164259,0.1697013960413952,1.222288882369568,1.0,1.0,1.0,1.0,0.0
2.8881108032721103,1.226334537686198,3.268421802842071,1.0,0.0,0.0,1.0,0.0
91.11004237477424,0.2325797846664251,3.064082012104,1.0,0.0,0.0,1.0,0.0
0.668516057891863,2.073114431929993,1.479320712526918,0.0,1.0,0.0,0.0,0.0
5.875354855762558,0.3982877344311967,0.1431672310923461,1.0,0.0,0.0,1.0,0.0
7.375476999519051,5.1203343251960485,0.7128723405383368,1.0,0.0,0.0,1.0,0.0
8.240402603529596,0.0235439256789821,0.0870120535056652,1.0,0.0,0.0,1.0,0.0
0.2636348027914588,1.0701235611078843,2.721248828429477,0.0,0.0,0.0,1.0,0.0
10.35828286545894,3.301211932266101,6.44787677616123,1.0,0.0,0.0,1.0,1.0
233.05322246480523,53.04269247568279,2.171601099572522,1.0,1.0,0.0,1.0,1.0
11.226566481720129,0.2017859751645249,3.3045912375236544,1.0,0.0,0.0,1.0,0.0
9.109875542648682,1.0727708387751742,43.42933102238391,1.0,0.0,0.0,1.0,1.0
9.208667080091953,0.8899960486791887,0.8145696159112849,1.0,0.0,0.0,1.0,0.0
4.570904094672773,0.5890917181639437,4.633754159770192,1.0,0.0,0.0,1.0,1.0
11.462835963078884,0.8115880086731913,1.0722664938121484,1.0,0.0,1.0,0.0,0.0
2.2232972037033387,13.187350851515822,0.3988748109910983,1.0,0.0,0.0,0.0,0.0
4.412420269819672,0.420358290559898,0.9142369472002028,1.0,1.0,0.0,1.0,0.0
8.741235332658292,1.753874850457904,4.502748585977516,1.0,0.0,0.0,1.0,1.0
5.800367229514524,2.998574383391855,0.8755554193958259,1.0,0.0,0.0,0.0,0.0
96.26010878738413,0.0228283707297904,0.9694815099026014,1.0,0.0,0.0,1.0,0.0
14.79961477064067,1.647653764880301,0.4161561675145871,1.0,0.0,0.0,0.0,0.0
21.88183714415258,0.3946094192676526,1.0218882182113131,1.0,1.0,0.0,0.0,0.0
0.6707857234323263,1.7590634838539765,0.9197466674252806,0.0,0.0,0.0,0.0,0.0
3.0130870395052223,5.435842250204864,0.5452587642593928,1.0,1.0,1.0,1.0,0.0
0.9544985010106956,2.3454329074722864,0.4301780771342508,0.0,1.0,0.0,1.0,0.0
41.93183056967306,0.0735253006181793,5.108048695799118,1.0,0.0,0.0,0.0,0.0
20.67259239805644,1.1435016806750178,0.1362067435034514,1.0,1.0,0.0,1.0,0.0
5.390259269687266,2.640064682528481,1.2366825473273548,1.0,1.0,0.0,1.0,0.0
65.36684386562985,1.0780648749420725,0.1647316497941042,1.0,0.0,0.0,1.0,0.0
0.5419250201692486,82.29617618580804,1.2893128967504954,0.0,1.0,0.0,0.0,0.0
11.862449068420412,0.0310741449345819,4.672976211013681,1.0,0.0,0.0,0.0,0.0
16.312250624759244,0.5323294933494744,0.6631744751610746,1.0,0.0,0.0,0.0,0.0
987.9316881095856,0.6319945088589789,1.6881623377564403,1.0,1.0,1.0,1.0,0.0
32.99127574250139,0.8427252979267227,0.2463281335055776,1.0,0.0,0.0,1.0,0.0
6.029097753159996,4.79559128791947,0.5066860694476065,1.0,0.0,1.0,1.0,0.0
15.09518614552655,11.842141446878598,0.5365697308303394,1.0,1.0,0.0,0.0,0.0
3.995296424892124,0.2777524892995175,0.4314767338498158,1.0,1.0,0.0,1.0,0.0
15.201997976407892,4.280801698177361,1.974748638225756,1.0,1.0,0.0,1.0,0.0
61.41500650892709,0.0469602860100858,0.312295604610085,1.0,0.0,0.0,0.0,0.0
1.6578954003752655,8.722469305934627,0.7568638556798428,0.0,0.0,0.0,0.0,0.0
1.595916322399829,0.375635078450783,3.120268409146516,0.0,0.0,0.0,0.0,0.0
36.33553222578988,0.1498090371205523,1.161694397485642,1.0,1.0,0.0,0.0,0.0
7.213021670219549,5.992181862071437,0.3277772136824382,1.0,0.0,0.0,0.0,0.0
56.95627746023363,79.08196225598985,0.1166084988289757,1.0,1.0,0.0,1.0,0.0
22.67395217284708,0.0834414133685405,1.4090427513711783,1.0,0.0,0.0,1.0,0.0
11.24306378845806,3.973749851740191,0.7269488587811251,1.0,1.0,0.0,0.0,0.0
41.537816407111706,0.8553412951976873,0.2182395218551946,1.0,1.0,1.0,0.0,0.0
3.656449638651293,1.1230042558700408,0.2003615944320596,1.0,1.0,0.0,1.0,0.0
17.689725716095104,0.5578267876145911,1.3167971319296368,1.0,0.0,0.0,1.0,0.0
12.454550991158778,1.7929672334400366,2.910362450192885,1.0,0.0,1.0,1.0,0.0
2.0943656515112457,25.77417891249201,2.851490832892832,1.0,1.0,0.0,1.0,0.0
16.328145636000023,3.938755708684469,0.4800335507768966,1.0,1.0,1.0,1.0,0.0
10.661830532602163,70.5767490788648,13.212496488856656,1.0,0.0,0.0,1.0,1.0
70.46680590631634,1.1050612559528603,1.1307862341018045,1.0,0.0,1.0,0.0,0.0
3.5593253171890846,0.1281042131784483,3.784810982360205,1.0,1.0,0.0,1.0,0.0
10.719239613629668,0.0401948013504745,2.960531831386673,1.0,0.0,0.0,1.0,0.0
2.7158431823881126,7.803382612276882,0.3516950883618599,1.0,1.0,0.0,1.0,0.0
6.392426741019618,1.488419855249378,3.421298523497621,1.0,0.0,0.0,1.0,0.0
1.7617580918250388,0.0398730991558931,0.0954079900542019,0.0,0.0,0.0,1.0,0.0
10.31393496654329,0.6564735268649153,0.2940169083107498,1.0,0.0,0.0,1.0,0.0
29.509727281907196,11.340291745631072,0.5401986592177939,1.0,0.0,0.0,1.0,0.0
21.383747949093,4.069109519154343,1.917973438144484,1.0,0.0,0.0,1.0,0.0
23.91722709094643,2.8630098964927937,0.4766694586588993,1.0,0.0,0.0,1.0,0.0
10.153363462941014,10.611279096468085,0.4936995058025288,1.0,0.0,0.0,1.0,0.0
21.73600679992785,0.5365861743583509,0.4083168497260361,1.0,0.0,0.0,0.0,0.0
2.275494813160884,8.398477979147135,0.8383436620564553,1.0,1.0,0.0,1.0,0.0
33.71778088168073,20.676714667265028,5.700288931903849,1.0,0.0,0.0,1.0,1.0
5.017968612140754,0.2709268674538303,1.066289718325368,1.0,0.0,1.0,0.0,0.0
32.47849862671814,0.3089558797148365,1.7497278925280149,1.0,0.0,0.0,1.0,0.0
67.0054607535217,15.271122429014415,0.547813480507697,1.0,0.0,0.0,0.0,0.0
28.06007589244395,0.1268905953208622,0.6344336698957762,1.0,1.0,0.0,1.0,0.0
26.9357247851064,61.09184880645273,0.4313563333229016,1.0,1.0,0.0,0.0,0.0
53.42282365471146,1.7412178869742685,0.267555038417002,1.0,1.0,0.0,1.0,0.0
813.7986113452102,0.0842111751369236,0.622952187222568,1.0,1.0,0.0,1.0,0.0
278.50376438042105,0.9283087623163494,0.8428675604829291,1.0,1.0,0.0,1.0,0.0
29.550680794899154,0.3263147903110555,2.974431927075814,1.0,1.0,0.0,1.0,0.0
4.680124092451505,9.602324714677277,0.6861291473215952,1.0,0.0,0.0,0.0,0.0
9.95290934645333,4.456425265551698,0.725465955237637,1.0,0.0,0.0,1.0,0.0
13.885856680394587,1.570531388040404,3.119914558895465,1.0,0.0,0.0,0.0,0.0
0.4809376644334464,1.1253126050284872,2.3626982543907418,0.0,1.0,0.0,1.0,0.0
32.53286259271549,67.35176551866932,7.01662937288282,1.0,0.0,0.0,1.0,1.0
5.817087771239278,0.2704706048387047,1.037490324563085,1.0,0.0,1.0,1.0,0.0
3.108144236698348,0.1562475135926967,0.2453558189023554,1.0,0.0,0.0,1.0,0.0
7.347058285145648,4.747938453937182,0.3658126335766589,1.0,0.0,0.0,1.0,0.0
1.6396182547754858,0.9022498796226864,3.434119847845837,0.0,0.0,0.0,1.0,0.0
136.5176887441872,14.447191608385388,1.1927346571829132,1.0,0.0,0.0,0.0,0.0
2.447176619545699,5.785168190006336,1.96365500643778,1.0,1.0,0.0,1.0,0.0
7.071241579705136,8.102812516679714,2.5497653204059394,1.0,0.0,0.0,1.0,0.0
0.922503585946542,5.06967202836104,0.3043313086567169,0.0,1.0,0.0,0.0,0.0
5.683455363721755,10.18507768188813,0.8643181442136869,1.0,0.0,0.0,1.0,0.0
75.87125474225337,2.1902936360950043,8.208550771478645,1.0,0.0,0.0,1.0,1.0
5.5666904703081785,0.3892343527030185,1.7680588254558227,1.0,0.0,0.0,0.0,0.0
21.717568701221623,5.2314132147333545,1.393623864219566,1.0,0.0,0.0,1.0,0.0
3.64753233906072,0.1153541883801717,2.2542293165090683,1.0,0.0,0.0,0.0,0.0
101.70620652312112,0.821292097420494,0.89689399906256,1.0,0.0,0.0,0.0,0.0
1.7392410895647077,40.18792663034389,2.5450685710735743,0.0,1.0,0.0,1.0,0.0
9.465322244818742,0.4054528972460752,0.3311647673924314,1.0,0.0,0.0,1.0,0.0
34.01544335843094,0.833185846954124,0.6566024982952402,1.0,0.0,0.0,0.0,0.0
122.853507158281,45.20332116076016,0.5889553703561221,1.0,0.0,0.0,1.0,1.0
10.548294984334804,1.06438099729587,0.4805346940949906,1.0,0.0,0.0,0.0,0.0
136.95166303929548,0.2856515236215217,0.6666438918562748,1.0,0.0,0.0,1.0,1.0
14.44162601148016,0.4198068030728153,0.1943116029618279,1.0,0.0,0.0,1.0,0.0
20.253124188874047,0.1087603524370165,3.0830789429111003,1.0,0.0,0.0,0.0,0.0
11.42981097660261,1.7207029687541489,0.8273322684302423,1.0,1.0,0.0,0.0,0.0
108.80518908665012,31.64487072921899,0.7632307962474708,1.0,0.0,0.0,1.0,1.0
10.660099168332144,2.8704186671015166,0.8168147594650975,1.0,1.0,0.0,1.0,0.0
34.57987548685256,0.2103350264798477,0.9655813646273782,1.0,1.0,0.0,0.0,0.0
11.576044988590269,0.4283042377868406,24.59436724815537,1.0,0.0,0.0,0.0,0.0
54.0824897966769,6.537379296797155,0.444419940452282,1.0,0.0,0.0,1.0,0.0
3.937905561259539,0.0203385936457029,0.772814878374667,1.0,1.0,0.0,0.0,0.0
21.348400756631,0.7477506465881877,3.163191664607855,1.0,1.0,0.0,1.0,0.0
7.411419053233486,0.301580571471447,3.661281134216384,1.0,1.0,0.0,1.0,0.0
5.211568113969031,1.8269240587722115,0.9870311439293896,1.0,0.0,0.0,0.0,0.0
33.9476848704648,1.4335329770653238,0.9398065519602908,1.0,1.0,0.0,1.0,0.0
72.46989513505851,1.004423925921647,0.7524942176817744,1.0,0.0,0.0,0.0,0.0
105.02592370502452,1.196257705837913,3.961402839708559,1.0,0.0,1.0,1.0,0.0
32.216973599204195,0.4837435193329878,0.2126201388507833,1.0,0.0,0.0,1.0,0.0
2.6679779926546106,30.84501257097678,0.2601911966432925,1.0,0.0,0.0,0.0,0.0
6.412350313463849,1.7219243543610112,0.7470830051786779,1.0,0.0,0.0,1.0,0.0
4.650436493993786,0.9888908043061826,0.2709416595269845,1.0,1.0,0.0,0.0,0.0
25.477537640262096,2.216590193863049,0.5416609877532932,1.0,0.0,0.0,1.0,0.0
1.6869335764253854,0.2626289246050686,0.1576479627676502,0.0,0.0,0.0,1.0,0.0
63.00508528321502,0.4995452040571622,0.9714349841981744,1.0,1.0,0.0,0.0,0.0
5.964443113891417,0.2682045586921685,2.2292728943557347,1.0,0.0,0.0,1.0,0.0
3.951450950895783,2.801439878889905,0.9137571695364648,1.0,1.0,0.0,0.0,0.0
12.842913951410033,0.2325896580931423,12.714741006495943,1.0,0.0,1.0,0.0,0.0
28.186254919265856,2.92106933834156,2.1833620035735706,1.0,0.0,0.0,1.0,0.0
49.26955299545266,0.7817252785811348,0.1207343656485675,1.0,0.0,0.0,1.0,0.0
9.248715955141437,18.61840469148921,0.7502569090452451,1.0,0.0,0.0,0.0,0.0
5.877441471979288,6.116967670158406,6.259620891891461,1.0,1.0,0.0,1.0,1.0
33.38100241167944,0.6059053600238862,0.5708343645856463,1.0,0.0,0.0,0.0,0.0
12.585949891877936,2.376423777531147,1.225542112692264,1.0,0.0,0.0,1.0,0.0
8.974440416600508,0.5139545538067725,0.5754065681768014,1.0,1.0,0.0,0.0,0.0
7.797284132964547,0.8390719860869842,5.325889642068321,1.0,1.0,0.0,1.0,1.0
12.027400669691556,0.2559155891261231,3.837899068226456,1.0,0.0,0.0,0.0,0.0
6.050855400873664,9.774809887020895,1.2288115007091476,1.0,1.0,0.0,1.0,0.0
16.606439770066878,0.1713098275266585,0.0861657816036068,1.0,0.0,0.0,0.0,0.0
17.480664633345693,3.976681344020277,0.3833899982476049,1.0,0.0,0.0,1.0,0.0
7.294430863738213,6.567747806297269,0.8729235644988093,1.0,0.0,0.0,0.0,0.0
9.9276733575679,0.6185851631492086,1.808760506098292,1.0,0.0,0.0,1.0,0.0
44.38341578134282,0.7200689406402598,1.368480364872562,1.0,0.0,0.0,1.0,0.0
19.96604474070496,0.1704581717744514,1.1046834913887766,1.0,0.0,0.0,1.0,0.0
6.894496140066452,1.4367856424090095,0.9897364716306724,1.0,0.0,0.0,1.0,0.0
20.642506213364943,3.854538575540542,0.444561850480861,1.0,0.0,0.0,1.0,0.0
22.50943142681492,2.043299471691284,2.733452828646342,1.0,0.0,0.0,1.0,0.0
54.39513898910666,9.356439917182774,0.6742580803622117,1.0,1.0,0.0,1.0,0.0
60.54823581909281,0.5511491693801126,0.3141666204269568,1.0,0.0,1.0,1.0,0.0
43.2453258393975,14.44352427461265,0.8608701543740622,1.0,0.0,1.0,1.0,0.0
6.743054363643432,0.1487012617314504,1.2974602500638657,1.0,1.0,0.0,1.0,0.0
28.096228914786668,0.0847171280627685,0.1748091625611079,1.0,1.0,0.0,1.0,0.0
18.975627346708727,0.2561366313334476,0.3561462151363915,1.0,0.0,0.0,1.0,0.0
5.481058846010973,17.01316657250295,0.0629754194914333,1.0,1.0,0.0,0.0,0.0
28.145802099852656,1.722679067639141,1.4346750294308714,1.0,1.0,0.0,1.0,0.0
2.6124554781921803,0.4681427553508835,1.7197028450980116,1.0,1.0,0.0,1.0,0.0
10.9543370258194,0.8187512655688377,5.1255343912058535,1.0,1.0,0.0,0.0,0.0
1.094798930753378,1.9864106519762947,0.3189887468119673,0.0,1.0,0.0,0.0,0.0
31.36866706283368,7.171670611651263,2.535562972252673,1.0,0.0,0.0,1.0,0.0
39.56207240208352,1.3853038786098122,1.06784350877384,1.0,1.0,0.0,1.0,0.0
13.20843336411065,0.1595243203074516,0.4374292853491066,1.0,0.0,0.0,1.0,0.0
26.69922489306261,18.60405682622497,0.3094289183741815,1.0,0.0,0.0,1.0,0.0
3.408849757068252,5.144569767558556,0.5619573534667451,1.0,0.0,1.0,1.0,0.0
3.0361857943162818,0.1090027383119484,1.1254270334763954,1.0,0.0,0.0,1.0,0.0
8.002983838254925,21.859261006904458,0.5600448673564108,1.0,1.0,0.0,1.0,0.0
2.290145485507943,1.55120065607267,0.5195035793631241,1.0,1.0,0.0,1.0,0.0
56.07630353580935,20.7613081158697,0.5189345848593211,1.0,1.0,0.0,0.0,0.0
51.225727293113614,0.3770256410742531,8.293302827284037,1.0,0.0,0.0,1.0,1.0
5.601554843413233,18.46861270622325,0.7922518350502871,1.0,1.0,0.0,1.0,0.0
1.334855689418195,0.2711124948355169,0.3963238745194576,0.0,1.0,0.0,0.0,0.0
9.321388096834667,0.4938170522643387,1.2822423576206106,1.0,0.0,0.0,1.0,0.0
13.919369621017523,0.1018573088747862,2.413055833148499,1.0,0.0,0.0,1.0,0.0
29.20165548121121,2.1123227747205413,1.6315174589095958,1.0,0.0,0.0,1.0,0.0
4.2376351263444105,20.302470225999283,1.015930195187604,1.0,1.0,0.0,1.0,0.0
2.566945321204396,1.1301078590277849,1.5103455018678749,1.0,0.0,1.0,1.0,0.0
5.19717197757712,0.2892099084359599,16.14942117335002,1.0,1.0,0.0,0.0,0.0
4.444167198204212,4.7977252554472285,0.2146364457784383,1.0,0.0,0.0,0.0,0.0
53.77605447762556,0.0229087143658235,0.3714969003974257,1.0,0.0,0.0,1.0,0.0
24.13635563527617,58.50000099346384,3.4527434501450127,1.0,1.0,0.0,1.0,0.0
27.12202131907691,0.1711874970750603,2.954042168847919,1.0,0.0,0.0,0.0,0.0
0.7316671231637121,1.760258826508184,0.8015276726535728,0.0,1.0,1.0,1.0,0.0
10.739582324126586,46.80606176916905,0.6214910973887046,1.0,0.0,0.0,1.0,0.0
6.686373879251579,0.0850403554009636,1.8347570108587228,1.0,0.0,0.0,1.0,0.0
7.429768174917545,3.089620340287233,2.5411411320248005,1.0,0.0,0.0,1.0,0.0
0.7190564076145636,4.018364645226619,0.961094632933688,0.0,0.0,0.0,0.0,0.0
9.969341765895074,0.1307342190869211,3.7617829601334094,1.0,0.0,0.0,1.0,0.0
3.0244381797287283,0.2998453592691472,0.0959405042270616,1.0,0.0,1.0,0.0,0.0
6.486028180656181,0.031148781182189,1.1696917498793038,1.0,0.0,1.0,0.0,0.0
0.7668036888991001,0.6070946866727543,0.8332645898765328,0.0,0.0,0.0,1.0,0.0
2.8510901391928067,0.2207920707462489,0.5624200114766458,1.0,1.0,0.0,0.0,0.0
5.379473060552305,0.2975544679973105,8.385992693184654,1.0,0.0,0.0,1.0,1.0
1.0583586620910386,0.0152382208818372,1.051847636088194,0.0,0.0,0.0,0.0,0.0
17.318776501545727,0.1617733079864535,4.43412481074617,1.0,0.0,0.0,1.0,1.0
6.918799096060725,19.625967277638317,1.739887045187205,1.0,1.0,0.0,1.0,0.0
1.0415332905450032,0.3961677926972418,2.48530592659087,0.0,0.0,0.0,1.0,0.0
0.9555244994765544,47.8232948141384,3.509619954043327,0.0,0.0,0.0,0.0,0.0
1.4675135517352418,0.1981296842168497,0.2282224194997605,0.0,0.0,0.0,0.0,0.0
39.2772639529495,0.0861500475711356,0.6017767000779207,1.0,0.0,0.0,0.0,0.0
5.342452125139729,2.9872949477440605,2.143287220724174,1.0,0.0,0.0,0.0,0.0
4.058372407489954,16.509398494554226,1.1126196316354122,1.0,0.0,0.0,1.0,0.0
5.688690297188284,3.188797354868788,4.125046946758996,1.0,1.0,0.0,0.0,0.0
17.893422099130074,9.687288427275236,1.9691575068690672,1.0,1.0,0.0,0.0,0.0
25.70703180525293,1.2088202936860883,1.4597934919966211,1.0,0.0,0.0,0.0,0.0
28.19926023866662,0.3272435971093929,4.614424428750295,1.0,1.0,0.0,1.0,1.0
4.390105950838198,0.1059600235281308,3.326354188948905,1.0,0.0,0.0,1.0,0.0
3.784611631222528,4.862176834164001,2.034078085533871,1.0,0.0,0.0,1.0,0.0
55.24113218786546,43.77345211543318,8.870174348062866,1.0,0.0,0.0,1.0,1.0
7.209458949796598,0.4233426242374016,1.5772749407271665,1.0,0.0,0.0,1.0,0.0
1.333797237252967,0.1498133439063086,2.4099126570837783,0.0,0.0,0.0,0.0,0.0
0.7815102095633261,0.0083895770736948,1.373593671305761,0.0,1.0,0.0,1.0,0.0
3.0790730606193,0.5261251698260201,0.5029637383079434,1.0,0.0,0.0,0.0,0.0
15.37968883445408,0.5476072978805856,1.516678665744836,1.0,1.0,0.0,0.0,0.0
36.07972698108858,15.852484509930605,6.138502116394113,1.0,1.0,0.0,1.0,1.0
34.13619215434763,0.1618405129823599,1.1314269978258762,1.0,0.0,0.0,0.0,0.0
12.347938158313752,0.0649510253205604,2.1116348629523665,1.0,0.0,0.0,0.0,0.0
6.971244463401496,1.820885709592826,0.4051754151206942,1.0,0.0,0.0,1.0,0.0
2.425345280460444,6.2622287062506485,1.9169044093880088,1.0,1.0,1.0,1.0,0.0
28.349184735905546,1.581553421627852,1.1921753889819058,1.0,0.0,1.0,1.0,0.0
0.8384435559345567,97.87334884340756,0.3868054980505715,0.0,0.0,0.0,0.0,0.0
1.5400956311956564,7.021836566126339,2.110122291853457,0.0,1.0,0.0,1.0,0.0
22.724824810115948,1.5333933080730724,0.4482670700638014,1.0,0.0,0.0,1.0,0.0
6.241813066610955,15.940558650678286,0.6664269270280024,1.0,0.0,0.0,1.0,0.0
6.398755080592564,1.9757523828957848,1.8625429796588453,1.0,0.0,0.0,0.0,0.0
23.96256384676576,6.060392425711427,1.712413610295184,1.0,0.0,0.0,0.0,0.0
20.172133735347213,3.623860628817088,2.3410906950537957,1.0,0.0,0.0,1.0,0.0
7.981484076773518,0.1054882298455425,2.4830341869384744,1.0,0.0,0.0,0.0,0.0
3.634931184603168,0.086541676882714,0.1913651795462027,1.0,0.0,0.0,1.0,0.0
11.077169718766555,0.0850367567422563,10.726768157266603,1.0,1.0,0.0,0.0,0.0
19.125991690193423,0.6164146656777513,0.4509143912126597,1.0,0.0,0.0,1.0,0.0
12.010705282783208,0.5016741690061116,0.3137424615953804,1.0,1.0,0.0,0.0,0.0
5.927977329291209,0.0644948013808691,0.941905015357036,1.0,1.0,0.0,1.0,0.0
2.3994198060889915,1.8162311144110503,1.1329503372917316,1.0,0.0,0.0,1.0,0.0
20.633279759743115,17.474086545981752,0.7597131422073201,1.0,0.0,0.0,0.0,0.0
12.217471391693111,5.658736694347764,0.8753138295642856,1.0,0.0,0.0,1.0,0.0
109.81539161785528,1.372365007439735,0.1857253556460626,1.0,0.0,0.0,1.0,1.0
10.090283694289312,2.1799841436092238,1.5261454029607806,1.0,1.0,0.0,1.0,0.0
2.3045861688204643,0.9403469893480644,1.4869324567268596,1.0,1.0,0.0,1.0,0.0
32.030250019495945,18.21152720658279,0.9068999304118952,1.0,0.0,0.0,1.0,0.0
3.126827761107604,13.449942833066183,0.1415609704748046,1.0,1.0,0.0,0.0,0.0
7.712777629702755,16.42446190046586,0.8103510330452554,1.0,0.0,0.0,1.0,0.0
32.39097619391507,0.1117103884771323,0.2126903297259723,1.0,0.0,0.0,1.0,0.0
8.207853119440168,2.4057484972225667,0.9411655078763356,1.0,0.0,0.0,0.0,0.0
2.4613457825180727,11.419132397457442,0.222712251034979,1.0,0.0,0.0,1.0,0.0
4.196510323382196,0.2221856079029583,8.478245951974783,1.0,0.0,0.0,0.0,0.0
34.30944967822956,3.677871684940155,1.4348077698449455,1.0,1.0,0.0,0.0,0.0
11.597090377284152,0.3761746498710037,1.1103104445302738,1.0,0.0,0.0,1.0,0.0
4.834741535576297,40.010029296705504,2.69710893943991,1.0,1.0,0.0,1.0,0.0
54.20763501731812,25.12820378742012,0.4321483748308037,1.0,0.0,0.0,1.0,0.0
9.027515739622022,0.5703340738022215,1.3968727090126485,1.0,1.0,0.0,1.0,0.0
3.246637106251435,0.1006443052925759,0.7646460550752956,1.0,0.0,1.0,1.0,0.0
5.924283533931064,1.527067057600579,0.289742963472594,1.0,1.0,0.0,1.0,0.0
7.876941988281401,1.9056520354236923,0.2792553405471354,1.0,0.0,0.0,1.0,0.0
33.52291265547647,3.6504500176979753,1.0881420771051358,1.0,0.0,0.0,1.0,0.0
0.6426236889708667,0.3918795732124022,1.3870430831087248,0.0,1.0,0.0,1.0,0.0
30.265910548691632,0.4479737571037757,0.7393416031423373,1.0,1.0,0.0,0.0,0.0
3.8866699738376487,9.06175531250266,0.4147356145141626,1.0,0.0,0.0,0.0,0.0
75.41307720476227,13.40270647472106,0.8473759891719819,1.0,0.0,0.0,1.0,0.0
0.3465497983171993,11.844175028522264,1.951144694627162,0.0,0.0,0.0,1.0,0.0
13.159682338615587,0.3156111248603939,0.490824307364722,1.0,0.0,0.0,1.0,0.0
36.62616694352234,1.7503821725757849,1.915590609231392,1.0,0.0,0.0,1.0,0.0
9.223846459744712,3.856648769934764,1.3185396557429945,1.0,0.0,0.0,1.0,0.0
23.88487259078785,2.827125206051732,1.424747780097065,1.0,0.0,0.0,1.0,0.0
12.846515736268646,0.20821005907497,2.087379598617719,1.0,0.0,0.0,0.0,0.0
8.027413621471315,0.4829198013411894,0.5970266067625887,1.0,1.0,0.0,1.0,0.0
41.36349115316337,0.5164740985749052,1.347634845564947,1.0,0.0,1.0,1.0,0.0
2.9973842886595565,0.1807456739546088,1.966444997880228,1.0,0.0,0.0,1.0,0.0
161.85813373344035,1.2976962893416422,0.4935611559405298,1.0,1.0,0.0,0.0,0.0
3.1048215732566327,1.4219787694070094,0.3641753813320338,1.0,0.0,0.0,1.0,0.0
8.738530442642578,1.9033511258482485,0.6739816417469778,1.0,1.0,0.0,0.0,0.0
20.005335916121307,6.028088165747273,11.201149645007543,1.0,1.0,0.0,0.0,0.0
187.9539492393714,8.128142562127648,0.5947209734800317,1.0,1.0,1.0,0.0,0.0
4.604513528508981,3.1128173650801685,3.2761233713178157,1.0,0.0,0.0,0.0,0.0
20.97549211074374,22.87082606910817,0.3769107254138975,1.0,0.0,0.0,0.0,0.0
8.434332142429819,0.7490591266391224,1.2026442226403031,1.0,1.0,0.0,0.0,0.0
7.626437646198055,0.0657198278649188,0.4660368578732172,1.0,0.0,0.0,0.0,0.0
2.117971752215446,0.1166861504656113,0.5068714698488238,1.0,0.0,0.0,0.0,0.0
64.32898124244001,32.61811317513972,1.951130076887556,1.0,1.0,0.0,1.0,0.0
5.518542297294629,0.5740812346637018,2.538881854853878,1.0,0.0,0.0,1.0,0.0
3.678472621734136,0.4008131424359004,0.3219390659034834,1.0,1.0,1.0,0.0,0.0
13.23008555968503,0.5310070450043911,0.5710468825902075,1.0,1.0,0.0,1.0,0.0
42.74385370299396,0.3575118523471849,1.2306421637097171,1.0,1.0,0.0,1.0,0.0
15.322725826270052,1.0629112096547766,1.764198655130094,1.0,1.0,1.0,0.0,0.0
9.406017800105875,2.5132145833078927,0.9219284208983214,1.0,1.0,0.0,0.0,0.0
3.5422748711874674,14.17642791455424,2.430632225803701,1.0,0.0,1.0,1.0,0.0
12.65211915124924,1.3868756053924172,0.1470973330245034,1.0,1.0,0.0,0.0,0.0
1.9656874706538412,0.8475901386714755,0.3555576647052028,1.0,1.0,0.0,1.0,0.0
82.23133748809612,3.0876444671973986,3.899463021053145,1.0,0.0,0.0,1.0,0.0
5.724732838908991,5.406402548260805,0.2157101518577337,1.0,0.0,0.0,0.0,0.0
14.102732978805594,4.292066582538307,0.0596072213624661,1.0,0.0,0.0,1.0,0.0
57.526947103667766,1.535108442917077,0.5036332566854478,1.0,1.0,0.0,1.0,0.0
9.17887100974563,0.6366965914733678,3.852541613263676,1.0,0.0,0.0,1.0,0.0
6.854985266408968,0.3440263824742731,1.8623830083625843,1.0,1.0,0.0,1.0,0.0
16.392346264290357,0.461662242059038,2.638885329676548,1.0,0.0,0.0,1.0,0.0
5.63596535356228,0.1002103364707845,0.7670630382353328,1.0,0.0,0.0,0.0,0.0
3.3208960036888606,0.4346121557304831,13.358779510730075,1.0,0.0,0.0,1.0,1.0
27.345434552405077,5.79400191512155,2.153486540785006,1.0,1.0,0.0,0.0,0.0
5.6177350856932735,2.271821961184291,3.659569322943269,1.0,0.0,0.0,1.0,0.0
15.884772802981171,2.4932240725093817,0.9386706272049676,1.0,0.0,0.0,1.0,0.0
16.549625411045238,40.810253254165765,0.8600765351161158,1.0,0.0,0.0,0.0,0.0
16.81719959069379,0.0474944043197384,0.4560104052510552,1.0,0.0,0.0,1.0,0.0
1.5118790414455014,2.5455237716913146,1.1245762039105422,0.0,1.0,0.0,1.0,0.0
2.174949416493332,0.8680256448194996,0.2939132757458136,1.0,0.0,0.0,1.0,0.0
6.585232293803931,0.1332170776094267,3.71777519040702,1.0,0.0,0.0,1.0,0.0
3.17513570909612,39.141135633361806,3.3506429725386995,1.0,1.0,0.0,1.0,0.0
57.74697484551923,2.935035291749004,4.678586127656256,1.0,0.0,0.0,1.0,1.0
12.336954618772104,0.9223988829621824,0.5663840911509244,1.0,1.0,0.0,1.0,0.0
17.737104123568837,0.2648205964642934,1.5541731772773202,1.0,1.0,0.0,0.0,0.0
1.2432218888672524,0.5662753981962333,21.84054046939656,0.0,0.0,0.0,0.0,1.0
1.4819805859529798,3.581782354515479,0.1911441290269337,0.0,1.0,0.0,1.0,0.0
1.713240463821575,0.1384447092498016,0.8420044117435752,0.0,0.0,0.0,1.0,0.0
8.470757415847718,1.5008630712388562,0.0917355559006626,1.0,0.0,0.0,1.0,0.0
5.025709097624776,4.751117937046033,0.0291732722138513,1.0,1.0,0.0,0.0,0.0
5.268262399178816,0.285626057934353,0.3883557242447253,1.0,1.0,0.0,0.0,0.0
24.89964625483994,1.2458374714632905,7.676382373566845,1.0,0.0,1.0,1.0,0.0
40.867377344954775,0.5424345228107178,0.382394411803532,1.0,0.0,0.0,1.0,0.0
8.756915267312559,0.6157369104845754,1.514694206419171,1.0,0.0,0.0,1.0,0.0
5.212192111977074,8.853788688643002,2.28079192749099,1.0,1.0,0.0,1.0,0.0
10.655460508323706,42.5152087462532,1.2028203915907518,1.0,0.0,0.0,0.0,0.0
4.502136317613034,1.6263586222708175,1.1056815746570443,1.0,1.0,0.0,1.0,0.0
2.1870271081374946,0.365905185744564,0.9633018332632368,1.0,1.0,0.0,1.0,0.0
2.8650683056004995,0.3506881128190876,0.9353079447163748,1.0,1.0,0.0,1.0,0.0
26.67862427804411,0.5334501784327567,0.1992254550848478,1.0,1.0,0.0,1.0,0.0
5.312553232111398,0.2139916522326461,0.2546976626067131,1.0,0.0,1.0,0.0,0.0
5.383960646609599,2.469538918980045,4.546926756483913,1.0,1.0,0.0,1.0,1.0
6.757138119127183,30.51724138324734,4.81070704665514,1.0,1.0,0.0,1.0,1.0
0.8381894752372255,0.4205370470239268,0.956565465066609,0.0,0.0,0.0,1.0,0.0
32.64771176514807,0.1771611412521372,2.540354122068476,1.0,1.0,0.0,1.0,0.0
20.18595617559785,0.1044100474226383,0.1728600404120894,1.0,0.0,0.0,0.0,0.0
54.38904303630886,5.290910283385648,4.492304176569394,1.0,1.0,0.0,0.0,0.0
3.237509655666749,1.8608405599045668,4.224987012295752,1.0,0.0,0.0,0.0,0.0
6.504435171773509,6.57685868590261,0.2324285693942297,1.0,0.0,1.0,1.0,0.0
24.146858859865308,1.6060467030887702,1.3804036730137628,1.0,0.0,0.0,1.0,0.0
17.339992050352564,1.203985448095381,2.2046712524492635,1.0,0.0,0.0,1.0,0.0
4.375314563279552,0.1453552084626054,0.4599291579088891,1.0,0.0,0.0,1.0,0.0
30.196971942768236,3.5234028856577524,0.4571754840338285,1.0,0.0,0.0,1.0,0.0
31.727649902587583,0.186560097733287,0.1314533778740763,1.0,0.0,0.0,1.0,0.0
56.6337732857056,0.1640503447447065,1.1189426979443404,1.0,0.0,0.0,0.0,0.0
1.8655143420676716,2.7964830148940507,2.354149415862742,0.0,0.0,0.0,1.0,0.0
42.08737174534679,0.1994508248432346,1.1860351703953709,1.0,0.0,0.0,1.0,0.0
5.905957129149972,0.3233998686846465,0.9061046996513104,1.0,0.0,0.0,1.0,0.0
123.64883115859766,3.695207401711279,2.548251911117032,1.0,0.0,0.0,0.0,0.0
10.383602979189964,1.794489836451069,0.6647691761162713,1.0,0.0,0.0,1.0,0.0
4.697574088093543,50.6169371507382,0.2436634846511592,1.0,0.0,0.0,0.0,0.0
17.75500603295529,2.003681114319138,0.1584813688989883,1.0,0.0,1.0,0.0,0.0
2.8651831541671293,1.1020414435907382,0.928877870618541,1.0,0.0,0.0,1.0,0.0
14.8137171342846,0.8718560513406589,0.2387788918766454,1.0,1.0,0.0,0.0,0.0
10.403040036234172,0.1495098506830832,3.2634927650035963,1.0,0.0,0.0,1.0,0.0
9.63943603000891,12.630502074908533,0.3152606566324707,1.0,0.0,1.0,1.0,0.0
1.7976497896243817,0.0495342024663892,0.6441000849582658,0.0,0.0,0.0,0.0,0.0
111.93940777297752,0.111443019603433,0.8138738741496551,1.0,0.0,0.0,1.0,1.0
63.7466784658892,4.521626562896608,0.2865031048337877,1.0,0.0,0.0,1.0,0.0
20.18329147241026,5.759156069318374,1.3740343155377392,1.0,1.0,0.0,1.0,0.0
22.85455361904488,0.3306044245365411,0.1636676497461616,1.0,1.0,0.0,1.0,0.0
22.380493837165325,13.290451092598133,7.537223034253591,1.0,1.0,0.0,0.0,0.0
9.055352503567898,0.9333557390792254,1.311509316524442,1.0,0.0,0.0,0.0,0.0
1.4725718775754033,28.554032975264608,2.9313712549433606,0.0,0.0,1.0,1.0,0.0
30.43993759558329,0.1076397331563626,0.2755100851323792,1.0,0.0,0.0,0.0,0.0
16.922171798013796,2.586049348641578,1.0676405749130422,1.0,1.0,0.0,1.0,0.0
21.01405948025956,0.20629064254663,3.088835943306065,1.0,1.0,0.0,1.0,0.0
6.464558029632961,2.287844021777858,2.6280297505567254,1.0,0.0,0.0,1.0,0.0
14.85254750842294,2.2764117029577906,5.013660225894104,1.0,1.0,0.0,1.0,1.0
12.112464855749788,18.98011485804949,12.0078422071804,1.0,0.0,0.0,1.0,1.0
5.608394687824937,3.213840354896108,0.1732434293894573,1.0,0.0,0.0,1.0,0.0
23.624124415779605,0.170415192161129,1.3997738923263134,1.0,0.0,0.0,1.0,0.0
20.738007287735616,0.3196644816766679,0.8457650593227997,1.0,1.0,0.0,1.0,0.0
0.8194892881872125,0.0232549925870183,7.313595285882808,0.0,1.0,0.0,1.0,1.0
12.730586080181228,2.262227969956609,0.1923584064086377,1.0,1.0,1.0,0.0,0.0
8.204372078193284,0.4111138155747662,6.219934111868692,1.0,0.0,0.0,1.0,1.0
71.85789856168383,3.5508868266379205,0.1917094157519752,1.0,0.0,0.0,1.0,0.0
11.608757150058585,3.3860985687586425,0.3710657069767025,1.0,1.0,0.0,0.0,0.0
18.16603695370637,9.37690462278042,0.8548956595821395,1.0,0.0,0.0,1.0,0.0
24.207222357143365,1.0725995225302096,1.739487439939674,1.0,0.0,0.0,1.0,0.0
5.114484598210706,0.5510078435088054,2.2308708897289806,1.0,1.0,0.0,1.0,0.0
11.54700682153301,0.1830745790457754,6.669905408340851,1.0,0.0,0.0,1.0,1.0
16.300126554871568,0.9531630515227236,1.3231462625397314,1.0,0.0,0.0,0.0,0.0
3.151259715062812,0.2666895436522775,4.237040908056153,1.0,1.0,0.0,1.0,1.0
438.7438269891021,0.4082401217471675,0.8144997718645476,1.0,0.0,0.0,0.0,0.0
65.46169374297894,1.3274056293241048,1.8528871241716356,1.0,0.0,0.0,0.0,0.0
6.708834823000631,3.043271282226936,0.293504309980086,1.0,0.0,1.0,1.0,0.0
1.7505396415563224,18.934435369441783,1.4004823780248286,0.0,0.0,1.0,1.0,0.0
14.760235112095708,12.11438087215539,0.9140369069618522,1.0,1.0,0.0,1.0,0.0
83.2769627094261,0.2167491770003261,0.7843816115548318,1.0,0.0,0.0,1.0,0.0
6.084521254412861,0.1691483203916094,0.7230625598885579,1.0,0.0,0.0,1.0,0.0
20.28543864334828,1.5746446735648456,0.7445000777530736,1.0,0.0,0.0,1.0,0.0
5.089247093726264,9.251265255347947,0.6540855416710981,1.0,1.0,0.0,1.0,0.0
10.160248605467803,0.8455499946183178,2.9028176561839665,1.0,0.0,0.0,1.0,0.0
4.992401011005289,0.5682762298143367,0.2690413926400454,1.0,1.0,0.0,0.0,0.0
0.8385341759641206,4.135312993264428,0.576229539010089,0.0,0.0,0.0,1.0,0.0
44.10951754430077,9.56656493865732,0.9608476576367844,1.0,0.0,0.0,1.0,0.0
12.353405254503132,1.2553994150062775,0.7067708529556017,1.0,0.0,0.0,1.0,0.0
9.829525674760552,0.5655402705776122,2.1264277154280453,1.0,1.0,1.0,1.0,0.0
2.7218705747390595,2.4284631530821046,0.4977603524355413,1.0,1.0,0.0,1.0,0.0
4.697677913612922,0.0163286966223097,0.984353194537244,1.0,1.0,1.0,0.0,0.0
203.510601765929,7.423609239856996,1.609709359184479,1.0,0.0,0.0,1.0,1.0
7.20950775830683,37.67092338590241,1.8831202689740336,1.0,0.0,1.0,0.0,0.0
1.026198525294713,2.3228517833348863,5.381625683700342,0.0,1.0,0.0,1.0,1.0
1.4746949749269271,0.0550629208035787,0.6663935390622177,0.0,0.0,0.0,1.0,0.0
276.130525434562,1.5511657515354909,2.150599758303086,1.0,0.0,0.0,1.0,1.0
9.374636216144586,51.64159639338349,3.5169549498466157,1.0,0.0,0.0,1.0,1.0
12.097652318372226,0.5712226872097526,0.7273973494045699,1.0,0.0,1.0,1.0,0.0
1.2573288789982668,6.335400274320059,1.116787045522042,0.0,0.0,0.0,1.0,0.0
10.151044634673802,20.70576285571293,0.4748505556356428,1.0,0.0,0.0,1.0,0.0
5.392519008853274,2.001042701733275,2.5880675060217597,1.0,0.0,0.0,1.0,0.0
39.5553838727385,0.6231700817432968,4.994024942775167,1.0,0.0,0.0,0.0,0.0
9.92029944598078,0.7432966389708859,3.685167759320098,1.0,0.0,0.0,1.0,0.0
15.301938658376724,0.4623735817998699,0.1261423824998639,1.0,1.0,0.0,1.0,0.0
2.14145593289306,9.876259254308488,1.2923243773692972,1.0,0.0,0.0,1.0,0.0
25.930167184809257,0.1115087334703709,0.3339825609450837,1.0,1.0,0.0,1.0,0.0
18.83673752429908,0.7855604501520018,0.4338506833993648,1.0,0.0,0.0,1.0,0.0
4.069418934267952,0.1644778984820744,15.6616299110375,1.0,0.0,0.0,1.0,1.0
0.3319200905974576,0.2088167763815474,3.69024970744609,0.0,0.0,0.0,1.0,0.0
2.8485409115329623,0.1209487290853878,1.949082639188674,1.0,0.0,0.0,1.0,0.0
21.34392810207893,0.0717372228174463,0.488965620348062,1.0,0.0,0.0,0.0,0.0
40.29228981462748,0.4093728849723089,2.960297148894209,1.0,0.0,0.0,1.0,0.0
100.97241413993432,0.1525758766432431,0.591474944645653,1.0,1.0,0.0,1.0,0.0
21.824911575923768,0.3768034778467282,0.3819736057339154,1.0,1.0,0.0,0.0,0.0
1.24739584205236,0.7927013224204608,0.378035675663856,0.0,0.0,0.0,1.0,0.0
479.60569923036775,0.5713043539415947,0.500481374828892,1.0,1.0,0.0,1.0,0.0
148.88684378185246,0.2730703533347368,2.2475051725416155,1.0,0.0,1.0,1.0,0.0
5.6534935891798455,1.2536783519129338,2.603144130704266,1.0,0.0,0.0,1.0,0.0
4.6508003178735775,4.439020355417482,1.1341373026174304,1.0,1.0,0.0,1.0,0.0
7.604153022861913,0.166837260542034,0.8282942397707556,1.0,0.0,0.0,0.0,0.0
3.3942967693723207,4.5134452107433285,0.937689009353078,1.0,0.0,1.0,0.0,0.0
12.366257895369094,0.1983998138490453,6.437407241540719,1.0,0.0,0.0,1.0,1.0
2.898257333443349,11.6169832808614,0.4215023792022742,1.0,0.0,1.0,0.0,0.0
2.8064886869437533,6.938218072394892,0.9463828350733458,1.0,0.0,0.0,1.0,0.0
6.56908309341353,1.387374880055488,0.4746530293260445,1.0,1.0,0.0,1.0,0.0
56.32680813510394,0.6942577596628748,3.725808609358257,1.0,0.0,0.0,1.0,0.0
13.44676702236884,3.504671738973137,0.8711783826084167,1.0,0.0,0.0,1.0,0.0
32.62080441360118,0.3903096394278667,0.08367960974412,1.0,1.0,0.0,0.0,0.0
0.5070544508531252,0.6890569817444154,0.8576513171626854,0.0,1.0,1.0,1.0,0.0
5.8166853602449615,0.0558226309629652,2.831766908925061,1.0,1.0,0.0,1.0,0.0
57.724679326323646,0.5461992713124946,0.2577917297083916,1.0,1.0,0.0,1.0,0.0
18.815679731795683,0.4752323919083036,1.2588812102903206,1.0,0.0,0.0,0.0,0.0
1.3617961194870418,0.5752275242354382,0.1930756428528622,0.0,0.0,0.0,1.0,0.0
55.998559654569,0.5873032902502935,0.946050189597508,1.0,0.0,0.0,1.0,0.0
7.700829505498112,1.3638313877568982,4.123705949454131,1.0,0.0,0.0,0.0,0.0
8.3808857439123,1.3525737953959147,0.3200690929680096,1.0,1.0,0.0,1.0,0.0
32.43236394224388,0.4920975569351652,0.2876507165100692,1.0,0.0,0.0,1.0,0.0
9.280206857281687,11.483714280131707,0.2127017374721342,1.0,1.0,0.0,0.0,0.0
19.865877493033,0.1621077322238322,0.7372872666321841,1.0,0.0,0.0,0.0,0.0
61.96518551250679,0.7560773646389226,3.125444128266313,1.0,0.0,0.0,1.0,0.0
1.5242371523577376,1.3976502323129916,1.2069014414186243,0.0,0.0,0.0,1.0,0.0
19.5439974802098,2.1292431717035707,0.3987998875971311,1.0,0.0,0.0,0.0,0.0
37.34976481726164,1.8595420553006077,1.9627368236481928,1.0,0.0,0.0,0.0,0.0
12.63567518067757,1.7844627057426374,1.4512742901846258,1.0,1.0,0.0,1.0,0.0
19.79199502382785,0.0544121868644093,0.5510438625845417,1.0,0.0,0.0,1.0,0.0
6.6488622744678425,0.7488552321956538,0.6139224725654752,1.0,0.0,0.0,1.0,0.0
25.485107893385265,0.4027918559043377,0.8961301837722778,1.0,0.0,0.0,0.0,0.0
1.784041406116829,6.836175019789346,0.7922635070433752,0.0,0.0,0.0,1.0,0.0
15.16542624790147,7.007981905591717,1.0854179401943669,1.0,0.0,0.0,1.0,0.0
119.9105644343381,2.620409562598898,2.9058555958165844,1.0,0.0,0.0,0.0,0.0
2.0961777653070537,0.0722418888018046,2.8944866030617864,1.0,0.0,0.0,1.0,0.0
4.2484552659232095,0.3672880750109666,0.0942964976874101,1.0,0.0,0.0,1.0,0.0
9.871060743033793,0.9590715476224646,3.616413009094983,1.0,0.0,0.0,0.0,0.0
6.395430462669609,2.2545009791199124,4.679183354373893,1.0,0.0,0.0,0.0,0.0
5.505806098733047,3.145751195735666,0.1855269541967224,1.0,0.0,0.0,0.0,0.0
11.986248056289217,0.0645529590050486,0.7221505010289431,1.0,0.0,0.0,1.0,0.0
6.43919068975056,23.15724364251907,0.3015694607394152,1.0,1.0,1.0,1.0,0.0
13.943538228136628,0.287827911257114,0.413456295272998,1.0,0.0,0.0,1.0,0.0
2.667752138545233,1.4474983222166946,13.135157871960203,1.0,0.0,0.0,0.0,0.0
3.7926314885150254,0.1101566202080335,2.16255592651442,1.0,0.0,0.0,1.0,0.0
24.692967956426745,5.08262357262195,8.867274936812583,1.0,0.0,0.0,0.0,0.0
19.3197417861551,0.9157808673415454,0.5504994977005987,1.0,1.0,0.0,0.0,0.0
39.73786046171134,1.7618853661202665,0.5562140786460943,1.0,1.0,0.0,0.0,0.0
1.6365097529804944,22.154998658975472,0.2085259749958971,0.0,1.0,0.0,1.0,0.0
18.08308601890261,0.9374368127846484,0.6643366847565422,1.0,1.0,0.0,1.0,0.0
1.0118013210249857,0.08409589781747,0.3871527356970491,0.0,1.0,0.0,0.0,0.0
40.91304207538655,0.3503912035143313,2.5007302418470325,1.0,0.0,0.0,0.0,0.0
4.160159300033021,0.0598377880071391,0.9394859977650832,1.0,0.0,0.0,1.0,0.0
3.3738161876649437,2.834767941238793,0.4876461200624603,1.0,1.0,0.0,1.0,0.0
11.94131472529936,1.940075335350778,0.616049618210914,1.0,0.0,0.0,1.0,0.0
16.067870303113754,0.1831830779661756,1.149668480530823,1.0,0.0,1.0,1.0,0.0
3.8915557465948414,8.047801402655146,1.2103139299304169,1.0,1.0,0.0,1.0,0.0
29.71778290414921,1.0963552697182986,0.9800490487267643,1.0,0.0,0.0,0.0,0.0
11.535488741528486,0.6229231092002585,0.3505033399015275,1.0,1.0,0.0,1.0,0.0
1.8239164194346515,1.9617652651170323,1.0715160971243545,0.0,1.0,1.0,1.0,0.0
45.56659452842074,7.655789113948008,0.5502238779584202,1.0,0.0,0.0,1.0,0.0
16.792100098793963,0.6715127124818713,3.065387224922699,1.0,1.0,1.0,1.0,0.0
1.9235613854600655,0.7460544965881848,0.8782629847484842,1.0,0.0,0.0,1.0,0.0
2.038126690565825,0.2007759503643026,4.033286948384361,1.0,0.0,0.0,0.0,0.0
18.83856348970863,0.7906470481327815,0.5469967731652854,1.0,0.0,0.0,1.0,0.0
22.29895687116426,11.11011669821948,10.488921958784216,1.0,1.0,0.0,1.0,1.0
5.177818681399313,0.459767846845147,0.6723688320615719,1.0,1.0,0.0,0.0,0.0
25.123437947744566,0.2752977448704125,1.9908318434089096,1.0,1.0,0.0,0.0,0.0
6.18771109376045,0.2608558835494789,0.8412997581117962,1.0,0.0,0.0,0.0,0.0
13.63077745831894,3.94127101459649,0.2560423421379417,1.0,0.0,0.0,0.0,0.0
16.989478748748635,0.5395466372578445,0.4018485209174505,1.0,0.0,0.0,1.0,0.0
139.47402068207856,7.433268259056951,3.500772383946544,1.0,0.0,0.0,1.0,1.0
10.7748281308605,0.2042154585691379,0.6412495371559168,1.0,0.0,1.0,1.0,0.0
1.1091267088787624,0.1471836362609472,0.2239400031719857,0.0,0.0,0.0,1.0,0.0
53.10449334810853,0.1533011474976986,0.6313407469385057,1.0,0.0,0.0,0.0,0.0
213.08516907018267,0.4998044014122869,0.6092926168193513,1.0,0.0,0.0,1.0,1.0
16.441666978849817,0.8721504356342793,0.2981489121824497,1.0,1.0,1.0,1.0,0.0
21.35893104420217,2.519978800440189,3.146321851029679,1.0,0.0,0.0,0.0,0.0
4.448085501197135,0.0202355215799673,0.273766488099621,1.0,0.0,0.0,1.0,0.0
10.166096356937976,0.0618538847763449,1.2030492989120554,1.0,0.0,0.0,1.0,0.0
7.813638632384038,0.1701457752611219,5.471526251236844,1.0,0.0,1.0,0.0,0.0
7.0049886032638815,1.7853631093482634,8.157323181700374,1.0,1.0,0.0,0.0,0.0
3.799817569126327,0.2209966517109993,1.4418355977383062,1.0,1.0,0.0,1.0,0.0
2.912935278339281,0.676333358950082,0.5494748775616162,1.0,0.0,0.0,0.0,0.0
4.814665567506637,0.3766621401390681,0.2050481464872117,1.0,0.0,1.0,1.0,0.0
86.29185949708656,0.3412063376177198,1.5766819869676738,1.0,0.0,0.0,0.0,0.0
50.9211965354996,3.9018342910743513,0.7708978292998195,1.0,1.0,0.0,0.0,0.0
21.541441538267424,6.531370823294808,2.5135055533362496,1.0,0.0,0.0,1.0,0.0
9.826783638657494,1.5400920442693966,0.862741671991567,1.0,0.0,0.0,1.0,0.0
11.104002518915792,0.0909235494892271,1.8563980397994977,1.0,1.0,0.0,1.0,0.0
18.071314691921938,0.8498331028585019,3.913467863542993,1.0,1.0,0.0,0.0,0.0
7.299682612237172,0.1419173857059147,1.941242364693792,1.0,0.0,0.0,1.0,0.0
8.062899783311101,2.5326209279281318,2.8531921128795195,1.0,0.0,0.0,1.0,0.0
3.319880353144922,0.1166067405980413,0.4316935336876206,1.0,0.0,0.0,0.0,0.0
47.46202885790864,1.8414039962095652,0.9575456948322706,1.0,0.0,0.0,0.0,0.0
15.815919423478986,0.5375484841534002,0.9912808397933768,1.0,0.0,0.0,1.0,0.0
24.571016520223637,2.764613723596188,0.7984577907102195,1.0,0.0,0.0,1.0,0.0
11.935251096039174,0.3143946867529112,0.3151991971639744,1.0,0.0,0.0,0.0,0.0
7.81086615606482,1.4592155876849753,1.1678722506196595,1.0,0.0,0.0,0.0,0.0
5.305243490792631,142.8331800072991,0.4951030759474089,1.0,0.0,1.0,1.0,0.0
32.56865937448208,0.1343607295213924,0.6729445225908415,1.0,0.0,0.0,1.0,0.0
2.912017127447033,4.277259047685442,0.1103619495196455,1.0,1.0,0.0,1.0,0.0
243.503803211744,0.1363759284348646,6.234327528209286,1.0,1.0,0.0,1.0,1.0
4.948011927914905,0.9848059380064867,1.9395281108282911,1.0,0.0,1.0,0.0,0.0
0.2325116440599063,0.525243066682192,3.789331506366061,0.0,0.0,0.0,0.0,0.0
8.942038555653456,0.452338256769468,0.3420718683653968,1.0,0.0,1.0,1.0,0.0
15.02036340476025,1.261449225690659,0.6665315552574845,1.0,1.0,1.0,0.0,0.0
11.548858390770974,0.0870303994330319,2.315056279097556,1.0,0.0,0.0,1.0,0.0
14.571737791627251,0.1794330299887526,1.2752607278846682,1.0,0.0,0.0,1.0,0.0
6.182032816060782,2.688099105887764,0.1945224521919321,1.0,0.0,1.0,1.0,0.0
5.236156371246374,50.913069087426194,0.695972445721384,1.0,0.0,0.0,1.0,1.0
5.005630940693337,1.773950278591939,0.3433176300406614,1.0,0.0,0.0,1.0,0.0
11.289112530504754,1.1867873832542233,3.4017627148342315,1.0,0.0,0.0,0.0,0.0
10.48570956264104,0.1754212648365243,3.4352455927986005,1.0,1.0,0.0,1.0,0.0
0.820882473320634,0.0156272417931971,0.1234936416760694,0.0,0.0,0.0,0.0,0.0
4.448036715136452,0.0796275225485921,19.18026190005512,1.0,1.0,0.0,0.0,0.0
22.700996951548262,0.7240061422506257,0.9024433135758334,1.0,0.0,0.0,1.0,0.0
1.4675339951075888,1.5147713077867075,0.4855002003067332,0.0,1.0,0.0,1.0,0.0
10.433083334863332,2.1139898433090933,0.5853144015945517,1.0,0.0,0.0,0.0,0.0
41.54907642934931,3.414939881414097,1.146361953681282,1.0,0.0,0.0,0.0,0.0
31.72996938509433,0.7443124019388587,0.1496368338604314,1.0,0.0,0.0,1.0,0.0
59.84519469068431,0.0947222611792781,0.6604060476629655,1.0,0.0,0.0,0.0,0.0
14.68394161204874,1.4192751465251892,4.06561415379264,1.0,0.0,0.0,1.0,1.0
20.911941485679723,9.002160972103342,0.044875752380093,1.0,0.0,0.0,1.0,0.0
4.252072098414935,0.5542344216812588,0.4473800978301843,1.0,1.0,0.0,1.0,0.0
1.397605633606079,4.354121435037023,1.033058774465219,0.0,0.0,0.0,1.0,0.0
32.78398581962329,1.5185560972746328,0.4663247555594454,1.0,0.0,0.0,1.0,0.0
3.5374730908402747,0.6392793664509981,0.1549286080736889,1.0,1.0,0.0,1.0,0.0
2.6680463107149284,0.1618546485597569,3.253366524821149,1.0,0.0,0.0,0.0,0.0
3.4268011262218483,0.2535529960195609,2.782351221732318,1.0,1.0,0.0,0.0,0.0
5.955460856640074,0.2325964965463468,3.315743151559721,1.0,1.0,0.0,0.0,0.0
1.7273534151547978,0.127352021902753,0.5065905466448662,0.0,0.0,0.0,1.0,0.0
5.453409563840319,0.0728037311664951,1.6863328114859268,1.0,0.0,1.0,1.0,0.0
22.74541641464509,0.4694238607372795,0.2759260977426928,1.0,0.0,0.0,1.0,0.0
44.84099553542189,1.633004995627978,1.7767424244843246,1.0,1.0,0.0,1.0,0.0
58.33266482532018,2.472818919296072,0.393695660761859,1.0,0.0,0.0,1.0,0.0
74.59851277129907,6.948785526605315,3.0132248741211107,1.0,1.0,0.0,0.0,0.0
49.776820875521686,1.5788885873015188,2.1844042867240128,1.0,0.0,0.0,1.0,0.0
1.7923472634290956,3.5641061506113987,3.906251906930188,0.0,0.0,0.0,1.0,0.0
16.446425362989963,1.290873704179652,0.4360293893956234,1.0,1.0,0.0,1.0,0.0
11.978392706127469,0.9912323940296937,19.86451259984877,1.0,1.0,0.0,0.0,0.0
157.6043495672378,19.669698214431804,0.9041876729741656,1.0,0.0,0.0,1.0,1.0
8.150927752015248,0.9321998004550084,0.7435885614687366,1.0,0.0,0.0,1.0,0.0
12.033546986781204,0.1115031690823597,1.7119753491323209,1.0,1.0,0.0,1.0,0.0
21.33928884729921,0.0587127135088614,4.912027552641391,1.0,0.0,0.0,1.0,1.0
21.60421121589996,1.1592885220129627,2.255747377446059,1.0,1.0,0.0,0.0,0.0
15.932240701819438,0.0445380252378549,0.2058969738921626,1.0,1.0,0.0,1.0,0.0
1.4824064930485472,0.6330681590191106,10.445742403328076,0.0,1.0,0.0,1.0,1.0
16.71057091831303,0.2625826173913209,0.5647374595350314,1.0,1.0,1.0,1.0,0.0
9.97831867151983,1.232396916998201,2.0154475375308243,1.0,1.0,0.0,1.0,0.0
7.985095175048553,0.2846035855604047,10.370416099661572,1.0,0.0,0.0,1.0,1.0
13.779981307675886,8.824719828134796,1.6225342736880253,1.0,1.0,0.0,1.0,0.0
7.894263267959713,7.142840181760774,0.2497131253533983,1.0,0.0,0.0,1.0,0.0
48.2548362918229,0.0668917126312566,0.4183667304370638,1.0,0.0,0.0,0.0,0.0
1.0451225581691912,3.2037247836721368,1.7874941957808743,0.0,0.0,0.0,1.0,0.0
27.63907310267587,8.820697116357337,6.429403752806336,1.0,0.0,0.0,1.0,1.0
9.496600928524495,4.506233793650357,0.708441936898619,1.0,0.0,0.0,1.0,0.0
12.33788723254486,0.4536542339555912,1.33975248118336,1.0,0.0,0.0,1.0,0.0
666.7707525695073,1.4577901237576747,0.5961063341616739,1.0,1.0,0.0,1.0,0.0
48.82265727359473,0.2860566741878969,1.682554723404879,1.0,1.0,0.0,1.0,0.0
23.186856974650816,2.2814890098265104,0.416925857298235,1.0,1.0,0.0,1.0,0.0
11.574492158442004,5.151992696963238,0.587934914980212,1.0,0.0,0.0,1.0,0.0
38.2210605685707,0.8950542822682008,0.5064700061892945,1.0,0.0,0.0,1.0,0.0
5.243249474426833,0.3096151861744514,0.509764092073388,1.0,1.0,1.0,1.0,0.0
7.05588595281066,0.0855056891370931,3.824865749165364,1.0,0.0,0.0,1.0,0.0
28.437661933155734,0.7045438312310783,1.610083625288834,1.0,0.0,0.0,1.0,0.0
0.9665371088694548,10.119754523052835,0.7461222872723514,0.0,0.0,0.0,0.0,0.0
15.019469275825813,0.8861282320887849,1.269757270763104,1.0,0.0,0.0,1.0,0.0
1.092213506382374,0.3607889032613253,0.5454257085704488,0.0,0.0,0.0,0.0,0.0
19.90993052010385,2.039084073709227,0.4438902888065171,1.0,1.0,0.0,1.0,0.0
2.5736446353897384,13.660607013765343,2.3057910342711194,1.0,1.0,0.0,0.0,0.0
25.65386730072551,2.011756602203976,0.7047441237302563,1.0,0.0,1.0,1.0,0.0
23.03996296973201,0.1961725841807797,2.062412588875766,1.0,0.0,0.0,1.0,0.0
17.419962575406156,3.076099793238896,0.1427924649284617,1.0,1.0,0.0,1.0,0.0
21.7623248527533,0.0373114495736903,1.0231985523298883,1.0,1.0,0.0,0.0,0.0
2.406620267015819,0.6549724369807995,14.81005153838504,1.0,1.0,0.0,1.0,1.0
24.388780261077127,4.940804727123607,2.226871350261288,1.0,1.0,0.0,1.0,0.0
8.500354414157693,0.0192872234097507,0.1802358257445275,1.0,1.0,0.0,1.0,0.0
1.1127710460430411,0.1508778250201896,0.4774725308163427,0.0,0.0,0.0,1.0,0.0
36.66345874484215,4.106305234996593,1.29989097683137,1.0,0.0,1.0,0.0,0.0
11.431935023517672,1.2795025634577366,0.8851968009494736,1.0,1.0,0.0,1.0,0.0
2.2340505270143463,0.4131470139341824,0.2064672854705004,1.0,0.0,0.0,1.0,0.0
1.491487451165792,35.98927897502579,0.1684999267208008,0.0,1.0,0.0,1.0,0.0
0.7433665689979778,0.5968620046509234,2.936867146712291,0.0,1.0,0.0,1.0,0.0
7.689831735809107,2.079948997829237,2.7943176582293634,1.0,1.0,0.0,1.0,0.0
2.720023594861699,0.4994770045855112,8.27302151177355,1.0,0.0,0.0,1.0,1.0
79.55573962418256,0.8494275703580971,0.897793209010113,1.0,0.0,0.0,0.0,0.0
9.511061814954076,9.758501530102272,19.377538003102263,1.0,0.0,0.0,1.0,1.0
68.63898840948481,4.11449214351468,0.7565370704097454,1.0,1.0,0.0,1.0,0.0
87.86853397839569,4.169388301770073,3.922719810773161,1.0,0.0,0.0,1.0,0.0
129.19795245180416,1.9594226912448591,0.6511406083072676,1.0,1.0,0.0,1.0,0.0
4.641596762204591,3.213952464614177,0.1204435089652415,1.0,1.0,0.0,1.0,0.0
3.460843648081579,4.04359539999388,12.24503426152088,1.0,0.0,0.0,1.0,1.0
5.143789006146173,0.3974486982799682,0.6364625464757083,1.0,0.0,0.0,0.0,0.0
3.7822329511720274,0.321753570422298,0.2743727814316574,1.0,0.0,0.0,1.0,0.0
42.78432888671354,0.2202071611761939,1.307395532332403,1.0,0.0,0.0,0.0,0.0
7.396481300542332,0.2128854790570835,4.658960903802901,1.0,0.0,1.0,0.0,0.0
8.735979690944337,0.7205335394167313,0.7551718574815426,1.0,0.0,0.0,1.0,0.0
9.816338751066622,1.2654749948973905,0.3663619187631117,1.0,0.0,0.0,1.0,0.0
124.17994670664596,0.912642743968358,1.3747469243900832,1.0,1.0,0.0,0.0,0.0
7.458805859283272,17.71368239583576,3.0910751709947344,1.0,1.0,1.0,1.0,0.0
8.139338030266009,1.5390719346574753,1.8262714885302425,1.0,0.0,0.0,1.0,0.0
35.52935288623561,9.21139144227179,0.5681799060040276,1.0,0.0,0.0,1.0,0.0
13.848484098818014,2.707723116235979,2.846929009932403,1.0,0.0,1.0,1.0,0.0
24.28497648966058,1.2063239594052726,1.297156845630849,1.0,0.0,0.0,1.0,0.0
11.540764376375927,1.2895182633372029,0.5132327209765688,1.0,1.0,0.0,0.0,0.0
14.292906393228217,2.1038369743380847,0.2376123726533901,1.0,0.0,1.0,1.0,0.0
2.0826112746166325,0.2879006205232688,0.1774586411778283,1.0,0.0,0.0,0.0,0.0
18.89417269725024,0.5662003581976716,5.4822290511372325,1.0,1.0,0.0,1.0,1.0
1.934508841418357,0.3781168231789282,0.1878906691706336,1.0,1.0,0.0,0.0,0.0
58.74571717110639,0.8355375756951038,0.7625354703516383,1.0,1.0,0.0,1.0,0.0
2.7867692597410727,2.653954433554374,0.6323672529067411,1.0,0.0,0.0,1.0,0.0
237.4171056133989,0.4357839524301404,3.123118405903164,1.0,1.0,0.0,0.0,0.0
0.4375819212987271,0.0705028478687218,0.3254179873793572,0.0,1.0,0.0,0.0,0.0
22.4392631610321,0.0196514639084685,10.011741307399287,1.0,1.0,0.0,0.0,0.0
12.996961276444926,3.017023655407041,1.8014569601525208,1.0,0.0,0.0,1.0,0.0
65.1170444173765,0.6582264337329196,3.13714435431087,1.0,1.0,0.0,1.0,0.0
9.098029877073673,1.8528527168943436,1.00092561641238,1.0,0.0,0.0,0.0,0.0
8.369314272124223,4.8944759622272365,2.200205095288788,1.0,0.0,0.0,1.0,0.0
23.65407848009819,6.102863655901729,1.7876798613167475,1.0,1.0,0.0,0.0,0.0
19.024604541614888,1.3228064570336286,0.7566826489253929,1.0,0.0,1.0,0.0,0.0
3.5120900382743634,0.9806284770023588,0.924880859493038,1.0,0.0,0.0,0.0,0.0
6.1488018204055015,2.3976639939903754,0.3899113882076214,1.0,0.0,0.0,1.0,0.0
18.85920164254224,0.15643151502281,0.3082166058823117,1.0,1.0,0.0,0.0,0.0
20.00929482668217,0.3235775984620261,4.373749450816242,1.0,0.0,0.0,1.0,1.0
37.88846794904828,2.127922856023931,0.6601200322808742,1.0,0.0,0.0,1.0,0.0
6.157210228987764,0.3057586503260452,0.708536051660185,1.0,1.0,1.0,1.0,0.0
6.004346728861763,84.70003522588242,4.20430842599653,1.0,0.0,0.0,1.0,1.0
4.0480769272246455,0.3084612178220639,3.9545905520955817,1.0,0.0,0.0,1.0,0.0
22.989346241002877,18.398479609748502,0.7537138428379477,1.0,0.0,0.0,0.0,0.0
0.952107858511413,1.949132890119447,12.47924976188207,0.0,0.0,0.0,1.0,1.0
102.2416527531844,7.337977931980915,0.1102830704094137,1.0,1.0,0.0,1.0,0.0
36.87725067019992,1.6964941081317286,2.284461787008799,1.0,0.0,0.0,0.0,0.0
4.71201925179619,2.186610896491936,2.234481491951202,1.0,0.0,0.0,1.0,0.0
6.336638794561774,0.3993302512723982,0.4191474251373441,1.0,0.0,0.0,1.0,0.0
20.166853332472133,0.0629086168323225,0.2716497885286792,1.0,1.0,0.0,1.0,0.0
51.602274691507766,0.0607753929617702,2.1118483168918534,1.0,0.0,1.0,0.0,0.0
66.52732644117657,0.0465419719307725,1.9827892416535404,1.0,0.0,0.0,1.0,0.0
7.74295926118572,8.07710585028391,0.8031331263319594,1.0,0.0,0.0,1.0,0.0
105.4747819789128,1.2003626051667824,0.7669674848953857,1.0,1.0,0.0,0.0,0.0
16.246693673948695,19.09011046120865,2.541844286515366,1.0,1.0,0.0,1.0,0.0
75.90373577991929,2.3270175292988826,0.1638887558542664,1.0,0.0,0.0,1.0,0.0
4.137786960020176,0.054795433985667,0.6565807890332616,1.0,0.0,1.0,1.0,0.0
25.56349061800957,0.3533357029120572,1.0558037076143956,1.0,0.0,0.0,1.0,0.0
1.028696569609624,2.180360888864733,2.188293430135126,0.0,1.0,0.0,0.0,0.0
16.19455650082481,0.8852227804480839,1.8514742367210169,1.0,0.0,0.0,0.0,0.0
3.382893762048574,0.2826545700050517,0.2211739500119718,1.0,1.0,0.0,0.0,0.0
1.474240131314469,0.3134854351906048,4.5256025120955785,0.0,1.0,0.0,1.0,1.0
66.79628634858362,13.377841977421944,2.0949033202156606,1.0,1.0,0.0,0.0,0.0
15.098499708891136,9.22297736899154,0.9169364753811114,1.0,0.0,1.0,0.0,0.0
2.6876103632123023,0.1152905056985053,0.4668081862131984,1.0,1.0,0.0,1.0,0.0
16.63887835356067,1.5920936194693862,2.0756696328839626,1.0,0.0,1.0,1.0,0.0
42.85680238117848,0.3505849893968194,0.595840064498414,1.0,0.0,1.0,1.0,0.0
103.33096274742418,0.0811929730460241,0.4729169999832358,1.0,1.0,1.0,1.0,0.0
89.51851530660383,0.2755878551484547,3.634641752598765,1.0,1.0,0.0,1.0,0.0
14.346634618725874,0.0569105678531449,0.1664069841981031,1.0,0.0,1.0,0.0,0.0
6.235254485099313,0.5853271915206255,0.5895591816228508,1.0,0.0,0.0,1.0,0.0
451.82335882990833,0.1940591613370542,1.0767639253666432,1.0,1.0,0.0,0.0,0.0
10.113219096916673,0.1303744768581782,6.229674415531375,1.0,0.0,0.0,1.0,1.0
56.02986544751991,0.0711495422996486,0.9418219197657384,1.0,0.0,0.0,1.0,0.0
12.148469800219978,0.7160989451884447,1.2893596542098054,1.0,0.0,0.0,0.0,0.0
18.760872321416155,6.494382418057533,0.3240337805355933,1.0,0.0,0.0,1.0,0.0
7.566679876340359,0.2275250650708472,0.9445438338969976,1.0,0.0,1.0,1.0,0.0
135.85871860214212,1.9253032021770535,0.966296143807669,1.0,1.0,0.0,0.0,0.0
9.01419566131358,0.1130683540421826,3.270049802815259,1.0,0.0,0.0,0.0,0.0
4.340756703002008,0.9184304834719172,1.1278471685113007,1.0,1.0,1.0,1.0,0.0
15.482652194849802,0.9071542536324048,0.4417073107222176,1.0,1.0,1.0,0.0,0.0
14.177452076856603,0.0777220456581177,4.790129523722846,1.0,0.0,0.0,0.0,0.0
16.857969060265926,2.776719268090478,0.1277208969653219,1.0,0.0,0.0,1.0,0.0
5.98031012005498,0.1264676599351022,0.9409936817128152,1.0,1.0,0.0,1.0,0.0
1.765803034552543,11.647484578347742,3.349515145470339,0.0,0.0,0.0,1.0,0.0
1.104970053648966,0.1381525842515353,0.0927238190845099,0.0,0.0,0.0,0.0,0.0
25.06238190974479,0.2250418136578472,0.0893618824351772,1.0,1.0,0.0,0.0,0.0
2.815182705186491,5.814237170086615,0.5140837944947602,1.0,0.0,0.0,1.0,0.0
39.392177780657285,0.2582203818669059,0.778878722028685,1.0,0.0,0.0,0.0,0.0
36.99758088446956,15.295766424732877,0.7307228703744768,1.0,0.0,0.0,1.0,0.0
77.1961479100102,67.33870982065031,0.3946114972420711,1.0,0.0,0.0,0.0,0.0
4.0895582122365335,0.7610790177177952,0.9561635301724636,1.0,1.0,0.0,0.0,0.0
11.307471105181456,1.57219964706033,2.2877858938993545,1.0,0.0,0.0,1.0,0.0
5.387695053381268,0.1533197117305716,1.9178689786062533,1.0,0.0,0.0,1.0,0.0
17.576277712999744,5.24373555329701,1.6883770697792584,1.0,0.0,0.0,1.0,0.0
0.5774757627565845,2.6639878820618668,5.77945027861248,0.0,1.0,0.0,0.0,0.0
8.919992783965384,0.2562733610174214,0.6373396002305293,1.0,0.0,0.0,1.0,0.0
8.966774199698193,0.0792022663518671,5.806622278116738,1.0,0.0,0.0,1.0,1.0
0.4627303833079147,0.1176139536221914,11.90564073304951,0.0,0.0,1.0,0.0,0.0
9.83600744950354,0.2292539808209949,0.1622042634314957,1.0,0.0,0.0,1.0,0.0
12.023873221157992,0.8612306678773877,0.2167658523844561,1.0,0.0,1.0,0.0,0.0
1.0122251703216305,0.7562757117248783,0.523495262034714,0.0,1.0,0.0,1.0,0.0
24.324279701678105,3.595887014487714,0.2608480518293069,1.0,0.0,0.0,0.0,0.0
149.5018377847297,1.8102380392308848,2.642474186745812,1.0,0.0,0.0,0.0,0.0
2.797091106305735,0.0563922618412345,0.4265638247114737,1.0,0.0,0.0,0.0,0.0
37.60835800614893,0.6922365215843334,1.3511556909368545,1.0,0.0,0.0,0.0,0.0
2.261715923093365,0.6585926179727997,3.534144551790764,1.0,0.0,0.0,1.0,0.0
55.585645975264114,2.1564881034251946,0.629857686858872,1.0,0.0,0.0,1.0,0.0
12.903001865401675,3.614007636212004,6.804694489881363,1.0,0.0,0.0,0.0,0.0
1.5878341752645977,4.684630303056226,0.5419063982814981,0.0,1.0,0.0,0.0,0.0
66.30085696240079,21.559456962293197,0.9331936356793272,1.0,0.0,0.0,1.0,0.0
0.4125172560611417,0.674939312802107,0.1672787400316944,0.0,0.0,0.0,1.0,0.0
278.06916355620626,33.09892784860864,3.1902577939490397,1.0,0.0,0.0,1.0,1.0
2.7132519723614674,0.3949157484193378,1.036452446445169,1.0,0.0,0.0,0.0,0.0
10.05686366905502,0.7259946721528666,1.4874390886343662,1.0,0.0,0.0,1.0,0.0
79.9602883057219,1.7691979533214204,0.5024528853120809,1.0,0.0,0.0,1.0,0.0
46.46558749311336,7.987992509279245,1.3575287058859988,1.0,0.0,0.0,1.0,0.0
0.4413051686241682,0.3400711611504337,2.038907036683632,0.0,1.0,0.0,1.0,0.0
10.783398790406594,0.8985237423873563,0.3768602838296594,1.0,0.0,1.0,1.0,0.0
18.05432978984696,0.0659387418475577,1.1115403463397682,1.0,1.0,0.0,1.0,0.0
4.942959264701991,0.6102482393573738,1.8671227000749329,1.0,1.0,1.0,0.0,0.0
75.05453167163232,0.3109642922179988,8.226652709230205,1.0,1.0,0.0,0.0,0.0
51.785951767823626,0.3400196098054596,4.8675808973678985,1.0,0.0,0.0,1.0,1.0
16.19384446724728,1.6734451651473885,0.4101949123219153,1.0,1.0,0.0,0.0,0.0
2.304479401054236,1.7802326648629296,0.1787821298992657,1.0,1.0,0.0,1.0,0.0
2.2252695312237125,0.0209013403026635,1.4030953440166647,1.0,0.0,0.0,1.0,0.0
0.270482129061009,0.5735175188117076,8.830567508879945,0.0,0.0,0.0,1.0,1.0
13.787385289914855,0.3886285127105415,1.1003556820110627,1.0,0.0,0.0,1.0,0.0
4.687392945831947,3.5216670254728943,0.280033464217354,1.0,0.0,0.0,1.0,0.0
1.8800403076305017,0.2550077534236606,0.3727543522392361,0.0,0.0,0.0,0.0,0.0
14.198400668179422,0.441576957873124,0.9485867569022044,1.0,0.0,0.0,0.0,0.0
9.59603166065088,12.81081852740232,0.8347109651921707,1.0,0.0,0.0,0.0,0.0
0.5768145406911079,1.3234069130413266,1.4102390669340514,0.0,0.0,0.0,1.0,0.0
34.499576087564165,8.838401666048586,7.096026558864809,1.0,0.0,0.0,1.0,1.0
21.234952329419965,0.5150650135985556,0.6159842928848172,1.0,1.0,0.0,0.0,0.0
11.490670594143356,0.420737360990801,0.799271712000365,1.0,1.0,1.0,0.0,0.0
14.424125821939446,0.4425996341741536,0.1948441785590814,1.0,1.0,0.0,0.0,0.0
13.93316496624119,9.4643476973051,0.8027746138627232,1.0,1.0,0.0,0.0,0.0
12.024180099821564,0.9749892718440418,0.3042306404642242,1.0,0.0,0.0,0.0,0.0
132.98064762209745,6.776630903632471,3.616648775631649,1.0,1.0,0.0,0.0,0.0
7.021403961363604,5.158414394696359,0.9695273635714547,1.0,1.0,0.0,1.0,0.0
54.9550125834725,0.101815626229796,1.837517888764268,1.0,0.0,0.0,1.0,0.0
0.5794902571404128,5.794173080125036,1.036422847979728,0.0,0.0,1.0,1.0,0.0
11.198716906207531,0.4527419823736462,0.4816038004873612,1.0,0.0,0.0,1.0,0.0
101.1764568597442,2.0450185392312976,2.640889184729359,1.0,0.0,1.0,1.0,0.0
76.62042525066737,4.562708226231638,0.5696367767760614,1.0,0.0,0.0,1.0,0.0
7.591383668926461,11.638918703707075,0.3171453091759946,1.0,1.0,0.0,0.0,0.0
11.15547469429408,0.4532125988481423,2.526746001015198,1.0,0.0,1.0,1.0,0.0
10.657741462094126,1.0064105111706545,1.893449943917209,1.0,1.0,0.0,1.0,0.0
15.12635880548816,3.2766048677903283,0.4289359721064913,1.0,0.0,0.0,1.0,0.0
11.158925686084345,0.3650250560300723,4.585931761084791,1.0,0.0,0.0,1.0,1.0
38.09377878695892,0.4847530479496187,0.4322923498061177,1.0,0.0,0.0,1.0,0.0
8.978882717993304,0.7958895176348539,0.7014280545950133,1.0,1.0,0.0,1.0,0.0
8.726446256824536,1.3917488129815023,1.4214534012949056,1.0,1.0,0.0,1.0,0.0
29.312999600445423,15.778681529937856,1.1360432280434685,1.0,0.0,0.0,1.0,0.0
24.32952372579157,0.1478552877587841,0.4972559773403129,1.0,0.0,0.0,1.0,0.0
18.960450342037745,0.8608451370538039,1.5185359300997985,1.0,0.0,1.0,0.0,0.0
20.258101695090023,7.0281389493600015,0.5837894799312466,1.0,1.0,1.0,1.0,0.0
5.989348132073241,0.0369466133104953,1.5209993433618887,1.0,1.0,0.0,1.0,0.0
77.08402433156108,0.1254707253395303,2.112760582057508,1.0,0.0,0.0,1.0,0.0
39.93251642628218,0.0302809083624956,2.277979617602385,1.0,1.0,0.0,0.0,0.0
13.463296131056794,2.011722213589284,0.4877177551386564,1.0,1.0,0.0,0.0,0.0
3.3806350140334547,0.0252879026086267,1.060384578568813,1.0,0.0,0.0,0.0,0.0
3.508298765513008,3.983903601371769,1.316916218639419,1.0,0.0,0.0,1.0,0.0
6.799522200974965,0.3789351325354677,0.0193216267089977,1.0,0.0,0.0,1.0,0.0
10.181042027391756,0.7841664728522585,1.750068905113053,1.0,0.0,0.0,1.0,0.0
19.40960567076074,0.1123091167428407,1.4896978145907795,1.0,0.0,0.0,0.0,0.0
8.977100161391142,0.8782408214754222,0.2108044992480739,1.0,1.0,0.0,1.0,0.0
0.9977194245503584,0.1198689269944151,1.7598239046613178,0.0,1.0,0.0,0.0,0.0
2.7913523133564846,2.851535640018582,0.1701082579683664,1.0,0.0,1.0,1.0,0.0
2.9463244260844106,0.9913678473035228,8.838588190957427,1.0,0.0,1.0,0.0,0.0
5.080833068283409,0.3236888356150497,1.2141979314250548,1.0,0.0,0.0,0.0,0.0
2.4056078302734414,0.0310860743772801,1.1640862900975686,1.0,0.0,0.0,1.0,0.0
1.0707818421915571,0.2501735675187684,1.5855976602584152,0.0,0.0,1.0,1.0,0.0
7.030872620516502,15.448820207711826,1.2071788600848898,1.0,0.0,0.0,1.0,0.0
12.21185577060327,8.158031104833867,0.2778168908125042,1.0,1.0,0.0,1.0,0.0
0.5739332017082598,0.5948773334694266,7.861955611289289,0.0,1.0,0.0,0.0,0.0
141.87334843578935,8.195556246614377,4.5994849389068095,1.0,1.0,1.0,0.0,0.0
2.24211091222548,1.4628356730035277,0.769822288393482,1.0,0.0,0.0,1.0,0.0
1.9780105393231264,0.3511433904895885,0.7326836663159065,1.0,0.0,0.0,1.0,0.0
1.461557384523939,0.3775820290285385,2.6626303328937397,0.0,1.0,0.0,0.0,0.0
9.926149998330953,10.992420528521338,0.4292049667871079,1.0,0.0,0.0,0.0,0.0
2.533546711537509,0.072274428821985,0.4562965087804728,1.0,0.0,0.0,1.0,0.0
0.4426212903427193,8.461851641948103,5.422988787882296,0.0,0.0,0.0,1.0,1.0
8.53477790085159,14.05344464089135,0.6364958683950318,1.0,0.0,0.0,0.0,0.0
2.1155125799799475,0.5805479878104935,0.4412412554632269,1.0,0.0,0.0,0.0,0.0
30.4743069963172,0.6479701256898311,6.328235113806857,1.0,0.0,0.0,0.0,0.0
0.2306784622638175,3.413217768614764,0.4287217592941268,0.0,1.0,0.0,1.0,0.0
3.9612592990836695,0.4948310870887628,0.2445273087617938,1.0,1.0,0.0,0.0,0.0
18.153016434089142,0.6088378073835921,1.2562592924859828,1.0,0.0,0.0,0.0,0.0
11.310375477140804,0.4323863384465423,2.254396326319013,1.0,0.0,0.0,1.0,0.0
6.769615797548229,0.1880025591289351,0.1158954048135084,1.0,0.0,0.0,1.0,0.0
27.96611765044983,54.47057984498503,1.59438146477467,1.0,0.0,0.0,0.0,0.0
4.9852730788243225,0.4586021436312765,1.1542539517732688,1.0,0.0,0.0,1.0,0.0
81.1720331819891,0.7352556423969413,1.6847806288871274,1.0,0.0,0.0,1.0,0.0
676.4145182822698,0.1007609931933591,2.489216927113824,1.0,0.0,0.0,1.0,1.0
6.705343983509628,0.8289497440207304,1.3474527725723071,1.0,0.0,0.0,0.0,0.0
40.4545493650157,0.0791119937263101,0.1237835863918207,1.0,0.0,0.0,1.0,0.0
5.95374525325978,0.2450101763898594,0.3685059663102076,1.0,0.0,0.0,1.0,0.0
2.853801444561036,0.048310829679614,0.1595824264253809,1.0,0.0,0.0,1.0,0.0
32.42165182752487,0.9689711098464088,4.127054624645002,1.0,1.0,0.0,1.0,1.0
0.2376695041035555,0.2916773241025026,5.307224372118662,0.0,0.0,0.0,1.0,1.0
6.447170130824296,0.2219652314146233,0.9906628167911122,1.0,0.0,0.0,0.0,0.0
3.083894183687565,0.626459469652993,1.1789418435826808,1.0,0.0,0.0,1.0,0.0
5.22694029802826,0.0895209296890213,0.3779662304365383,1.0,0.0,0.0,1.0,0.0
23.83372009821297,0.3874281507513903,0.1023675674313015,1.0,0.0,0.0,1.0,0.0
13.640202970532092,1.146064329767328,0.1909710401285735,1.0,1.0,0.0,1.0,0.0
7.548791195006181,0.0710744992560141,0.7049082783820397,1.0,0.0,0.0,1.0,0.0
21.114943491875326,0.3877967931816058,0.6628438226159171,1.0,0.0,0.0,0.0,0.0
0.5356945914345307,0.3747836428798997,0.3353665333602433,0.0,0.0,0.0,1.0,0.0
1.9915095657568571,1.0706266976314414,0.500004194732343,1.0,0.0,0.0,1.0,0.0
13.205809811378971,0.1106677340464,1.7624857743257192,1.0,1.0,0.0,0.0,0.0
4.111482968804629,0.3091741581933253,1.5802351678115187,1.0,0.0,0.0,1.0,0.0
3.5967585758734364,1.1607232722311742,2.106558584545515,1.0,0.0,0.0,1.0,0.0
10.833298029259684,0.6727968245334458,0.23229154243917,1.0,0.0,0.0,0.0,0.0
34.03611610216308,3.6074974102645,0.779216255097432,1.0,0.0,0.0,0.0,0.0
53.80933070495657,0.0481682604654387,1.663024948161425,1.0,0.0,0.0,1.0,0.0
22.404074953292128,1.5895104199826775,2.707770575919084,1.0,0.0,1.0,1.0,0.0
8.547080016191806,8.854521429803814,7.825248501342393,1.0,1.0,0.0,0.0,0.0
7.081830199796178,6.153042906314394,3.4921062460740577,1.0,1.0,0.0,1.0,0.0
20.00493248288213,1.005308632073649,3.0008588709963964,1.0,1.0,0.0,1.0,0.0
42.432937249596975,0.6350260527806791,0.4478672161900111,1.0,0.0,0.0,1.0,0.0
6.378305756078071,12.551972029616737,1.98701278331608,1.0,1.0,0.0,1.0,0.0
3.228493569518409,0.1186088570484134,0.6166335751623119,1.0,1.0,0.0,0.0,0.0
10.147473142719702,4.7962560141459045,2.1389639416547457,1.0,0.0,0.0,1.0,0.0
13.148851849999575,0.3323991974758744,0.7308510136761639,1.0,0.0,0.0,0.0,0.0
0.7536714447762213,20.91608422452887,3.2633941449676604,0.0,1.0,0.0,1.0,0.0
10.500104693768783,0.1310929235950371,3.86639225986012,1.0,0.0,0.0,1.0,0.0
8.443445478841415,2.4259163911281934,0.2774982889378327,1.0,0.0,0.0,1.0,0.0
6.562472617653747,0.0841605601647548,0.6111851865756938,1.0,1.0,0.0,0.0,0.0
1.2530928360116165,4.771909892926492,0.3475550791371445,0.0,1.0,1.0,0.0,0.0
36.40513956675113,0.3873888496613425,4.772697425038149,1.0,0.0,0.0,1.0,1.0
15.094927651012696,0.5659116202386251,1.19636178966364,1.0,0.0,0.0,0.0,0.0
2.3563051029478106,0.0224042704725006,1.6702296102520109,1.0,0.0,0.0,1.0,0.0
0.872150289791191,5.223623635582107,3.4289825714376363,0.0,0.0,0.0,1.0,0.0
13.20878162993266,0.1466265583729102,7.099564071324593,1.0,0.0,0.0,1.0,1.0
2.081971731214722,0.9011401782026788,0.6114839556741455,1.0,0.0,0.0,1.0,0.0
3.43892759903464,0.3649129545178995,0.9566731047470636,1.0,1.0,1.0,0.0,0.0
1.5921916421961455,3.022340962004689,6.048994778691145,0.0,1.0,0.0,1.0,1.0
3.99103070722421,46.324556719314,0.5849936161784438,1.0,0.0,0.0,1.0,0.0
8.822839926838048,0.0953180807016119,0.7601258652653622,1.0,1.0,1.0,1.0,0.0
9.783908915459332,1.8060678817134408,0.3624176044846089,1.0,0.0,1.0,1.0,0.0
1378.3820058863969,1.241948583557322,1.1439548242082005,1.0,1.0,1.0,1.0,0.0
16.62407019815848,6.765403690738385,1.4283175188841273,1.0,0.0,0.0,0.0,0.0
1.2602222239808742,3.705475444291753,1.7086240890533124,0.0,0.0,0.0,1.0,0.0
240.7800933531176,0.0319624415531799,0.4788186737201566,1.0,1.0,0.0,1.0,0.0
10.432516613014052,0.1674274734483913,2.440539979290554,1.0,1.0,0.0,1.0,0.0
4.9304709096262265,3.645873883102333,1.7674615980163244,1.0,1.0,0.0,1.0,0.0
126.57757053881848,7.061482922679919,1.0679770489261318,1.0,0.0,0.0,0.0,0.0
12.186867400494826,12.942192742457582,0.7952741162713626,1.0,0.0,0.0,1.0,0.0
11.506945378863474,5.581085047011476,0.4945971728984795,1.0,0.0,0.0,1.0,0.0
34.82826183670064,0.9637056571505525,0.2185584504300293,1.0,0.0,0.0,1.0,0.0
6.683147445903536,0.3249022887857218,1.052903674818201,1.0,1.0,0.0,1.0,0.0
7.179734809993735,15.39555609150058,6.013635123949792,1.0,0.0,0.0,0.0,0.0
6.26986167880189,3.42083481420449,0.6951678974809383,1.0,0.0,0.0,0.0,0.0
16.85123446316647,0.008070892121479,2.780613485489233,1.0,0.0,0.0,1.0,0.0
8.009552795330247,0.1289469589142236,0.4968915972531801,1.0,1.0,0.0,1.0,0.0
11.376850636712156,1.82995928626254,2.16689387736098,1.0,0.0,0.0,1.0,0.0
5.889405551976299,0.5832669022124293,61.205172534138754,1.0,1.0,1.0,1.0,0.0
6.7524527447839775,0.1152556955464651,1.0115078176918075,1.0,0.0,1.0,0.0,0.0
4.058703799359733,1.040486746992629,0.2106954056379516,1.0,1.0,0.0,1.0,0.0
3.805156844857014,0.3672517763606936,0.2998089992709684,1.0,1.0,0.0,1.0,0.0
7.594132337492249,0.0890252455245923,1.629747924051674,1.0,0.0,0.0,1.0,0.0
1.5797036270493137,0.3644873749909884,1.1127558813003129,0.0,0.0,0.0,1.0,0.0
8.122195109925217,10.125540985804935,0.358590148046311,1.0,1.0,0.0,0.0,0.0
18.55884043208458,0.135065948058972,0.4365380489615558,1.0,0.0,0.0,0.0,0.0
5.918847814731231,0.5018285188246353,0.1522496050231719,1.0,0.0,0.0,1.0,0.0
5.047602003274293,5.0295867619033015,2.893283310279992,1.0,0.0,0.0,1.0,0.0
5.728116411088201,4.492966156627616,1.1654189630670964,1.0,0.0,0.0,1.0,0.0
7.573415502975731,3.742746642861041,0.3604944229616725,1.0,0.0,0.0,0.0,0.0
6.35945620572466,2.4464038905226384,0.3174184701225401,1.0,1.0,0.0,0.0,0.0
21.85660998552142,0.0935848198624658,2.619719827094553,1.0,0.0,0.0,0.0,0.0
43.5384338401807,0.1267194549027583,0.7840168406462804,1.0,0.0,0.0,1.0,0.0
4.202716582359676,0.2909468492762989,2.761450998712136,1.0,0.0,0.0,1.0,0.0
8.411900707156853,0.0982144410902571,0.4175516378004681,1.0,0.0,0.0,1.0,0.0
31.14102041271505,0.0934493725983405,0.0143941679926691,1.0,0.0,0.0,1.0,0.0
17.433336560507183,8.586464795107844,0.2410070299726016,1.0,0.0,0.0,1.0,0.0
128.7402179589955,4.117389233183691,1.2914467566744612,1.0,0.0,0.0,1.0,1.0
191.8938949473352,0.0842961831653344,2.2471762644724445,1.0,0.0,0.0,1.0,1.0
2.3509437531819035,0.8775287892479243,0.7285626429513246,1.0,0.0,0.0,1.0,0.0
20.205680836834507,0.2646332511285292,3.636714113661575,1.0,0.0,0.0,1.0,0.0
6.3134825811584365,0.1880199009960289,0.4025253759721894,1.0,0.0,1.0,1.0,0.0
12.297511855095577,1.9167367814522995,0.9310551949195244,1.0,1.0,1.0,0.0,0.0
8.815661908566277,0.1173335995205176,1.2262125645878483,1.0,0.0,0.0,0.0,0.0
4.013025807832928,0.3192994823847852,0.1872888148450471,1.0,0.0,0.0,1.0,0.0
13.81435910637936,1.2381162593977122,3.309951715380649,1.0,0.0,0.0,1.0,0.0
14.386942571069309,0.6333587284728392,2.448687904858701,1.0,1.0,0.0,1.0,0.0
46.750445797357806,0.1269453296859226,0.196787957374909,1.0,0.0,0.0,0.0,0.0
10.35576873632819,0.0661995080595592,0.8209224944548443,1.0,1.0,0.0,1.0,0.0
10.792577338770093,1.1908834231585796,0.2919042154198633,1.0,0.0,0.0,1.0,0.0
3.2999142283203,2.292747035804603,0.4354978904597479,1.0,0.0,0.0,0.0,0.0
5.653707190665609,0.5218258807070303,0.1877714847183869,1.0,1.0,0.0,0.0,0.0
58.80612860496438,66.44632247123069,0.2450484678353018,1.0,1.0,0.0,0.0,0.0
4.169884518526526,0.9486100463148278,0.1603961698688776,1.0,0.0,0.0,1.0,0.0
120.23900194266228,43.88997624879946,2.884790216434529,1.0,1.0,0.0,1.0,0.0
8.768089688073859,13.868563466493825,1.675897674715459,1.0,0.0,0.0,0.0,0.0
1.3973910201556057,0.3526598903222537,0.1581835913351955,0.0,1.0,1.0,1.0,0.0
6.016690132905609,1.5185369231257064,0.7008004405614746,1.0,0.0,0.0,1.0,0.0
12.87864284240015,1.3384067254674303,3.4791360619143337,1.0,0.0,0.0,1.0,0.0
14.533314411914947,0.0783727868387812,7.187527195517285,1.0,0.0,0.0,1.0,1.0
57.14099453959452,0.4055815650538446,2.4661077009428958,1.0,0.0,0.0,0.0,0.0
1.627695938656366,27.247183725023657,8.168852522815689,0.0,0.0,0.0,1.0,1.0
3.6815164394505087,13.173306951434986,0.6729634693040865,1.0,0.0,0.0,0.0,0.0
0.9206498366889676,3.233591973466422,0.4429088627773969,0.0,1.0,0.0,0.0,0.0
25.122562838063693,1.2745200540541717,0.510389406278122,1.0,0.0,0.0,1.0,0.0
3.252874857620406,50.92622476285612,1.501744140178802,1.0,0.0,0.0,1.0,1.0
1.4189197894052397,0.0346506901537663,1.0241531059960527,0.0,0.0,1.0,1.0,0.0
6.900903043934132,6.23656785308321,2.3289227712558214,1.0,0.0,0.0,1.0,0.0
25.2195277530564,6.099915124834678,0.1849310162115134,1.0,0.0,0.0,0.0,0.0
22.11488066814939,1.866717079839508,1.0680965538628129,1.0,0.0,0.0,1.0,0.0
5.092256207971486,1.3552688273524187,1.155422921728984,1.0,1.0,0.0,1.0,0.0
237.5539562954948,0.2700098983324372,0.840694396930004,1.0,1.0,0.0,0.0,0.0
6.754783534135868,0.1778891351615764,5.508744691393994,1.0,1.0,0.0,0.0,0.0
19.381353839912283,1.3739431401074331,34.89267306656721,1.0,1.0,1.0,1.0,0.0
7.195326439406559,24.369560302328416,1.2913563572820943,1.0,0.0,1.0,0.0,0.0
3.182835161723049,0.5215149668789262,1.1128568134262948,1.0,0.0,0.0,1.0,0.0
2.873986706218446,8.98402892452536,3.101643557405286,1.0,0.0,0.0,0.0,0.0
12.101082619016283,1.1708080735965452,6.431524985982928,1.0,0.0,0.0,0.0,0.0
6.542896057271264,0.6328278336834459,4.275301434781762,1.0,0.0,0.0,1.0,1.0
105.83967485985548,6.830276762636086,3.0089765105944224,1.0,0.0,0.0,1.0,1.0
136.70110963202364,6.749485413378808,0.5862356625115485,1.0,0.0,0.0,1.0,1.0
4.595075086619758,0.4333351315719734,3.36518683416635,1.0,0.0,0.0,1.0,0.0
8.369019103915806,1.784868776763011,0.3643700419515555,1.0,0.0,0.0,1.0,0.0
10.63692051783498,10.538085471229566,0.5381996235286307,1.0,0.0,0.0,0.0,0.0
33.93201817598396,3.3533079680217424,3.355901615677896,1.0,0.0,0.0,1.0,0.0
4.744488638745978,0.6522047773323659,1.2134141860632934,1.0,0.0,0.0,0.0,0.0
68.7788215662856,0.4027599511237303,0.4707326287643915,1.0,0.0,1.0,0.0,0.0
356.4634570464137,1.150262243630933,1.7757746728450985,1.0,0.0,1.0,0.0,0.0
2.711845808795995,4.782215193525296,1.4813392452700798,1.0,0.0,0.0,1.0,0.0
159.92885688273927,0.95577230791366,2.129759666664775,1.0,0.0,0.0,1.0,1.0
25.6287465062856,0.4875773846026267,0.1509724887896723,1.0,1.0,1.0,1.0,0.0
5.173301069756526,1.4391429924115815,0.4571834223730442,1.0,0.0,0.0,0.0,0.0
0.9751498696294676,0.0304344709598556,0.3515491063256714,0.0,0.0,0.0,1.0,0.0
13.665490906815956,0.1025309380350049,5.542660082271326,1.0,0.0,0.0,0.0,0.0
76.86829174538083,19.892002918929677,0.8688185993331757,1.0,0.0,0.0,1.0,0.0
25.173193601228714,66.37370071441327,1.0647899190638042,1.0,0.0,1.0,0.0,0.0
1.9452575940943524,0.913583722683753,0.3335316122297066,1.0,0.0,0.0,0.0,0.0
5.2660951791755926,0.4142159121177512,2.086558035149529,1.0,0.0,0.0,1.0,0.0
4.894546575303549,0.8129003846655989,0.1685197534802359,1.0,0.0,0.0,1.0,0.0
10.663508423061698,1.0395993805449033,0.3646944260588318,1.0,0.0,0.0,0.0,0.0
13.307245079270093,25.89207644258852,0.4142945228992933,1.0,1.0,0.0,1.0,0.0
15.138676171424644,1.1351850440711275,2.3972758226420154,1.0,0.0,0.0,0.0,0.0
8.849385841385091,276.3283945616377,0.2394974993581462,1.0,1.0,0.0,1.0,0.0
34.11896882350838,0.0490115698966116,4.384722121437709,1.0,0.0,0.0,0.0,0.0
341.81621065727217,0.1628936383915881,0.5465501391331061,1.0,0.0,0.0,1.0,1.0
19.53789762237458,0.170550705321833,0.1591906516927463,1.0,0.0,0.0,1.0,0.0
4.441977051822351,23.6732162766081,0.245724054698375,1.0,1.0,0.0,0.0,0.0
33.1028306078314,6.563426241878823,0.0694686712615838,1.0,0.0,0.0,0.0,0.0
0.7811260890340739,2.426831209817901,1.1065797488163172,0.0,1.0,1.0,0.0,0.0
7.967237158353515,0.1473192491971584,0.4609850596453838,1.0,1.0,1.0,1.0,0.0
7.639531823243735,1.2692060804289986,0.7292784887845535,1.0,0.0,0.0,1.0,0.0
2.7722095684463577,0.9768883897292252,0.1451217131352921,1.0,0.0,0.0,1.0,0.0
3.1195808653606765,0.3566883097085777,1.369885994019334,1.0,0.0,0.0,0.0,0.0
2.1124562368778634,2.734328267210957,3.599740655303206,1.0,0.0,0.0,0.0,0.0
8.503218123304283,2.690770078812266,4.297362891918575,1.0,0.0,0.0,1.0,1.0
26.88730567152232,1.298937877776388,0.1082142231539042,1.0,0.0,0.0,1.0,0.0
34.96236110122271,0.0191250015985872,1.4264122836236222,1.0,0.0,0.0,1.0,0.0
8.796162327506435,0.1097190536714105,0.1950119151347886,1.0,0.0,0.0,1.0,0.0
17.77977852931696,0.6997924272263673,4.751747947634461,1.0,1.0,0.0,0.0,0.0
4.514668437720109,7.717453031871763,3.932145920871665,1.0,0.0,0.0,1.0,0.0
3.096181556315908,0.0656852491980434,4.105752319227372,1.0,1.0,0.0,1.0,1.0
0.4267329543717283,2.040410003718995,3.88451897811766,0.0,0.0,0.0,0.0,0.0
29.63490705416797,1.004804565240515,1.101174668482613,1.0,1.0,0.0,0.0,0.0
0.8543401134407445,3.2435334768060424,7.167424375537754,0.0,1.0,0.0,1.0,1.0
23.279098035494528,0.2335546209991618,1.7728908230455118,1.0,1.0,0.0,1.0,0.0
3.088343575151102,2.403873948634891,0.6633318963737477,1.0,0.0,0.0,1.0,0.0
0.3464395022036815,1.66741282513725,0.285853651247026,0.0,0.0,0.0,0.0,0.0
3.378511053688128,7.411994684893634,1.3202124671833864,1.0,0.0,0.0,1.0,0.0
30.172973224048288,0.0403754667645992,0.5396418891088754,1.0,1.0,0.0,0.0,0.0
47.13608016849596,0.9288805241593396,1.75911459614397,1.0,0.0,0.0,1.0,0.0
15.689604453607428,77.24979172483548,1.3517289010140232,1.0,1.0,0.0,1.0,0.0
29.78794315365961,0.9610348710496948,1.4006769653204585,1.0,1.0,0.0,1.0,0.0
17.522600010717653,2.198785550125403,0.0369722535960006,1.0,0.0,0.0,1.0,0.0
0.4085249197249976,0.1035994253073009,1.1567759612401527,0.0,0.0,0.0,1.0,0.0
22.620501162681094,6.835675994793555,0.4882674117839011,1.0,1.0,0.0,1.0,0.0
99.3226412400652,0.056929651566274,1.832742713903332,1.0,0.0,0.0,1.0,0.0
27.05673746132825,0.2347668031921384,0.6313612845592966,1.0,0.0,0.0,0.0,0.0
37.33228925057775,4.493963008006354,2.089074344006176,1.0,1.0,0.0,1.0,0.0
13.9788397389868,2.3427467394355435,0.5161270684606883,1.0,0.0,0.0,0.0,0.0
5.080687529420657,4.32306841578308,0.2538647539679546,1.0,0.0,0.0,1.0,0.0
1.3590295838835444,1.7757027114869215,0.3226716108614142,0.0,0.0,0.0,1.0,0.0
3.396924766754952,0.1020317653453702,0.9017655195328976,1.0,1.0,0.0,1.0,0.0
72.05104788313548,0.705546494245825,0.0692922390026137,1.0,0.0,0.0,1.0,0.0
9.511658037449491,51.9498507295191,3.363726028268008,1.0,1.0,0.0,1.0,0.0
137.562987106788,0.4300697880145933,1.0612655629541698,1.0,0.0,0.0,1.0,1.0
1.5392472180696,2.2976489214019344,9.720401939697297,0.0,1.0,0.0,0.0,0.0
5.129158045337861,1.2401929368026572,0.343212934068713,1.0,0.0,0.0,1.0,0.0
38.29792967594798,0.838246497194227,0.9884543911924248,1.0,0.0,0.0,0.0,0.0
3.0883918709904705,1.8261361192318768,3.6961121315061463,1.0,1.0,0.0,1.0,0.0
2.3749156768469057,3.3764366449394227,0.2971193539501667,1.0,1.0,0.0,0.0,0.0
1.7838334098579,0.2978381858317896,0.877748211987397,0.0,1.0,0.0,0.0,0.0
23.30708193968639,2.668162822893714,2.5444179283474635,1.0,0.0,0.0,1.0,0.0
1.6298974602285992,0.1094445505265979,2.973789072138428,0.0,1.0,0.0,1.0,0.0
7.652443783123901,0.2248416462659608,0.8172497759762287,1.0,0.0,0.0,0.0,0.0
0.5959503691328755,0.6698279572586185,0.7420959579166382,0.0,1.0,0.0,0.0,0.0
97.67180338833754,0.068629574735848,0.3920966236207292,1.0,0.0,0.0,1.0,0.0
166.5841990714031,5.335181525945115,1.2615307101496205,1.0,0.0,0.0,0.0,0.0
4.410002314986375,0.9366157704375778,1.1454494475356447,1.0,0.0,0.0,0.0,0.0
109.77287123443602,4.460938265359527,9.736389930791873,1.0,1.0,0.0,1.0,1.0
0.8783151987128524,2.2463258263331967,2.2717130991365755,0.0,1.0,0.0,1.0,0.0
2.10236937505161,7.043109394962076,1.1993939641895204,1.0,1.0,0.0,1.0,0.0
38.557902623624095,6.795988973234684,3.183796049006702,1.0,0.0,1.0,1.0,0.0
293.79830657775096,1.5835871954954457,0.9771558550863518,1.0,0.0,0.0,1.0,1.0
7.723577861598351,0.1175608973416704,0.5836497815242914,1.0,0.0,0.0,0.0,0.0
2.323324648400057,0.0902600065217151,0.1891516498623406,1.0,0.0,0.0,1.0,0.0
35.34327425226247,0.8157498172830386,1.1584229558849886,1.0,0.0,0.0,1.0,0.0
45.79374980944316,3.88785931043258,0.8624446864037184,1.0,1.0,0.0,1.0,0.0
23.498421934353875,0.4789623063918863,0.3813036566538435,1.0,0.0,0.0,1.0,0.0
7.911979772491762,0.1071332671455357,1.1532722856895932,1.0,0.0,0.0,0.0,0.0
11.752265618840962,3.888323064602516,4.273882379377218,1.0,0.0,0.0,1.0,1.0
24.670390604779747,11.3462269981443,0.4061047362397639,1.0,1.0,0.0,0.0,0.0
2.939234559335596,5.08861575092658,0.0951789807594412,1.0,1.0,0.0,1.0,0.0
4.232132882171132,1.040400275670336,1.0548569068949645,1.0,0.0,0.0,0.0,0.0
55.57224316123197,0.019008865866019,0.3669589757060584,1.0,0.0,0.0,1.0,0.0
8.809564177196611,0.0250502867168255,0.6168069200491703,1.0,0.0,1.0,1.0,0.0
3.068277481441112,3.5346238028791026,0.6419414188644667,1.0,1.0,0.0,1.0,0.0
0.5533832929117244,4.211432284826734,1.398216936121967,0.0,0.0,0.0,1.0,0.0
1.317852088925136,0.2069907314830484,1.757443676880072,0.0,1.0,0.0,1.0,0.0
27.899234784715706,0.0345308195291387,3.3256024236726867,1.0,0.0,0.0,0.0,0.0
20.030045707614622,2.4110675803457515,0.1763790778029611,1.0,1.0,0.0,1.0,0.0
4.51605236153019,3.3096874704038965,3.1893173374459534,1.0,0.0,0.0,1.0,0.0
5.101434728906398,0.3698014860686024,0.6930471643521587,1.0,0.0,0.0,0.0,0.0
1.9334037241086235,17.230640767143946,0.4643337534136086,1.0,0.0,0.0,0.0,0.0
53.83793542978171,1.4451146188938226,2.991231173237688,1.0,0.0,0.0,1.0,0.0
11.948045105887608,3.119979866673562,3.1580333325859136,1.0,1.0,0.0,0.0,0.0
3.737978199086762,0.2419913724417673,0.4618988054079975,1.0,1.0,0.0,1.0,0.0
19.175443140172256,0.666559775994076,1.199343394024165,1.0,0.0,0.0,0.0,0.0
10.86375306880583,0.6836833083781816,1.2808325727988974,1.0,0.0,0.0,1.0,0.0
16.257601994381943,0.4623275161627236,0.3647217555452288,1.0,0.0,1.0,1.0,0.0
6.904396237362877,0.2790176754076127,1.19394386936348,1.0,1.0,0.0,1.0,0.0
7.0129374275522025,0.2968677809160731,1.030531359589442,1.0,0.0,0.0,0.0,0.0
3.5276641735892893,10.952596198481912,0.5586587619186173,1.0,0.0,0.0,0.0,0.0
1.4038819704078522,0.174630937796002,1.1511030084100138,0.0,0.0,0.0,0.0,0.0
45.57121851775495,2.3366371533404857,1.8992747622380024,1.0,0.0,0.0,1.0,0.0
4.544395741497981,0.008401029948868,0.0592707371011932,1.0,1.0,0.0,1.0,0.0
11.604453954689545,0.542120814796518,0.531468995673448,1.0,0.0,0.0,1.0,0.0
16.115754274070866,0.0422523327987935,4.941194239781379,1.0,0.0,0.0,1.0,1.0
4.805469702905471,0.6161138575873534,0.7101779322200092,1.0,0.0,0.0,0.0,0.0
15.621504528332434,0.5791010579319388,0.7200374168160497,1.0,0.0,0.0,1.0,0.0
40.34345191699445,0.0618842808553904,3.2847057333233987,1.0,1.0,0.0,1.0,0.0
93.06553386190323,0.0143590728571741,0.916685745550084,1.0,1.0,0.0,0.0,0.0
7.6496151669689345,0.5729908025205553,1.0616619610763904,1.0,0.0,1.0,1.0,0.0
21.289458009652417,19.25444897386013,0.9788096684586648,1.0,1.0,0.0,1.0,0.0
2.41401496785534,0.5524400954702289,0.7426539003007612,1.0,0.0,0.0,1.0,0.0
169.86196939938523,2.9750620960446543,2.953181881518094,1.0,1.0,0.0,1.0,0.0
26.318618444786782,0.1959386726145527,0.7762452281752494,1.0,1.0,0.0,1.0,0.0
4.155060628854186,4.147382659776412,0.444035711893226,1.0,0.0,0.0,1.0,0.0
3.87036445407573,0.2500964928030398,1.3907145704875477,1.0,0.0,1.0,1.0,0.0
3.5875011171665143,0.2227207828731973,3.7706926273678967,1.0,0.0,0.0,1.0,0.0
4.838536705620646,12.32567961206318,9.75323543001348,1.0,1.0,0.0,1.0,1.0
38.93886732297005,0.3640693319698131,0.31744712346332,1.0,0.0,1.0,1.0,0.0
6.186127582545036,2.6119398999408467,0.7603048072057971,1.0,0.0,0.0,1.0,0.0
28.05890592209073,2.120324585119572,0.2538163461555667,1.0,0.0,0.0,1.0,0.0
1.1189870744218524,9.8585163604109,6.91900372844482,0.0,0.0,0.0,0.0,1.0
2.634826130731973,3.784275986379933,2.197463307107136,1.0,1.0,0.0,1.0,0.0
14.781196348495545,0.1671065797042213,1.2818664291767734,1.0,0.0,0.0,0.0,0.0
18.559448790687288,1.1065513964737623,0.3184327417968769,1.0,0.0,0.0,1.0,0.0
1.1938971320472538,0.1540624142712152,1.1404712089533433,0.0,1.0,0.0,0.0,0.0
7.963583340810052,2.4660688047228194,2.2256772389059334,1.0,0.0,0.0,1.0,0.0
51.45546154161711,0.6489244917695025,0.3419706718921572,1.0,0.0,0.0,1.0,0.0
101.72684031673916,5.066157463861747,1.4504904763545476,1.0,0.0,0.0,1.0,1.0
1.4688745700958357,2.165017455265257,0.3743930318711249,0.0,1.0,0.0,1.0,0.0
5.155191118630034,0.761665019832216,2.5806762330170647,1.0,0.0,1.0,1.0,0.0
13.160678186949864,0.1726701459225307,0.3025931308041297,1.0,0.0,0.0,1.0,0.0
218.32924677517605,1.6353758874316793,0.407838376176904,1.0,1.0,0.0,1.0,0.0
12.704350165172851,1.9686615801088052,0.5334368861161418,1.0,1.0,0.0,1.0,0.0
4.90828372928921,5.910728531537764,0.1487507429283382,1.0,0.0,0.0,0.0,0.0
4.518232726342382,0.0246401199241912,3.5098260024462484,1.0,0.0,0.0,0.0,0.0
11.291295411438307,2.2095077813547315,5.091888682629681,1.0,1.0,0.0,1.0,1.0
4.39764689066418,0.0479674104680685,1.8098301040594664,1.0,0.0,0.0,1.0,0.0
2.910830783178178,1.0056886906698186,0.3877605194092846,1.0,0.0,0.0,1.0,0.0
7.493198041599271,0.5377256374597372,4.44653419572786,1.0,1.0,0.0,0.0,0.0
29.12662583956949,0.1480629541021816,0.4099886848232143,1.0,0.0,0.0,1.0,0.0
6.439753538804997,0.1788550670324168,0.1250822086799605,1.0,0.0,1.0,1.0,0.0
35.88492145901081,0.2345528022910346,2.6783707692639798,1.0,0.0,0.0,0.0,0.0
17.761900985898922,0.1503367606265709,2.1631990711585933,1.0,1.0,1.0,0.0,0.0
3.9396160148628505,0.121387755213619,0.419720745070946,1.0,1.0,0.0,1.0,0.0
43.16712003355413,0.8594450621650825,0.2420450377509508,1.0,0.0,0.0,1.0,0.0
1.7768925218451992,0.0774644650673617,1.0943047134653106,0.0,0.0,1.0,1.0,0.0
19.712372825765776,1.0482924079487606,0.3847080862704998,1.0,0.0,0.0,1.0,0.0
157.29350939237872,1.482799272817704,0.582802801159803,1.0,0.0,0.0,1.0,1.0
190.1309807729606,7.582967357176797,1.350440705774887,1.0,0.0,0.0,0.0,0.0
5.654655568727034,2.7178117981231256,0.5192076508886214,1.0,1.0,0.0,1.0,0.0
20.874277195959557,5.600170718757831,1.280350971682674,1.0,0.0,1.0,1.0,0.0
46.193322215579045,1.5405271755541603,22.200086099736275,1.0,1.0,1.0,1.0,0.0
98.52941681630443,1.4590610919926623,12.755182942489393,1.0,1.0,0.0,0.0,0.0
5.394311012491713,0.1750661510985791,0.0732684659577376,1.0,0.0,0.0,1.0,0.0
3.072644926552837,0.7153603113132603,1.9004836735936892,1.0,0.0,0.0,1.0,0.0
16.962928865469298,25.1164792039276,0.4916272175381836,1.0,0.0,0.0,1.0,0.0
53.72023232147782,0.0319339133700684,0.6478496042514857,1.0,1.0,0.0,1.0,0.0
3.5169809757014106,0.4971866560832279,0.5228065590621602,1.0,0.0,1.0,0.0,0.0
7.927516816532594,4.041137802207163,0.2893186105818061,1.0,0.0,0.0,1.0,0.0
3.946572794806552,26.417120305689615,5.754614912739381,1.0,1.0,0.0,1.0,1.0
6.910067088078914,4.367234500334675,0.8626006718254353,1.0,0.0,0.0,1.0,0.0
0.6958463656171604,2.999801408363913,1.1648228362772066,0.0,0.0,0.0,1.0,0.0
5.310863543335879,0.1831162640500386,1.048013813893085,1.0,0.0,0.0,1.0,0.0
3.4768107076015022,0.6622765675619035,0.84921164645275,1.0,0.0,1.0,1.0,0.0
7.409358360496545,0.1196121485214421,3.188889324726356,1.0,0.0,0.0,1.0,0.0
5.257152903105105,0.8807813400064973,0.7222133502409194,1.0,1.0,0.0,1.0,0.0
17.40412965360048,15.625324204189114,1.9491129409162011,1.0,0.0,0.0,1.0,0.0
12.577177831898158,1.1680726508290449,0.469251717469532,1.0,1.0,0.0,1.0,0.0
1.4942122848312671,0.5355721319082329,2.8082980004563183,0.0,0.0,0.0,0.0,0.0
14.18457558899412,0.2863380497276439,0.5021560478966626,1.0,1.0,1.0,1.0,0.0
8.08036987823323,1.3090627665636494,1.7754849154107668,1.0,0.0,0.0,1.0,0.0
14.035447447292336,1.006477536334622,0.3504516044404996,1.0,1.0,0.0,1.0,0.0
4.764535970768776,3.433346716875848,0.5256104867990958,1.0,0.0,1.0,1.0,0.0
0.7051506423057529,3.807816418715965,0.6178884521845195,0.0,0.0,0.0,1.0,0.0
6.319505443698659,0.64422102949572,0.3016248651998539,1.0,0.0,0.0,1.0,0.0
172.12461726960757,4.187561554002784,1.8400414441185755,1.0,0.0,0.0,0.0,0.0
14.077117574666897,0.99808637736869,3.683746724241173,1.0,0.0,0.0,1.0,0.0
19.32739569453804,8.797809912234577,3.681446361358881,1.0,0.0,1.0,0.0,0.0
10.988272010345646,4.060202059853213,1.247247199980683,1.0,0.0,0.0,0.0,0.0
47.56755268341912,3.86781410835169,1.829529752397301,1.0,0.0,0.0,0.0,0.0
15.812041575873144,2.6125217475587568,0.5881190421623167,1.0,0.0,0.0,0.0,0.0
13.05320025458314,1.22833952645917,31.28644350513827,1.0,0.0,0.0,1.0,1.0
2.3731040930035068,0.0238587488989612,1.4596323742848878,1.0,0.0,0.0,0.0,0.0
12.26686820844793,0.0468559580407489,1.4071109127858716,1.0,0.0,0.0,0.0,0.0
2.026111485765016,2.270186572907914,0.8216139923657007,1.0,0.0,0.0,1.0,0.0
3.732015011441888,0.4975169435777563,0.5344121186053616,1.0,0.0,0.0,1.0,0.0
2.16098815025096,0.0551004074814624,0.3356060659130643,1.0,0.0,0.0,1.0,0.0
36.03097444757884,0.2893782394924699,1.050212863160379,1.0,1.0,0.0,1.0,0.0
130.23312818025724,0.1058210350166826,0.283264693627334,1.0,0.0,0.0,1.0,1.0
18.918346651043912,0.0612560543731051,0.2274090373094444,1.0,1.0,0.0,1.0,0.0
44.73094835853667,2.26157837187356,0.3315340766698584,1.0,0.0,0.0,1.0,0.0
0.5386330484819918,0.7566743908962036,2.713867476311977,0.0,1.0,0.0,0.0,0.0
24.10545371936241,4.326356387467468,0.7242462112941485,1.0,0.0,0.0,1.0,0.0
142.5684197866921,6.220794714942167,1.8861834866617844,1.0,1.0,0.0,0.0,0.0
1.4074421505769006,0.1692706297218028,1.60363595015303,0.0,1.0,0.0,1.0,0.0
3.95880239159398,4.413486150831907,0.1756927141562944,1.0,0.0,0.0,1.0,0.0
2.066126680573228,0.6299056857475078,0.8831214663183758,1.0,1.0,1.0,1.0,0.0
0.9917472635591308,0.0971402148360694,0.9410624810711212,0.0,1.0,0.0,0.0,0.0
8.207348487411496,1.8852945204614096,0.721229566275614,1.0,0.0,0.0,1.0,0.0
51.11814232321193,0.469372594798312,0.7291588477781183,1.0,0.0,0.0,1.0,0.0
12.860398921788008,0.0620259862269194,1.5092948838839728,1.0,0.0,0.0,1.0,0.0
68.35029734798836,1.0380737717285409,5.529445236086638,1.0,0.0,0.0,1.0,1.0
7.633600939469365,0.0858852555235042,1.612736764692018,1.0,0.0,0.0,1.0,0.0
2.3147451504354595,0.1476109979472808,4.555077155896833,1.0,0.0,0.0,0.0,0.0
53.07977807507813,0.035484760056625,0.7797565878996755,1.0,0.0,0.0,1.0,0.0
4.182077319273231,36.15253304612352,0.3143799519462918,1.0,0.0,0.0,0.0,0.0
6.130665445261545,2.800993830277481,0.7449222483631878,1.0,1.0,1.0,1.0,0.0
18.06505489929843,0.1473397286678562,0.5310819386522057,1.0,0.0,0.0,1.0,0.0
11.705720218252052,0.0057822303633853,0.1297912480973587,1.0,1.0,0.0,1.0,0.0
29.81454759516336,330.6763420907039,0.2731852814020842,1.0,0.0,0.0,0.0,0.0
21.00059231741918,0.083812250095299,0.512902416745885,1.0,1.0,0.0,0.0,0.0
51.50496821005506,2.7978159520980763,0.1167864413137508,1.0,0.0,1.0,0.0,0.0
1.3995533156980278,1.0889617383034895,0.6209959263135629,0.0,0.0,1.0,0.0,0.0
4.962032619285884,0.4242707765343547,4.698914619798475,1.0,0.0,0.0,1.0,1.0
9.110067883646732,0.3391719664783935,0.1009463957829128,1.0,0.0,0.0,1.0,0.0
33.41907544168651,1.0274193343419131,0.704376366850277,1.0,0.0,0.0,1.0,0.0
9.201777053813844,1.0952017697604726,0.961039993817165,1.0,0.0,0.0,1.0,0.0
82.02474664851633,0.8247529124351297,2.7407182419121536,1.0,1.0,0.0,0.0,0.0
16.850784437109045,1.86190955218873,0.4633302901086997,1.0,0.0,0.0,1.0,0.0
1.6799731348819575,5.345525035596372,4.034645356243162,0.0,0.0,0.0,1.0,1.0
178.00895872852013,1.321897359127167,0.3774215007373175,1.0,0.0,0.0,1.0,1.0
1.7348575069704428,34.12027418359538,3.187801725085753,0.0,0.0,0.0,1.0,0.0
5.964654843728287,4.325608321435616,0.5259401564933892,1.0,1.0,0.0,1.0,0.0
25.12050200247126,2.7572191327317817,0.1600953546069096,1.0,1.0,0.0,1.0,0.0
2.742777731303303,5.710093215890332,2.689413289557268,1.0,1.0,0.0,1.0,0.0
0.4123314594424628,1.7541579272349066,2.022241048036384,0.0,1.0,0.0,0.0,0.0
13.469441065060144,0.0833901675874466,8.488355115990435,1.0,1.0,0.0,1.0,1.0
2.0114033045251314,1.2521774277929094,2.061748039296177,1.0,0.0,0.0,0.0,0.0
3.3122811546849467,0.9846089049209764,2.349945275935076,1.0,0.0,0.0,0.0,0.0
0.4866101429153079,2.3626454820485545,0.946672010295352,0.0,1.0,0.0,0.0,0.0
1.1976281404861062,0.9768648630799052,0.5293650214196022,0.0,0.0,0.0,0.0,0.0
34.85213280969924,19.382024845804736,1.6686417268896536,1.0,1.0,0.0,0.0,0.0
19.570664446153454,0.605870321100039,0.4241835046375541,1.0,0.0,0.0,0.0,0.0
25.25536434623187,28.144373796846,0.3053445992486903,1.0,0.0,0.0,1.0,0.0
3.2215631572632115,0.281984998756896,0.1683772928896223,1.0,0.0,0.0,1.0,0.0
1.434745434467286,0.5188382007300751,3.1807448389173443,0.0,0.0,0.0,1.0,0.0
56.19918195380238,0.0560954051821637,1.408305742865692,1.0,0.0,0.0,0.0,0.0
4.281411078373926,0.7784063967443831,1.443158512567665,1.0,1.0,0.0,0.0,0.0
5.285127989907242,0.8926880026270706,0.4962167144215707,1.0,1.0,0.0,0.0,0.0
17.01165812202645,0.2618809115464121,3.040379039245145,1.0,0.0,0.0,0.0,0.0
1.1265393111927733,1.4891553081397435,7.039147331629184,0.0,1.0,0.0,0.0,0.0
1.3557184439064809,2.6048463058647258,1.0341181389803145,0.0,0.0,0.0,1.0,0.0
28.187391895269982,0.1380449256057785,1.6925315001125485,1.0,0.0,1.0,0.0,0.0
77.60666333463583,2.0949735694848584,0.4078656746054124,1.0,0.0,0.0,1.0,0.0
10.752388682420008,0.8417816481211174,0.5107187746340148,1.0,0.0,0.0,0.0,0.0
14.571075109423212,4.915033517415823,0.7747927952833964,1.0,1.0,0.0,1.0,0.0
10.24177147748402,2.6924611517573647,0.7675605478965438,1.0,0.0,0.0,1.0,0.0
6.876878114105224,0.9693840319786188,2.370859372064131,1.0,0.0,0.0,0.0,0.0
1.882486464126334,1.2106936576050185,0.5299296300102462,0.0,1.0,0.0,0.0,0.0
87.3921020226808,0.0641441312076348,4.706628917554461,1.0,0.0,0.0,1.0,1.0
5.273831395726702,8.25448090016582,0.4801304556730306,1.0,0.0,0.0,1.0,0.0
14.124765713718215,1.076127640028661,0.7262378457639118,1.0,0.0,0.0,1.0,0.0
3.3948592325083817,1.9945973780079893,2.399720467662613,1.0,0.0,0.0,1.0,0.0
7.690099770789331,0.2224909063500176,1.614067745343995,1.0,0.0,0.0,1.0,0.0
0.5848707708373015,0.0892307071018013,0.0301015237102589,0.0,0.0,0.0,0.0,0.0
68.41999775984473,0.0998409765269248,1.7111610506745454,1.0,0.0,0.0,1.0,0.0
10.49215810116909,1.0401497500813628,0.601364893358291,1.0,1.0,1.0,0.0,0.0
17.534589342825598,0.0986036337074264,1.4819734401485831,1.0,1.0,0.0,0.0,0.0
1.0403168273120265,12.71717643388157,0.9773609670269788,0.0,1.0,0.0,0.0,0.0
10.048553852138454,1.5448992640791328,1.2232529440830835,1.0,0.0,0.0,1.0,0.0
23.024443781202468,0.0574548389373928,2.9257641363912885,1.0,0.0,0.0,1.0,0.0
2.2135999402650244,2.610004239425919,0.1425752637649298,1.0,0.0,0.0,1.0,0.0
88.66366287296107,4.959109006150983,1.9971875446405216,1.0,0.0,0.0,0.0,0.0
42.39880402629249,12.7476518936126,0.2093044815389286,1.0,0.0,0.0,1.0,0.0
8.04702863148172,0.199325252849843,1.5688256962716816,1.0,1.0,0.0,1.0,0.0
158.99361915484124,1.308535051852871,1.839629091674412,1.0,0.0,0.0,1.0,1.0
134.71657425276672,0.0625653142196131,0.4742532297294656,1.0,1.0,0.0,0.0,0.0
106.22721687277053,0.2864578166060193,1.953970597673365,1.0,1.0,1.0,0.0,0.0
10.780315386508928,0.0871458023721823,0.446757188126294,1.0,0.0,0.0,1.0,0.0
10.55221209866166,0.1448295377430042,2.710219420897687,1.0,1.0,1.0,1.0,0.0
41.46106117207172,22.46198150645829,0.5854705305537053,1.0,0.0,0.0,0.0,0.0
4.767953085575631,0.2867825622325465,2.591484337576103,1.0,1.0,0.0,1.0,0.0
35.03226353336083,2.400192069324735,2.531247738755994,1.0,1.0,0.0,0.0,0.0
1.8389358516536565,2.127221905815095,0.582345601520674,0.0,0.0,0.0,1.0,0.0
5.689527892176101,0.1294036081098936,3.3506927743509727,1.0,0.0,1.0,1.0,0.0
27.03567614640957,8.711441518225651,0.5265770010207473,1.0,0.0,0.0,0.0,0.0
2.698677918014436,0.6451028760578822,3.4940788421368367,1.0,0.0,0.0,1.0,0.0
1.3058868133742314,1.1544427882864243,0.2055876393785232,0.0,1.0,0.0,1.0,0.0
5.180433050308638,19.731357856332465,0.922368846019776,1.0,0.0,0.0,1.0,0.0
10.162489822698442,2.810505620022321,2.6927408316405863,1.0,1.0,0.0,1.0,0.0
4.25799132210166,0.340005465404726,1.066581452844979,1.0,0.0,0.0,1.0,0.0
13.136885013506802,2.53060982543933,6.899341532602355,1.0,1.0,0.0,0.0,0.0
4.26002045242924,0.7716922268727995,21.733057337613563,1.0,0.0,0.0,0.0,0.0
147.05271353272175,0.0471288335296706,1.4418901169144056,1.0,0.0,0.0,0.0,0.0
14.925487358946665,0.2464064869148474,5.164808449102529,1.0,0.0,0.0,1.0,1.0
0.1472483170409618,0.1082824294409263,1.0926472269809202,0.0,0.0,0.0,1.0,0.0
21.600823279089436,0.958534904127681,1.1603752011628077,1.0,1.0,0.0,1.0,0.0
8.947778972399915,0.0881332656045194,0.5401037065754279,1.0,1.0,0.0,1.0,0.0
10.879387834885328,1.6969626194929448,2.1233269297191057,1.0,0.0,0.0,1.0,0.0
2.4313353293049613,0.0512712712442132,2.259087987738932,1.0,0.0,0.0,1.0,0.0
0.3709659426442172,25.0460996460707,0.0788103908030629,0.0,0.0,0.0,1.0,0.0
260.3755225880523,1.018255357040914,0.921904633731034,1.0,0.0,0.0,1.0,1.0
14.158347369695903,0.0387374472985308,0.4980154852295849,1.0,0.0,1.0,1.0,0.0
71.20335226345469,0.0206448994627878,1.435552506374203,1.0,0.0,0.0,1.0,0.0
15.311219320674018,0.2783757611378368,2.576783729444536,1.0,0.0,0.0,1.0,0.0
15.189957444516404,14.21994305911735,2.087560561941044,1.0,0.0,0.0,1.0,0.0
10.557643572240185,0.0776974817434405,0.4185457161909662,1.0,0.0,0.0,1.0,0.0
48.95161550670552,0.2162576952954966,12.486987881736196,1.0,0.0,0.0,1.0,1.0
1.3452765930088886,0.3737575143255195,1.892884751354546,0.0,1.0,0.0,1.0,0.0
43.6063216677853,0.9376410877040564,2.5468225870905155,1.0,0.0,1.0,0.0,0.0
8.301814799653739,0.2366158956955371,0.3211830654384949,1.0,1.0,0.0,0.0,0.0
6.887501428551394,0.1503980355301299,1.7282460788402183,1.0,0.0,0.0,0.0,0.0
4.014461229804782,3.7100409458557975,1.9112468400428195,1.0,1.0,0.0,0.0,0.0
5.382727260186893,0.1766039255197998,3.0916699473260523,1.0,1.0,0.0,1.0,0.0
23.97801616401018,0.7089849993976058,0.5073490005833251,1.0,0.0,0.0,1.0,0.0
5.708504538849176,10.85707037874002,0.3853801441358478,1.0,1.0,1.0,0.0,0.0
8.867816867942782,0.7683460486410852,3.3574172249848098,1.0,0.0,0.0,0.0,0.0
10.61291330136369,2.5260423074587157,3.9662088252506864,1.0,1.0,0.0,1.0,0.0
13.881865747464984,0.0997300301555677,2.813083652940616,1.0,1.0,0.0,1.0,0.0
15.189660376625408,0.1143692431793859,2.5717979987653554,1.0,0.0,0.0,0.0,0.0
1.553960809785491,0.7745091536190729,0.3222800614117114,0.0,0.0,1.0,0.0,0.0
1.9750460330188917,2.969059150585561,2.5439398461153893,1.0,1.0,0.0,1.0,0.0
4.893042801180268,0.0563233467109415,4.100181787420172,1.0,0.0,0.0,0.0,0.0
26.2932494766866,0.3306980740738858,0.5797642072071135,1.0,0.0,0.0,1.0,0.0
15.551220829783915,0.0136117236334375,1.456396238186196,1.0,0.0,0.0,1.0,0.0
18.56334415875029,1.0704980347305648,0.2234784291629182,1.0,0.0,0.0,1.0,0.0
1.2285524302476538,9.256474239371263,4.906841315405873,0.0,1.0,0.0,1.0,1.0
310.38070944063446,1.0692067655525108,0.556541006054249,1.0,0.0,0.0,1.0,1.0
13.846472155414617,0.0688434331212295,0.6004328016490964,1.0,0.0,0.0,0.0,0.0
22.01479479394895,0.0844617060490279,1.0484570032412377,1.0,0.0,0.0,1.0,0.0
3.126221114228274,0.8068796527571475,2.1005676121002046,1.0,1.0,0.0,1.0,0.0
7.644615479774493,1.5958262961177896,0.173431082713079,1.0,1.0,0.0,0.0,0.0
10.880241812148698,0.1100332958731486,1.0376127321546398,1.0,1.0,0.0,0.0,0.0
15.18854896225616,0.1552578686535115,0.169862941115863,1.0,0.0,0.0,1.0,0.0
9.30056138596214,5.247484601332167,0.5361472293844705,1.0,1.0,0.0,0.0,0.0
17.138438477292482,44.71067662504482,6.431055366636436,1.0,0.0,0.0,1.0,1.0
14.690373365628988,0.5400129355197055,0.596829561028743,1.0,0.0,0.0,1.0,0.0
3.950148666502977,102.04059610882446,9.151627268345834,1.0,1.0,0.0,1.0,1.0
9.627490695176798,0.4457820754760336,3.170448650156578,1.0,1.0,0.0,0.0,0.0
16.875940264000267,1.0930515889986183,2.035207648689522,1.0,0.0,0.0,1.0,0.0
2.1431835435686004,7.549099296474993,4.932423226691919,1.0,1.0,0.0,0.0,0.0
11.238969342478676,0.2398822782814788,0.6873749630632178,1.0,1.0,0.0,1.0,0.0
29.33923171998408,2.4261435439341867,1.6161186691958158,1.0,0.0,0.0,0.0,0.0
0.5758750185425946,0.2232444078411486,0.48139053686589,0.0,1.0,0.0,1.0,0.0
0.5201693293574365,0.3148949104545271,2.508767365808678,0.0,0.0,0.0,0.0,0.0
4.653264830136282,1.941846761818824,3.848330604675792,1.0,0.0,0.0,0.0,0.0
169.09258780991232,1.7070692267011305,0.072025900567975,1.0,0.0,0.0,1.0,1.0
43.99211962616783,14.923089516687082,0.9856730976290214,1.0,1.0,0.0,0.0,0.0
0.645761117984713,1.3511177203938751,1.87383836616906,0.0,0.0,0.0,0.0,0.0
149.18125605450066,0.8551423571637035,1.1643143511687102,1.0,0.0,0.0,1.0,1.0
41.75534591508628,2.8095286284811576,0.7690786442225764,1.0,0.0,0.0,0.0,0.0
0.7912536949561899,0.2236418691930518,0.4578526432057612,0.0,0.0,0.0,0.0,0.0
25.652486298219102,5.062531260458948,0.4506409507136718,1.0,1.0,0.0,0.0,0.0
11.784753173010284,7.338456313364285,3.5341148130675784,1.0,0.0,0.0,0.0,0.0
88.98803487456419,4.650294249755329,0.8069576135666576,1.0,0.0,0.0,1.0,0.0
2.7369707346283185,2.698736978242005,0.8740665857998825,1.0,1.0,0.0,0.0,0.0
13.951372885727045,0.5528427720224305,1.285749858471005,1.0,0.0,0.0,0.0,0.0
2.318420115721134,1.261294031216953,2.261730375019689,1.0,0.0,0.0,0.0,0.0
2.6348594370363267,0.7305185639940063,1.793594767585693,1.0,0.0,0.0,1.0,0.0
29.262321531937197,0.5082048477366602,0.0958132841748481,1.0,1.0,0.0,1.0,0.0
43.44342261933457,17.14226674453283,1.240778968656428,1.0,0.0,0.0,1.0,0.0
5.864575859416182,14.634844996398858,0.2981907529734228,1.0,0.0,1.0,1.0,0.0
5.977069482624146,2.663038370865169,0.4265749987674413,1.0,1.0,0.0,0.0,0.0
6.372106861618683,6.471270227465573,0.2846398492756713,1.0,1.0,1.0,1.0,0.0
13.300566553043932,1.9484318711775075,1.506029744010304,1.0,0.0,1.0,1.0,0.0
21.85147045566432,23.45908030347379,2.088330291094682,1.0,1.0,0.0,1.0,0.0
69.15779780361629,6.990781472713469,2.821808966564737,1.0,0.0,0.0,1.0,0.0
24.86100344106536,1.749328486114126,1.596103950156883,1.0,0.0,0.0,1.0,0.0
33.80092358614801,2.2681081866207045,0.7139443175804989,1.0,1.0,0.0,0.0,0.0
4.230533575003848,0.030632009907843,0.7869267829866933,1.0,0.0,0.0,1.0,0.0
34.39057574574992,1.738279024742181,0.0941345021823133,1.0,0.0,0.0,1.0,0.0
50.55417063087789,3.84217214881263,2.159104364716185,1.0,1.0,0.0,1.0,0.0
3.738462772359814,0.2894921817462838,4.064072140608714,1.0,0.0,0.0,1.0,1.0
2.514075581520524,11.917027212363344,1.7345700320275,1.0,1.0,0.0,1.0,0.0
82.76755805421062,2.6335185468636726,0.1125412532197726,1.0,1.0,0.0,1.0,0.0
10.46563141239641,0.0994095821383281,0.1730082656786176,1.0,1.0,0.0,0.0,0.0
23.09779816930035,2.612585211212373,3.585248597037889,1.0,1.0,0.0,0.0,0.0
13.695246020112709,7.519849637310997,0.1862791665562249,1.0,0.0,0.0,1.0,0.0
18.219740866486696,8.949230633847307,1.4001023762183056,1.0,0.0,0.0,0.0,0.0
3.3428780811619765,0.0698867516762629,2.3586302214025,1.0,0.0,0.0,0.0,0.0
26.074366536344925,0.3338442638713752,1.8221633791462477,1.0,1.0,0.0,0.0,0.0
4.667699464815472,0.0817724520728752,1.8505435078629744,1.0,0.0,0.0,0.0,0.0
15.76812512699877,8.22670149242304,1.281177881495904,1.0,0.0,0.0,1.0,0.0
186.98081008324493,5.6756807092314,0.3304466969357961,1.0,1.0,0.0,1.0,0.0
9.921069297986309,1.179972365514536,0.7141139398028891,1.0,1.0,0.0,1.0,0.0
0.2449380875565314,0.5639794913647634,4.154853346905799,0.0,1.0,0.0,1.0,1.0
4.227311878205014,0.086236431735408,1.936996326233805,1.0,1.0,0.0,1.0,0.0
371.6528441068335,0.2998941748508867,0.3283633531879513,1.0,0.0,0.0,1.0,1.0
2.010857305761451,7.623258315817842,1.3447557021435572,1.0,0.0,0.0,0.0,0.0
40.335985513921294,0.4661789711989397,1.844905727207775,1.0,1.0,0.0,1.0,0.0
20.715863728132547,1.5388979683938149,2.049075952995347,1.0,0.0,0.0,1.0,0.0
24.98380336254283,0.3713191564865221,3.2838712518738027,1.0,0.0,1.0,0.0,0.0
5.969003679781957,0.4075327608571334,0.7662542485174897,1.0,1.0,0.0,1.0,0.0
0.8625215483898833,0.6049229229641075,0.3946473064088522,0.0,1.0,0.0,1.0,0.0
5.359346170810916,1.1419769351097375,1.6353077606971038,1.0,1.0,0.0,1.0,0.0
4.2777528645458505,0.1602437457250661,0.6568140292548963,1.0,0.0,0.0,1.0,0.0
26.11642229694782,1.891199340907317,3.696231699417151,1.0,1.0,0.0,0.0,0.0
4.515188236573491,0.1407200949905243,0.4236140381602544,1.0,0.0,0.0,1.0,0.0
2.4140625613941,114.2371277310192,0.7044640559433338,1.0,0.0,0.0,0.0,0.0
2.065865793994888,4.338542628558979,5.321961443636858,1.0,1.0,0.0,0.0,0.0
0.424696730963506,0.0594284046239143,0.0848356190705129,0.0,1.0,0.0,1.0,0.0
1.7538576682986164,4.121067747982475,0.4297493016124628,0.0,0.0,0.0,0.0,0.0
12.849691386290472,0.2245964265664136,0.6201920895272316,1.0,1.0,0.0,0.0,0.0
11.283113550924083,68.12263730126836,1.3958532974385514,1.0,1.0,0.0,1.0,0.0
2.4115301441315475,2.198314021022041,0.7048189083901047,1.0,1.0,0.0,0.0,0.0
2.470148338782696,0.2180200223921226,1.3595731870329917,1.0,0.0,0.0,1.0,0.0
8.722098734557944,27.829914446858,0.0767470586788285,1.0,0.0,0.0,1.0,0.0
32.35695036509573,29.36646498699569,0.947761917649306,1.0,0.0,0.0,0.0,0.0
9.806335925866009,14.776981173396678,0.5285010690782632,1.0,1.0,0.0,1.0,0.0
0.4630154240317388,2.32600715392673,4.926082943030277,0.0,0.0,0.0,1.0,1.0
9.64256369001428,31.933140832132192,1.6289765747130422,1.0,0.0,0.0,0.0,0.0
6.30640324162164,0.3202313292555399,0.2982361695747983,1.0,1.0,0.0,0.0,0.0
0.7788860536058712,1.5553960222943697,1.6971211543308604,0.0,1.0,0.0,1.0,0.0
51.290326496160326,0.0153015086389071,10.993379611128148,1.0,1.0,0.0,1.0,1.0
64.00781649691206,3.187010764585931,1.1156230987675329,1.0,1.0,0.0,1.0,0.0
32.729015580313046,0.723301969764059,0.9103307336791684,1.0,1.0,0.0,0.0,0.0
34.532906771008214,18.636007877743094,7.338807878868624,1.0,1.0,0.0,1.0,1.0
1.5886612154627069,3.061646633941664,0.6287819867155144,0.0,0.0,0.0,0.0,0.0
5.694527212353747,0.7883032846670961,0.4433489489994165,1.0,0.0,0.0,1.0,0.0
1.0521181623275395,1.062558618849638,8.577174682733881,0.0,0.0,0.0,1.0,1.0
3.433743594662768,0.7855953413386794,0.5022080856291371,1.0,0.0,0.0,0.0,0.0
48.513594454915854,42.85746200587669,0.4778472630797733,1.0,0.0,0.0,1.0,0.0
41.897154091621374,2.4203420761829326,1.2705634798491672,1.0,1.0,0.0,1.0,0.0
26.635840135369268,0.1365353681364865,0.4483083515502533,1.0,1.0,0.0,1.0,0.0
2.370061799682571,1.9535282803768668,0.6356387983980575,1.0,1.0,0.0,0.0,0.0
9.848891395618711,2.3336149211107826,0.0689007265997206,1.0,1.0,0.0,1.0,0.0
10.38628794601968,14.824771021430282,1.2475706982765784,1.0,1.0,0.0,0.0,0.0
1.5822710875185138,0.4890780434847786,2.27535176462416,0.0,1.0,0.0,1.0,0.0
44.99867302074142,0.0898846563641267,0.5464327414872447,1.0,0.0,0.0,1.0,0.0
1.268471025290428,1.1125688980938544,0.9933211129780578,0.0,0.0,0.0,1.0,0.0
23.358099340239253,2.122575777586763,1.875661344670976,1.0,0.0,0.0,0.0,0.0
6.18163355087065,0.2549589675488962,0.4399839871251094,1.0,0.0,0.0,1.0,0.0
141.83169194021986,0.2452725686806233,0.1473310651681859,1.0,0.0,0.0,0.0,0.0
176.5650510885718,0.0607724127452156,0.8639359860491687,1.0,0.0,0.0,0.0,0.0
1.5117044654662903,0.3059757999536597,3.7166478626595754,0.0,1.0,0.0,1.0,0.0
61.38683766551028,0.171962613181991,2.913754559256125,1.0,0.0,0.0,1.0,0.0
3.559993006473144,0.6098069145121714,0.058384528930547,1.0,0.0,0.0,1.0,0.0
7.582242638786274,2.99470349156872,1.3614244108168263,1.0,1.0,1.0,1.0,0.0
118.41102117765638,0.4128038372371839,2.296952284723453,1.0,1.0,0.0,1.0,0.0
0.662432101963383,0.195622929575955,4.170603438185079,0.0,1.0,0.0,1.0,1.0
1.2391232017317644,8.811635004453137,4.473711954955452,0.0,1.0,0.0,1.0,1.0
4.012329503761998,1.088841407195292,3.3548616247691947,1.0,0.0,0.0,1.0,0.0
2.3301313088295785,4.61304205268632,1.7157955800930051,1.0,1.0,0.0,0.0,0.0
5.005916768278863,3.507662829272775,1.319064482197878,1.0,0.0,0.0,1.0,0.0
15.233299733120427,6.208595793778597,3.6213013872588737,1.0,0.0,1.0,0.0,0.0
14.590513329510934,2.0714486539216304,0.437428028702399,1.0,1.0,0.0,1.0,0.0
31.598239555596784,3.3285443755461226,0.6969499141183977,1.0,0.0,0.0,1.0,0.0
8.11884049610707,0.0472374701827239,0.8390788499872445,1.0,1.0,0.0,1.0,0.0
1.85960810715307,6.364112206870581,1.350876149212806,0.0,0.0,0.0,1.0,0.0
6.872213130912151,0.3514830447410727,0.9129161644845842,1.0,1.0,1.0,1.0,0.0
23.855592459154188,0.0674959805310205,1.6468186591166152,1.0,0.0,0.0,0.0,0.0
7.424072625088384,12.761249455346125,0.2343431029533103,1.0,0.0,0.0,1.0,0.0
5.989585466664972,7.072542183816008,3.792672946326451,1.0,0.0,0.0,1.0,0.0
1.3908685909481446,0.0789556733601517,1.8979977573875684,0.0,1.0,0.0,1.0,0.0
9.326076632045812,11.603881172222511,1.1731799613990033,1.0,0.0,0.0,1.0,0.0
143.57310577816827,1.2290820653905254,0.8074162181667627,1.0,0.0,0.0,1.0,1.0
36.79960179376717,0.2555151177707515,2.270041346319923,1.0,0.0,0.0,0.0,0.0
7.022930238949345,18.00994007576706,0.49597070016436,1.0,1.0,0.0,1.0,0.0
2.4957227168973564,0.1679615504270077,1.1649955695900214,1.0,0.0,0.0,1.0,0.0
16.6872458440638,0.3868744385048604,0.469524876228138,1.0,0.0,0.0,1.0,0.0
25.636637681516948,0.9347283961800285,1.5820339658548666,1.0,0.0,1.0,1.0,0.0
8.098507658879063,4.621007953101069,2.086007477835015,1.0,0.0,0.0,1.0,0.0
186.16136884195785,42.19244966040525,4.388393282710394,1.0,1.0,0.0,0.0,1.0
6.991207308265782,1.0175458406216276,0.5928701205658052,1.0,0.0,0.0,1.0,0.0
12.753277172127293,0.826455882198595,2.4726417007713906,1.0,0.0,1.0,1.0,0.0
8.802355240339658,0.9115009587030548,2.1773702683591623,1.0,0.0,0.0,1.0,0.0
2.156959639947372,0.3781114808487423,1.921091641359678,1.0,0.0,0.0,0.0,0.0
89.65581732769589,31.24587500114734,1.6002357354297398,1.0,0.0,0.0,1.0,0.0
8.424426603009245,2.1422235843377915,0.4770270315154586,1.0,0.0,0.0,0.0,0.0
9.908995577218208,0.1909998162793275,0.941273886048262,1.0,0.0,0.0,1.0,0.0
39.96164083082002,0.0859838236328061,1.304118119770366,1.0,0.0,0.0,0.0,0.0
13.175345523444834,0.7220088289399096,1.276092051417807,1.0,0.0,0.0,1.0,0.0
73.43463507938903,1.0723382494599238,1.0932205999034057,1.0,1.0,0.0,1.0,0.0
0.3922552447896733,4.3016731594519495,0.5194359251824422,0.0,0.0,0.0,1.0,0.0
0.8812375034980718,4.687737081392058,1.1158918549507697,0.0,1.0,0.0,1.0,0.0
0.4979560437032337,21.196006602106987,5.23470270164796,0.0,1.0,0.0,1.0,1.0
0.4675946347617779,0.0451737831514198,2.121289663875095,0.0,1.0,0.0,1.0,0.0
10.17333949219721,1.6587896703377565,3.761166378456708,1.0,0.0,0.0,1.0,0.0
73.04190107910925,0.934162016284738,1.1619157418219357,1.0,0.0,1.0,1.0,0.0
6.545438238191114,9.066372150951144,1.551701113453041,1.0,1.0,0.0,0.0,0.0
547.3576173010466,0.9892328358065988,0.6019209446269564,1.0,1.0,0.0,1.0,0.0
4.007644466333599,0.4915673810881622,0.0789880042087967,1.0,1.0,0.0,1.0,0.0
1.3106215223990871,0.8886596622077394,11.449535092986206,0.0,0.0,0.0,1.0,1.0
2.2737589356943797,1.722805883248275,0.9996358189835832,1.0,1.0,1.0,1.0,0.0
19.056507723954564,0.2822253394248283,4.196784039757051,1.0,0.0,0.0,1.0,1.0
19.27209652973505,0.6376892156064993,0.6930651087661404,1.0,0.0,0.0,1.0,0.0
32.0017365505398,0.4562472790686766,1.718212937786559,1.0,1.0,0.0,0.0,0.0
75.59385547396757,0.6780311095582131,0.3885978723383759,1.0,1.0,0.0,0.0,0.0
1.0876431852701618,1.455014488369063,0.6660302868503752,0.0,0.0,0.0,1.0,0.0
29.995114810179956,0.7679270171094599,0.653516238800435,1.0,1.0,0.0,0.0,0.0
134.22711377170134,0.1061909773972969,0.6168326613800164,1.0,0.0,0.0,1.0,1.0
15.44126332710245,4.67537102555635,0.4565143897594105,1.0,0.0,0.0,0.0,0.0
37.09214391757896,0.0974878683943962,1.6145359594283468,1.0,0.0,0.0,0.0,0.0
30.21479094272914,0.5309696764454664,2.5092576256450982,1.0,1.0,0.0,1.0,0.0
8.012064462106741,1.3470769443827737,0.5411503261653468,1.0,0.0,0.0,0.0,0.0
7.614756726084731,11.039392411809862,4.302501149441095,1.0,0.0,0.0,1.0,1.0
8.147118959430426,6.732346030371346,0.1847209774062439,1.0,0.0,0.0,0.0,0.0
11.000844691110144,6.53847925562156,3.053292365947592,1.0,1.0,1.0,1.0,0.0
0.7632511699479917,0.1565223343054751,1.3218671270091638,0.0,1.0,0.0,1.0,0.0
2.224721164708373,0.1994598414062496,1.5335010717045487,1.0,1.0,0.0,1.0,0.0
1.9692380922556083,0.0473265533265444,1.1887089810597746,1.0,0.0,0.0,1.0,0.0
126.3364465507357,0.5457530371274097,0.3133348866965605,1.0,0.0,1.0,1.0,0.0
9.493074094413236,1.1197106659324625,2.1715160261981694,1.0,0.0,0.0,1.0,0.0
241.9919934582512,1.948961490972308,0.2756840089712921,1.0,0.0,0.0,0.0,0.0
33.2270708919717,5.080954589598062,4.176394575340336,1.0,0.0,0.0,0.0,0.0
11.744447432690905,1.0718391979774309,0.5858013712412827,1.0,1.0,0.0,1.0,0.0
4.891286691017937,0.7875651236011205,1.0783394405659006,1.0,1.0,0.0,0.0,0.0
20.315639305713688,3.3206814873286006,2.588653874099484,1.0,0.0,0.0,1.0,0.0
4.681582885976469,1.8576000671147777,3.440303143348828,1.0,1.0,0.0,0.0,0.0
7.5798383579396225,0.0089608106152079,1.6400412574047252,1.0,0.0,1.0,1.0,0.0
8.428299936455181,78.42504674776288,3.491997687156079,1.0,0.0,0.0,0.0,0.0
9.231649378607829,4.2414361854704525,2.728074454320875,1.0,0.0,0.0,1.0,0.0
0.202522291699844,29.96253471140277,0.0523333328207978,0.0,0.0,1.0,1.0,0.0
27.17575952242166,34.17724948731048,0.2665492515790303,1.0,1.0,0.0,0.0,0.0
5.290807025370073,0.0185881471396315,0.6013414751695463,1.0,0.0,0.0,1.0,0.0
32.250433687007835,0.6375408790341393,1.2084100188841167,1.0,0.0,0.0,1.0,0.0
101.67627550545149,11.641359506560685,12.20341817448494,1.0,0.0,0.0,0.0,1.0
6.022519673172114,5.763425960683116,4.011544316828472,1.0,1.0,0.0,1.0,1.0
25.7346996895624,27.61291250535718,0.345443762995984,1.0,0.0,0.0,0.0,0.0
21.90814414848956,0.0624863968127193,5.215609596822965,1.0,1.0,0.0,1.0,1.0
7.087626563975874,0.1111862505482119,0.4376841098440105,1.0,0.0,1.0,1.0,0.0
25.522790628570856,0.939017894283424,0.0887519052336754,1.0,1.0,0.0,0.0,0.0
8.487401455449861,1.0498767464735888,0.1783730960573271,1.0,1.0,0.0,1.0,0.0
10.655240810095185,0.8485967574818166,0.1473975188406174,1.0,1.0,0.0,1.0,0.0
1.2601253137468034,12.73950841274814,3.800782861710355,0.0,0.0,0.0,0.0,0.0
13.730947464243696,0.5271502188204809,0.7998225907778075,1.0,0.0,0.0,1.0,0.0
9.572097885455577,0.1504084950814446,6.82258599129157,1.0,1.0,0.0,1.0,1.0
35.32965440645538,0.1310514117137054,1.0760609936873735,1.0,0.0,1.0,1.0,0.0
11.174319804454338,0.5323171251266713,1.141065206734329,1.0,1.0,0.0,1.0,0.0
4.38928021070733,2.378815724871972,1.976544936456928,1.0,1.0,0.0,1.0,0.0
8.106633555589864,0.219465447961222,0.9107333445961072,1.0,1.0,0.0,1.0,0.0
16.264920918221097,0.0512527407426275,0.7953582760581723,1.0,0.0,0.0,0.0,0.0
10.43562959761818,11.95775864908026,1.0408932369557815,1.0,1.0,0.0,1.0,0.0
9.698731879884358,0.528830337366018,3.1097935913499413,1.0,1.0,0.0,0.0,0.0
1.918306238605572,1.811491978626775,10.183836921724785,1.0,0.0,0.0,1.0,1.0
30.132867422656037,0.3084581617329979,0.3971499454250011,1.0,0.0,0.0,1.0,0.0
55.09392881482357,4.180387499411631,0.7407008296570493,1.0,1.0,0.0,1.0,0.0
67.3140298448336,5.668375107568173,0.8689801776937385,1.0,1.0,0.0,1.0,0.0
3.407754348801933,0.6063898991559148,4.881074228765939,1.0,0.0,0.0,1.0,1.0
14.05400856305315,7.544747966009322,3.542607716329568,1.0,0.0,0.0,1.0,0.0
10.058818091441152,0.2809180977379757,0.4887073903356051,1.0,0.0,0.0,1.0,0.0
26.56593212195608,0.1013856412339399,3.972057531351605,1.0,0.0,0.0,1.0,0.0
69.91077499292047,0.2210952714108058,0.0999374369164062,1.0,0.0,0.0,1.0,0.0
9.923752913331755,0.2961683921090173,0.9553350909387536,1.0,1.0,0.0,0.0,0.0
12.098023852060235,0.1077101906480803,1.8625217910938547,1.0,1.0,1.0,1.0,0.0
21.00767069783208,3.467089394246948,0.3270216868315214,1.0,1.0,0.0,0.0,0.0
21.81344025328696,247.4635108179725,0.7592701206697292,1.0,0.0,0.0,0.0,0.0
1.7109070088322091,0.4931630656942573,0.2130291905371209,0.0,0.0,1.0,0.0,0.0
7.448134088676645,5.218898521621026,1.7543152485998226,1.0,0.0,0.0,0.0,0.0
26.637802554062777,32.78098891928912,1.6186033743805095,1.0,0.0,0.0,0.0,0.0
2.431644303976461,0.9308788417362514,0.6564869972476564,1.0,0.0,0.0,0.0,0.0
5.658465924436247,0.1519717727688114,2.148933732529999,1.0,1.0,0.0,0.0,0.0
7.483865835297049,0.4977056893940259,2.8888469172266187,1.0,1.0,0.0,1.0,0.0
15.487165384118802,7.552304105487345,0.1675785178429691,1.0,0.0,0.0,1.0,0.0
22.22188349408062,1.1901697404893463,2.0502465008959043,1.0,0.0,0.0,1.0,0.0
8.232695607544272,6.214722093945251,0.6932874929015709,1.0,1.0,0.0,1.0,0.0
99.30893490650108,3.4822704038061407,1.1640266470320124,1.0,1.0,0.0,0.0,0.0
5.134038175726747,3.028337274601503,0.9868328346295706,1.0,0.0,0.0,0.0,0.0
33.7436962132375,1.3780063016128996,1.5398580934403807,1.0,1.0,0.0,0.0,0.0
7.809253786797934,0.1254884444502032,0.5676419530193817,1.0,0.0,0.0,1.0,0.0
29.76133085888265,3.3070780639125283,0.3218085759112805,1.0,1.0,0.0,1.0,0.0
108.7860198866968,5.970178345464515,0.8733033384016964,1.0,1.0,0.0,0.0,0.0
8.260124531583319,0.266582278333904,0.1053247431648996,1.0,0.0,0.0,1.0,0.0
22.52498219064403,3.5661302341874648,0.2615539716291229,1.0,1.0,1.0,0.0,0.0
23.26702947496617,1.9198484517499788,0.4530200577338781,1.0,1.0,0.0,1.0,0.0
19.122200468771744,1.2182428262951772,11.675820385070184,1.0,0.0,0.0,0.0,0.0
13.81919310131716,6.946108037372378,0.2055154840528123,1.0,0.0,0.0,1.0,0.0
20.50588468022035,0.2522747597383382,2.4080348583526847,1.0,1.0,1.0,1.0,0.0
34.868954572015255,0.9876988091446558,1.9913688545919348,1.0,1.0,0.0,0.0,0.0
20.259678487905667,0.5118726469702402,0.5612123218760374,1.0,1.0,0.0,1.0,0.0
2.5977542406348104,3.976344905941119,0.3296510776582516,1.0,0.0,0.0,1.0,0.0
28.32754396950813,0.4174042727193685,2.416080938446755,1.0,0.0,0.0,1.0,0.0
14.825414054794358,0.5343908117136934,0.4146322102642755,1.0,0.0,0.0,1.0,0.0
3.3512054543101137,0.4371741978977421,0.8101317964437817,1.0,1.0,0.0,0.0,0.0
35.79080210303281,0.1327716500965068,0.5390349876980894,1.0,0.0,0.0,1.0,0.0
1.67758528874261,22.77802881616566,0.5557072606608647,0.0,0.0,0.0,1.0,0.0
4.181623141332226,0.4468386756732103,0.9556957674919022,1.0,0.0,0.0,1.0,0.0
4.319699407719817,0.1402234387442474,0.0681044617663876,1.0,0.0,0.0,1.0,0.0
17.20722007373282,0.1579013315562024,0.5117859953597809,1.0,1.0,0.0,0.0,0.0
7.15751083026996,2.296590538952966,0.8939445713648696,1.0,0.0,0.0,0.0,0.0
4.187844188055945,0.6907415256628175,0.1730152467447805,1.0,0.0,0.0,0.0,0.0
7.627251855641304,0.8675845295083056,1.0561592759407754,1.0,0.0,0.0,0.0,0.0
13.674047829311762,2.7955286648657744,1.62920041217504,1.0,1.0,0.0,1.0,0.0
13.992679504842508,0.7479313165426055,2.540271702065019,1.0,1.0,1.0,0.0,0.0
12.774695248453463,8.191705217201998,1.1573438670721248,1.0,0.0,0.0,0.0,0.0
13.601807433476626,0.2409116032628476,0.5718810540427431,1.0,1.0,0.0,1.0,0.0
2.461485895237068,0.5012603276715377,2.5274231645644845,1.0,1.0,1.0,0.0,0.0
27.89872576130486,0.5597296028241664,0.2151181100278525,1.0,0.0,0.0,0.0,0.0
81.01048863492129,0.0259898665373059,1.3104969594350326,1.0,1.0,0.0,1.0,0.0
51.72712987743832,0.7276398411565322,1.190406812220548,1.0,0.0,0.0,1.0,0.0
79.96279095086761,12.799410297403046,0.3424909658451696,1.0,1.0,0.0,0.0,0.0
6.572271022803086,0.397452786334977,0.1945254410557527,1.0,1.0,0.0,1.0,0.0
14.034893974924824,1.5120508018303391,3.4767743206992536,1.0,0.0,0.0,1.0,0.0
10.95455702121504,0.0262867604867453,0.5631799886507862,1.0,0.0,0.0,1.0,0.0
41.50382071843017,0.066040998000371,0.1009396381060651,1.0,0.0,0.0,1.0,0.0
4.555557356317646,0.1680365681974073,1.1450970750442022,1.0,0.0,0.0,1.0,0.0
68.4311576895142,0.1840165556923692,0.4626661267676595,1.0,1.0,0.0,1.0,0.0
2.6719186077604204,4.882229143660772,3.5491117088359343,1.0,1.0,1.0,1.0,0.0
1.5630065165551623,0.1195285680285619,5.361312304815737,0.0,0.0,0.0,1.0,1.0
10.430593121849858,0.0063518322064517,0.8546243330406716,1.0,1.0,0.0,1.0,0.0
8.599268574960776,0.3260829353141721,0.0618805492372114,1.0,0.0,0.0,1.0,0.0
0.2101082235747388,0.9938531990612984,0.9683554179615944,0.0,0.0,0.0,1.0,0.0
16.289376725740247,1.904938189568489,0.7466490092157514,1.0,1.0,0.0,0.0,0.0
25.210108933716064,0.0220732188262867,0.4256740011969607,1.0,0.0,0.0,0.0,0.0
34.77703766614091,4.356689393578264,1.329260179617831,1.0,0.0,1.0,1.0,0.0
6.787528344146895,3.07620538370291,6.1290913634143696,1.0,1.0,1.0,1.0,0.0
3.3655448827676984,1.6218327434368758,0.6888109996303219,1.0,0.0,0.0,0.0,0.0
5.088889003246072,0.4740788996751522,0.1854405818465789,1.0,1.0,0.0,1.0,0.0
17.723287338894306,0.9830204707602276,2.5684683305012803,1.0,1.0,0.0,1.0,0.0
0.6748708720845374,0.2433157575600645,1.455335390553001,0.0,0.0,0.0,1.0,0.0
6.887673527473245,2.0914530381790226,0.8607744001862131,1.0,0.0,0.0,1.0,0.0
14.826135578242202,0.5620465678248622,4.194527797945143,1.0,1.0,0.0,0.0,0.0
217.82806356462828,2.1821677031842923,1.9612210146631128,1.0,0.0,0.0,1.0,1.0
26.358745185574364,0.2665783192572009,3.352405736222731,1.0,1.0,0.0,0.0,0.0
28.16811255871887,1.1444930282655048,1.8616707181184375,1.0,0.0,0.0,0.0,0.0
2.968060783685704,23.01813798534453,1.0161811310973994,1.0,0.0,0.0,1.0,0.0
8.926978329378384,0.8770451366249035,0.931222679977898,1.0,0.0,0.0,1.0,0.0
10.670182542070323,17.16927928916508,1.6405264277191818,1.0,0.0,0.0,1.0,0.0
19.842427964244965,0.0263751311606078,0.1242823161594681,1.0,1.0,0.0,1.0,0.0
14.284752486146228,0.2718751718443553,2.1176266035926776,1.0,0.0,1.0,0.0,0.0
25.67216584521272,0.2027164653008663,0.3669369295663127,1.0,1.0,0.0,1.0,0.0
44.45225736572719,0.0571973511481803,0.5861936070499857,1.0,1.0,0.0,0.0,0.0
18.622494227478107,0.0858937162928542,0.4030671857551643,1.0,0.0,1.0,1.0,0.0
14.192388312887742,0.0822694890543796,2.027350738386487,1.0,0.0,0.0,0.0,0.0
16.175936981617465,4.135720229153828,1.4776097291231634,1.0,0.0,0.0,0.0,0.0
1.968093652183256,0.9544480656404322,4.802883641660885,1.0,1.0,0.0,1.0,1.0
0.6092473068797579,0.9448146927029392,1.6946916825692735,0.0,0.0,0.0,0.0,0.0
61.44515342162456,1.4169880151038785,0.5833847024525249,1.0,0.0,1.0,1.0,0.0
39.03729857800734,4.791968235121966,1.6927127808449638,1.0,0.0,0.0,0.0,0.0
12.846136789715636,26.09150935525738,1.7741705612901149,1.0,0.0,0.0,1.0,0.0
57.21213587731274,0.6498181584162226,0.2873879894085369,1.0,0.0,0.0,0.0,0.0
20.88977995020897,0.0562213995067613,1.1396971881465323,1.0,0.0,0.0,1.0,0.0
17.206774248593,7.876158377511341,0.5174688480764378,1.0,0.0,0.0,0.0,0.0
34.9446479145073,2.08926771555772,0.6246214682221627,1.0,0.0,0.0,0.0,0.0
14.192715819313886,0.1643037460042085,0.7391147272994625,1.0,1.0,0.0,1.0,0.0
5.170051575941406,3.2981567636675044,1.5666597261009438,1.0,0.0,0.0,0.0,0.0
1.553833351525623,0.731635185164737,0.8158969496935599,0.0,0.0,0.0,1.0,0.0
19.30434600411256,3.0985638201379797,2.828659120341132,1.0,0.0,1.0,1.0,0.0
7.826484090973429,0.3930230723841287,0.4435319164380553,1.0,0.0,0.0,1.0,0.0
83.62178557951954,0.0040632853668774,1.4813887070883602,1.0,1.0,0.0,1.0,0.0
155.51515749928285,0.0314911755129903,1.3305460656909611,1.0,0.0,1.0,1.0,0.0
30.571707986450576,7.997102260031114,0.8424691191355862,1.0,0.0,0.0,0.0,0.0
36.33636715544349,0.0077369730645752,0.5617970513049869,1.0,0.0,0.0,0.0,0.0
2.6596097923383333,0.7061231558151099,5.06072148480981,1.0,0.0,0.0,1.0,1.0
8.980871622704814,0.380690231858695,0.2135735579002968,1.0,0.0,0.0,0.0,0.0
43.46196199349208,0.0556627479143596,1.525567270112809,1.0,1.0,0.0,1.0,0.0
1.992962668519048,2.134075568926044,0.1605084450310428,1.0,0.0,0.0,1.0,0.0
75.93493453086548,11.558908867067084,0.6999623619587212,1.0,0.0,0.0,0.0,0.0
5.2351084736091344,1.7028744316082045,1.6113681880313755,1.0,1.0,0.0,1.0,0.0
12.59174920866381,0.0488037832726323,0.0524285110836135,1.0,0.0,0.0,1.0,0.0
3.631885147010341,1.413513298755105,1.8239320864903152,1.0,0.0,0.0,1.0,0.0
3.617183956345807,0.3445431483574211,0.1251850963501263,1.0,0.0,0.0,0.0,0.0
26.04891837336886,0.1237511986329449,1.963289458934764,1.0,0.0,0.0,1.0,0.0
6.904146928914855,1.0862779875980944,0.1825563254784995,1.0,0.0,0.0,1.0,0.0
35.95403900868758,0.6920721735684399,0.5627902817915809,1.0,0.0,1.0,1.0,0.0
9.757997141049136,5.214007884485193,0.1423330966361145,1.0,0.0,1.0,0.0,0.0
5.533026189672949,0.0859347542399488,0.2561547372564497,1.0,0.0,1.0,0.0,0.0
10.368648124923071,0.3438026792478785,0.2864375839361014,1.0,1.0,0.0,1.0,0.0
23.56408200093837,0.0672453310916778,1.3073370281437109,1.0,1.0,1.0,1.0,0.0
17.057831209147732,40.65458084502415,0.4616531329257703,1.0,0.0,0.0,0.0,0.0
128.3927267069749,7.669136380028607,0.5144002694707123,1.0,0.0,0.0,1.0,1.0
152.8328006020372,0.2418666038532716,0.6884134007527456,1.0,0.0,0.0,1.0,1.0
15.004103150486456,1.2147985888420716,0.172378405191741,1.0,0.0,0.0,1.0,0.0
14.65825975634526,0.3798052097651853,0.2457836429911138,1.0,0.0,0.0,0.0,0.0
9.10157755075672,2.449226704850592,0.1632723159518853,1.0,1.0,0.0,1.0,0.0
4.502665729940276,0.2725416226008326,0.702540381514276,1.0,0.0,0.0,1.0,0.0
66.64219912748841,21.43957560429294,4.9135401013924405,1.0,1.0,0.0,0.0,0.0
15.28246972307966,35.42184513024941,0.8486028432915493,1.0,1.0,0.0,1.0,0.0
6.12794711678203,0.3421159348966484,2.0651158457498844,1.0,0.0,0.0,1.0,0.0
1.6008036027734935,1.507493306965078,2.0224511273947714,0.0,0.0,0.0,1.0,0.0
35.952225617424915,19.497895704106163,0.335480094823665,1.0,1.0,0.0,0.0,0.0
0.7270960580566139,0.5771543044448166,0.1709896259776671,0.0,0.0,0.0,1.0,0.0
29.925493808105795,1.1655856570634402,0.7620768547291457,1.0,0.0,0.0,1.0,0.0
16.744110171597512,1.6674542409494248,0.2800553898649159,1.0,0.0,0.0,0.0,0.0
28.778137956123388,0.1350703977157797,1.809908675154804,1.0,0.0,0.0,0.0,0.0
30.376685701878944,17.668883149893517,0.3776004109840508,1.0,0.0,0.0,1.0,0.0
9.53099115399791,0.9674005270562416,0.8507011860852508,1.0,1.0,0.0,0.0,0.0
10.548009243929584,0.2389536281484477,0.6045674683440212,1.0,1.0,1.0,0.0,0.0
5.02187271643979,0.3232817311625677,1.007899088812146,1.0,0.0,0.0,1.0,0.0
68.47814540416317,0.1264628370007883,2.0165631062919926,1.0,0.0,0.0,1.0,0.0
20.455716542828632,3.923803046735709,0.4046955279830816,1.0,1.0,0.0,1.0,0.0
5.728849722338102,0.8997275631259865,3.124840939047556,1.0,1.0,0.0,1.0,0.0
136.64765210905904,0.8921273815596521,0.9527034845516936,1.0,1.0,0.0,1.0,0.0
0.4357994991314995,1.2744122614735345,0.0497578076672992,0.0,0.0,0.0,0.0,0.0
0.8748379059207706,0.6536623231883634,1.2585715416737435,0.0,0.0,0.0,1.0,0.0
1.801435726331314,0.6149822917595933,2.082594505052325,0.0,0.0,0.0,1.0,0.0
32.68891748926722,0.6345792691370222,0.3445551967696743,1.0,0.0,0.0,1.0,0.0
89.33698575202946,3.449367790399092,0.3126793616124766,1.0,0.0,1.0,1.0,0.0
1.0923354286887694,45.816744750045295,0.4180906948092343,0.0,1.0,0.0,0.0,0.0
3.700451618296195,1.012618070101642,0.6067377224465258,1.0,1.0,0.0,1.0,0.0
1.5845084526792197,3.340517782525608,0.7123300330575059,0.0,0.0,0.0,0.0,0.0
0.9255367443480764,3.2098651323700484,3.2713994558129618,0.0,0.0,0.0,1.0,0.0
19.380288630649385,1.1242823190317313,0.0974717538492641,1.0,0.0,1.0,1.0,0.0
11.410000792521238,7.360899230436511,0.7282623913373342,1.0,0.0,0.0,0.0,0.0
25.820103037653265,0.622380395223425,1.462666695203604,1.0,1.0,0.0,0.0,0.0
5.018210317221643,0.3770156181478685,0.6471751928976883,1.0,0.0,0.0,1.0,0.0
1.22846205147655,0.6990033683953024,0.6126938469302616,0.0,0.0,0.0,1.0,0.0
10.578154607897751,2.0511087892863924,0.9439656193160376,1.0,1.0,0.0,1.0,0.0
80.89253034221493,0.0215539472804622,0.0467246067998121,1.0,0.0,0.0,0.0,0.0
5.110495275152815,0.8192167447092517,0.2546566466672931,1.0,0.0,0.0,1.0,0.0
6.793174260989479,0.8592776622165422,0.7066509121347411,1.0,1.0,0.0,1.0,0.0
4.268989513546571,2.8742059715204893,0.3023528677444629,1.0,0.0,0.0,1.0,0.0
10.489008512070203,10.751081633869148,0.1976403433203969,1.0,0.0,0.0,0.0,0.0
160.8064825905288,0.1202852283032795,2.771016703673717,1.0,1.0,0.0,0.0,0.0
15.864872241322535,8.076324555325431,2.7177183412906603,1.0,0.0,1.0,1.0,0.0
12.354281625793329,1.1186720308989242,2.9764838795688027,1.0,1.0,0.0,1.0,0.0
1.274553568007874,0.2910340202353274,1.5456937743356896,0.0,1.0,0.0,1.0,0.0
10.814737460485096,7.802852215872659,0.0893903458518666,1.0,1.0,0.0,1.0,0.0
4.6301407649922295,1.8824298884456945,0.5423694012212387,1.0,0.0,0.0,1.0,0.0
0.4609598724282054,0.6342250577327718,13.164853618237792,0.0,0.0,0.0,1.0,1.0
31.92381132144224,2.4325428195502785,5.378239615417013,1.0,0.0,0.0,0.0,0.0
27.50490573312745,59.11027772395573,0.7755192801644072,1.0,0.0,0.0,1.0,1.0
6.0125379127924,1.7868037400617165,1.8103328712153195,1.0,0.0,0.0,1.0,0.0
2.365033773814087,0.3213309446956491,3.824641983972512,1.0,0.0,0.0,1.0,0.0
2.082993167965705,0.7262372828849806,4.271055916383977,1.0,0.0,0.0,1.0,1.0
60.29711142246851,1.4881670550959372,0.9395171233130404,1.0,1.0,0.0,0.0,0.0
28.18857473281514,0.0636850171466189,0.5308544192296352,1.0,0.0,0.0,1.0,0.0
7.957021104959304,0.0985636147028307,1.121595166524075,1.0,0.0,0.0,1.0,0.0
6.612487132585017,6.570285671431631,7.277263446837801,1.0,1.0,1.0,0.0,0.0
47.561583703677,25.043097423593387,1.4281930462974548,1.0,1.0,0.0,1.0,0.0
129.8168717033774,0.5660539389710303,1.6849036534016406,1.0,1.0,0.0,1.0,0.0
9.646005287316711,0.7238509435109338,0.2146508995391358,1.0,0.0,0.0,0.0,0.0
10.17191915381353,3.306461887441723,4.045583397360142,1.0,1.0,0.0,0.0,0.0
22.832644363761823,0.4001762248299171,3.1428818997991645,1.0,0.0,0.0,1.0,0.0
14.34544825079145,0.6528834677254585,1.3923702954746422,1.0,0.0,0.0,0.0,0.0
1.1008775937205446,13.270497895969026,0.2454499007159626,0.0,1.0,0.0,1.0,0.0
4.399084725496035,47.53792405925181,2.0950607301273765,1.0,0.0,0.0,1.0,0.0
5.535126426603686,2.226085744015236,0.9975097366581684,1.0,1.0,0.0,1.0,0.0
41.4229833592288,0.6700635923191537,0.9948535102054812,1.0,0.0,0.0,1.0,0.0
7.269102404170377,0.8277545738473735,1.0422511858565888,1.0,0.0,0.0,1.0,0.0
2.860796511489116,55.4350659940318,0.5350459722771234,1.0,1.0,0.0,0.0,0.0
9.397988623998714,0.2279168783563301,5.719856706004974,1.0,1.0,0.0,1.0,1.0
12.218553095579644,1.02123284436977,0.2554227104778102,1.0,1.0,0.0,0.0,0.0
1.74695191166896,47.14731252862707,0.8289686928003017,0.0,0.0,0.0,0.0,0.0
2.2071646366224007,0.0293733287005582,1.2231852756127133,1.0,0.0,0.0,1.0,0.0
12.102619678969734,0.2629916051714986,0.3610344344109992,1.0,0.0,0.0,1.0,0.0
15.034790886019849,1.0803705913791994,0.5935751844754584,1.0,1.0,0.0,1.0,0.0
145.11457235199657,3.873361959235055,0.2800777302820794,1.0,0.0,0.0,1.0,1.0
2.151071254078168,0.0054660874273247,1.6179161544620346,1.0,0.0,0.0,1.0,0.0
6.276229592759948,0.0555961436344837,0.6592806689498472,1.0,1.0,0.0,1.0,0.0
3.4154154347109644,0.1526627324167598,2.0348191684521133,1.0,0.0,0.0,0.0,0.0
9.117072665305578,7.287333730351401,38.0988634597073,1.0,1.0,0.0,1.0,1.0
5.496908182687326,4.546516208853678,1.2888168132858808,1.0,1.0,0.0,1.0,0.0
1.152614797589462,2.291048951709167,0.2367414611922914,0.0,0.0,0.0,0.0,0.0
7.411437842297365,2.088251309953831,2.269441516518462,1.0,0.0,1.0,1.0,0.0
19.037467411819343,2.7683451652040927,1.4143909502970105,1.0,0.0,0.0,1.0,0.0
206.4270630375493,0.7812717110492404,0.5370587230161268,1.0,0.0,1.0,1.0,0.0
14.474538622463706,1.30760498935409,0.2783075315769321,1.0,0.0,0.0,1.0,0.0
6.774571389071344,0.7306754844677903,0.8515314358035007,1.0,0.0,0.0,1.0,0.0
1.3516290950965422,1.3691881332560518,0.470020348382542,0.0,0.0,0.0,1.0,0.0
1.562543381466801,2.686722314879246,2.2377315019367785,0.0,1.0,0.0,1.0,0.0
12.703454188845752,2.198032323688964,8.290428929909783,1.0,1.0,0.0,1.0,1.0
13.88513476573195,0.10430439196401,1.2099450400300114,1.0,0.0,0.0,1.0,0.0
1.99599589471252,0.4999861618562043,2.394108207946382,1.0,0.0,0.0,0.0,0.0
22.632385177030667,15.728723193963877,0.2879744603202575,1.0,0.0,0.0,1.0,0.0
2.570311761479828,0.5592790568093876,1.0809388020130473,1.0,0.0,1.0,0.0,0.0
18.62092047161266,0.3529654305474911,3.565280240345179,1.0,0.0,1.0,1.0,0.0
4.418653305217784,0.3549175205481611,1.0230730077210368,1.0,0.0,0.0,0.0,0.0
42.203701376352726,0.5998894406289785,0.3361798516587196,1.0,1.0,0.0,0.0,0.0
2.3639118924945413,0.8174971976927169,0.7653333952219659,1.0,0.0,0.0,0.0,0.0
66.61802936464355,6.178823560884385,1.3332263508861473,1.0,0.0,0.0,1.0,0.0
6.782655204293474,0.0513988236970845,1.2677515769072785,1.0,0.0,0.0,1.0,0.0
96.83034489554478,9.568951144552525,0.7658192156992939,1.0,0.0,1.0,1.0,0.0
3.575832705139357,0.2333075061063126,0.5186550910461176,1.0,0.0,0.0,0.0,0.0
19.51915278667648,0.0791909609063507,4.008553292583587,1.0,0.0,0.0,1.0,1.0
38.927169453130965,2.731400131319732,2.959795703003816,1.0,0.0,0.0,1.0,0.0
1.4027512034708816,1.185950115870307,0.8280420814148559,0.0,0.0,0.0,1.0,0.0
7.253522554270774,1.0351789155743034,0.1046520764792875,1.0,0.0,0.0,0.0,0.0
65.06235131562607,0.418374793249526,0.659622655648527,1.0,0.0,0.0,1.0,0.0
0.3256414230892742,2.904799988221715,0.3877954165821808,0.0,0.0,0.0,0.0,0.0
5.190542555769134,1.764846582062602,1.949877004324528,1.0,0.0,0.0,0.0,0.0
17.730918347171414,0.5747785896647203,0.2969545872365967,1.0,0.0,0.0,0.0,0.0
31.078258711789957,1.0908843906724472,1.0313479537501042,1.0,1.0,0.0,1.0,0.0
5.623995477470656,0.5818945544841428,0.2914040811210532,1.0,0.0,0.0,1.0,0.0
20.377277671280822,3.213305824398714,6.426896352353611,1.0,0.0,0.0,1.0,1.0
8.662947151187561,1.1629482495965453,1.4726442152365955,1.0,0.0,0.0,1.0,0.0
13.797837702214494,3.1764085889275475,1.1212742037751,1.0,0.0,0.0,1.0,0.0
28.22062387101945,1.6422849448258676,1.785590702388226,1.0,1.0,0.0,1.0,0.0
6.108155709656123,27.936307998055057,9.453777563793276,1.0,0.0,1.0,1.0,0.0
39.89771420965287,0.7670942445583938,0.8670619827743533,1.0,0.0,1.0,0.0,0.0
24.30277995521408,94.5766675346448,1.063925500289751,1.0,0.0,0.0,1.0,1.0
9.50840900950466,0.0150113009141359,0.3765594843937288,1.0,0.0,0.0,1.0,0.0
3.3378165364490475,0.0106515763782613,0.7677997626499857,1.0,0.0,0.0,1.0,0.0
17.13617340907619,0.2022285717967299,0.0946031402310997,1.0,1.0,0.0,0.0,0.0
28.273690945663272,0.6296780668827034,2.5983496886412407,1.0,0.0,1.0,1.0,0.0
13.608486013926322,0.8071644494711975,3.358241302595899,1.0,0.0,0.0,0.0,0.0
2.150908518787682,1.3579084439241575,3.961143341515192,1.0,0.0,0.0,1.0,0.0
3.11887762299593,50.17239041816942,0.7000868651911609,1.0,0.0,0.0,1.0,1.0
7.046639272749405,1.0980255566913957,0.812770518065856,1.0,0.0,0.0,1.0,0.0
9.472551157880316,0.4681589805963558,0.5023827037316304,1.0,0.0,0.0,1.0,0.0
4.373871423026066,1.3782733261581714,2.4011669761105456,1.0,1.0,0.0,1.0,0.0
36.61095872692037,0.5394932301962199,6.671832959245955,1.0,1.0,0.0,0.0,0.0
2.5537025465615604,0.4285436199159279,0.6491990571109646,1.0,0.0,1.0,1.0,0.0
26.21273304825689,0.756784730614165,0.5379077519529915,1.0,0.0,0.0,0.0,0.0
12.59206292011346,7.27927979243517,0.6505043488723619,1.0,0.0,0.0,0.0,0.0
3.933854396389333,1.3323980605432155,2.5394623151035645,1.0,0.0,0.0,0.0,0.0
8.692510705129001,0.1204168610549438,0.5783762587403818,1.0,0.0,0.0,1.0,0.0
56.495202176393626,37.687253032982326,1.55133714070434,1.0,0.0,0.0,0.0,0.0
19.291733446697087,0.1273770096966465,2.182143704606641,1.0,0.0,0.0,1.0,0.0
1.983869293984572,1.7579188146814029,1.599043494198099,1.0,1.0,0.0,1.0,0.0
19.19184078492136,7.310503091588705,1.0280406624079,1.0,1.0,0.0,1.0,0.0
41.10031172008357,0.4001423719118778,7.222710910574178,1.0,1.0,0.0,1.0,1.0
13.793044050804456,2.1815439739415887,0.4032872973642694,1.0,0.0,0.0,1.0,0.0
5.852218784050152,0.2680850019033667,0.9343127363415832,1.0,1.0,0.0,1.0,0.0
15.974106284820436,2.9043224411565234,2.2940932289079368,1.0,0.0,1.0,1.0,0.0
349.8962403007566,37.97502247560901,0.7125865225322213,1.0,0.0,0.0,1.0,1.0
2.796744132662313,1.318526314517762,2.870293922735757,1.0,0.0,0.0,1.0,0.0
1.5716516955813886,0.3403948530249187,6.875376407707931,0.0,1.0,0.0,1.0,1.0
4.306657664868135,45.01845930413212,0.4503059820809728,1.0,0.0,0.0,1.0,0.0
119.99395241155324,3.598932494647236,7.163266398624613,1.0,1.0,0.0,1.0,1.0
10.521408916100818,15.791037649045489,0.6841031843892704,1.0,1.0,0.0,0.0,0.0
0.4820835332293918,1.1727839675949894,0.2215737065497291,0.0,0.0,0.0,0.0,0.0
6.790464221838982,1.1208941093770477,1.1279249240944973,1.0,1.0,0.0,1.0,0.0
83.37416362254025,0.6542437068591322,0.5644038644488969,1.0,0.0,0.0,1.0,0.0
17.648380420537144,0.4209536459310574,4.512857934485103,1.0,0.0,0.0,1.0,1.0
5.561432127317645,0.4640846449055871,0.4394689124442498,1.0,0.0,0.0,1.0,0.0
19.38292819056679,0.0467847272678931,1.9314183072693536,1.0,0.0,0.0,0.0,0.0
121.89455048060351,0.4457396661671712,0.4878842912208979,1.0,0.0,0.0,1.0,1.0
9.542837479393718,10.981862760399924,0.966176294646531,1.0,0.0,0.0,1.0,0.0
4.8412481238400025,21.165344573661137,0.8586791484678808,1.0,0.0,0.0,0.0,0.0
1.1725536295056236,1.8685799105392904,0.3926217278928117,0.0,1.0,0.0,1.0,0.0
5.465811902253979,0.2893719510635276,0.3766169792722241,1.0,0.0,0.0,1.0,0.0
1.7685006147678144,1057.7238410467178,6.186364952223183,0.0,0.0,0.0,0.0,1.0
68.0781107881889,1.4145558306581496,0.8472396648775418,1.0,0.0,0.0,0.0,0.0
12.918048628382428,5.289962193564651,0.8778435743706379,1.0,0.0,0.0,1.0,0.0
3.425538153242779,1.1680915466144843,0.71979325437546,1.0,0.0,0.0,1.0,0.0
3.034821670657725,1.2584209070416996,0.4505832125982429,1.0,1.0,1.0,0.0,0.0
0.3242869019697356,3.465395847291957,0.963026646354728,0.0,1.0,0.0,0.0,0.0
0.0425858597919032,1.216765041220498,0.941188340874862,0.0,1.0,0.0,1.0,0.0
7.176469312711856,6.873748714997066,2.373192473824503,1.0,1.0,0.0,1.0,0.0
42.46864418248661,0.2006987433054848,0.1279104219093212,1.0,0.0,0.0,1.0,0.0
18.84893653951852,108.63678536250136,0.0985036314885757,1.0,0.0,0.0,0.0,0.0
33.74550846160244,8.721573602262621,4.9962658912889575,1.0,0.0,0.0,1.0,1.0
26.337258763846183,167.1125155556389,0.2254429180354597,1.0,0.0,0.0,0.0,0.0
0.9713546109839928,0.2625058017847478,2.108911825460449,0.0,0.0,0.0,1.0,0.0
57.26696320069403,0.8299380570101386,0.4763430851523541,1.0,0.0,0.0,1.0,0.0
10.689390429265613,11.243703263359285,0.2122387165174185,1.0,1.0,0.0,0.0,0.0
0.9692937293029482,0.19776345420085,2.137844743145576,0.0,0.0,0.0,1.0,0.0
13.06974742702772,0.0266838838797636,0.3128623689934063,1.0,0.0,0.0,0.0,0.0
3.7357221260278983,4.244811966672136,0.4435624310348645,1.0,0.0,0.0,1.0,0.0
14.431485196604587,0.1632962834869648,7.4116334123675855,1.0,1.0,0.0,1.0,1.0
1.273335905441368,1.688441152185873,0.3846243618857285,0.0,0.0,0.0,1.0,0.0
4.675306705925653,1.2750641084028425,2.6444205144419097,1.0,0.0,0.0,1.0,0.0
133.66940988662924,61.727110434730925,0.8413970954974024,1.0,0.0,0.0,1.0,1.0
20.51792316537666,0.187226608132681,1.821462827669244,1.0,1.0,0.0,1.0,0.0
7.734955422266222,0.0772408608589194,0.401802895657439,1.0,0.0,0.0,1.0,0.0
2.713190725026125,1.3384540763167108,0.8694972589119218,1.0,0.0,0.0,1.0,0.0
2.568797060442112,0.6917550514829375,0.9788144500023136,1.0,0.0,0.0,1.0,0.0
4.866106608054293,0.0841518371517338,0.907810599825354,1.0,1.0,0.0,1.0,0.0
18.763117600958303,0.2874847632858549,1.318910148138029,1.0,1.0,0.0,1.0,0.0
9.995794833095983,1.5400737513793783,9.505136021386654,1.0,1.0,0.0,0.0,0.0
13.017446547970351,0.3064927425769222,2.698493570878652,1.0,1.0,0.0,1.0,0.0
7.325706667406774,0.1507181900860913,2.9645874858499206,1.0,0.0,0.0,0.0,0.0
1.8753522645682903,0.050892430887192,0.7059812182521132,0.0,1.0,0.0,1.0,0.0
2.859958329004717,4.6700096689251644,0.2813986499142669,1.0,1.0,1.0,1.0,0.0
44.841568706136535,34.90485365940428,4.7382535618504935,1.0,0.0,0.0,0.0,0.0
20.82891247456543,1.0231267095736272,0.2531044220671429,1.0,0.0,0.0,1.0,0.0
34.28149811642124,0.696858621453408,0.131345164745523,1.0,0.0,0.0,0.0,0.0
16.435152672618443,0.7163958612710734,2.189111004051554,1.0,1.0,0.0,1.0,0.0
2.5779456054357057,2.173901595750906,0.1508878094270036,1.0,1.0,0.0,0.0,0.0
5.1846121712742175,1.1005116548114586,0.305024147067835,1.0,1.0,0.0,0.0,0.0
7.671319961466797,52.54452467491458,1.814393140413274,1.0,1.0,0.0,1.0,0.0
136.09674699735072,0.147258139954713,3.567403896020907,1.0,0.0,0.0,1.0,1.0
3.7017706277538127,1.96291432134373,0.7928856762325815,1.0,0.0,0.0,1.0,0.0
1.057774213828071,6.500957183379292,2.997254328325402,0.0,0.0,0.0,1.0,0.0
3.85653675267212,0.0065192880388864,0.9328831280303288,1.0,1.0,1.0,0.0,0.0
67.68893486902986,5.83602827299846,2.4330479863495373,1.0,0.0,0.0,0.0,0.0
15.152233538716043,0.302177721393087,0.4485210943512712,1.0,1.0,0.0,1.0,0.0
2.359571102589224,0.1495148743211935,0.1778981109530465,1.0,1.0,0.0,0.0,0.0
7.448354305672614,0.1428611892758977,1.4537290668115272,1.0,1.0,0.0,1.0,0.0
14.316992241359848,0.6186013549216427,1.6254003223079456,1.0,0.0,0.0,1.0,0.0
8.69337696662003,0.3317161327438513,4.996358747401726,1.0,1.0,0.0,1.0,1.0
52.61244059812068,8.90667879615353,2.1407700133127285,1.0,0.0,0.0,1.0,0.0
20.54799787772198,7.271818494716055,0.4372924054974701,1.0,1.0,0.0,1.0,0.0
6.93213221376715,0.0793289354114815,0.7821076813242318,1.0,1.0,0.0,0.0,0.0
17.150605848131498,7.426855318832906,3.342495373130508,1.0,0.0,0.0,1.0,0.0
42.01964873087416,2.7052836742066755,12.224837654618977,1.0,0.0,0.0,1.0,1.0
3.934049464558274,4.249542467604223,2.096649094612615,1.0,0.0,0.0,1.0,0.0
54.60784437970116,2.242928559792521,0.254181448315017,1.0,1.0,0.0,0.0,0.0
10.590919796559396,0.043754618459233,1.747350697014101,1.0,0.0,0.0,1.0,0.0
5.13532450556213,2.075214527267,0.7346074480943164,1.0,0.0,1.0,1.0,0.0
9.709783497837828,0.3428122932122433,0.6270290929386297,1.0,1.0,0.0,1.0,0.0
1.0654855271350114,1.9532830910078036,4.1461841305016485,0.0,1.0,0.0,1.0,1.0
17.3467121984664,2.2822259844970287,1.676577210761718,1.0,1.0,0.0,1.0,0.0
2.316696786110765,0.3446336951516539,0.0719562885590963,1.0,0.0,1.0,0.0,0.0
6.175944688672059,0.072789352322742,2.0752560777275293,1.0,1.0,0.0,1.0,0.0
0.6350343566263534,8.105572665527978,0.134447865907525,0.0,1.0,0.0,1.0,0.0
7.551427218334875,2.035016908919569,0.1900026921036959,1.0,1.0,0.0,0.0,0.0
2.961966792821529,2.041858831666953,0.7186416400602577,1.0,1.0,0.0,1.0,0.0
52.861182435867896,0.3935626065621325,3.1689892673490068,1.0,1.0,0.0,1.0,0.0
26.49914944460272,0.0481308909222298,4.472789102224867,1.0,0.0,0.0,1.0,1.0
4.697896529618097,45.15231139184272,0.7684766078929405,1.0,0.0,0.0,1.0,0.0
5.988905864875086,0.0130129615520282,0.1481967927473521,1.0,0.0,0.0,0.0,0.0
4.320704718430654,1.067092431497124,0.6498114167162384,1.0,1.0,0.0,1.0,0.0
7.2922717074769885,3.090780412984254,0.254906743774856,1.0,1.0,0.0,1.0,0.0
2.303953305395319,12.085833933021464,0.6295375802297603,1.0,1.0,0.0,1.0,0.0
26.092848619781535,4.960739750061861,0.6418956794623316,1.0,0.0,0.0,1.0,0.0
1.5287510318408637,0.3208404461294275,0.7304245626025556,0.0,0.0,0.0,0.0,0.0
19.459625850883526,0.1079016106025239,4.8367506315494655,1.0,0.0,0.0,0.0,0.0
14.591189297492823,5.060999714987646,0.6098783780788916,1.0,0.0,0.0,0.0,0.0
28.397536666235023,3.929232457525058,0.8608034760273992,1.0,0.0,0.0,1.0,0.0
2.196634700186312,0.9866814317201869,0.3843813563277836,1.0,0.0,0.0,1.0,0.0
6.215424480827183,0.8730535913671634,0.2076272984498743,1.0,0.0,0.0,1.0,0.0
1.947528614525745,0.6968161999324215,0.3302493425132284,1.0,0.0,0.0,1.0,0.0
90.43486713830193,7.454530922609525,0.6322131016747611,1.0,0.0,0.0,1.0,0.0
4.785280421266712,0.0879606388285713,0.9563794498667204,1.0,0.0,0.0,1.0,0.0
7.77659321476751,0.1728998750959914,0.5916616664022138,1.0,1.0,1.0,0.0,0.0
7.5269834474726895,1.9443306596459544,5.101857738020586,1.0,0.0,0.0,0.0,0.0
8.506253021104133,0.9865488123562782,0.4366549318751969,1.0,0.0,0.0,1.0,0.0
4.726311801466425,0.4730616040880303,4.78003562654168,1.0,0.0,0.0,1.0,1.0
59.962536160410906,0.4790950005553047,1.1594804045398166,1.0,1.0,0.0,1.0,0.0
0.5321536640962248,0.1304110974566805,9.2514373867008,0.0,0.0,0.0,1.0,1.0
10.389251587188198,7.611676028233396,0.65743287151225,1.0,0.0,0.0,1.0,0.0
3.3069192639276728,0.7051654609899115,9.474565382782696,1.0,1.0,0.0,1.0,1.0
8.672142131242106,3.753807145263583,0.4401714171527415,1.0,0.0,0.0,0.0,0.0
2.3904510935511167,8.269871438773185,0.6882099819436456,1.0,0.0,1.0,1.0,0.0
0.3111945316032535,2.886905795522372,1.3178061862031245,0.0,1.0,1.0,1.0,0.0
25.066159421591657,0.0180656597916147,7.660087207758933,1.0,1.0,0.0,0.0,0.0
14.319917824946655,0.3431574089872156,2.426684486601585,1.0,0.0,1.0,1.0,0.0
1.9333091402201332,2.036368074472003,1.2376343923427908,1.0,1.0,0.0,1.0,0.0
1.0491081551534738,0.4486801900368303,3.7456756761369063,0.0,1.0,0.0,0.0,0.0
3.995910022398135,2.225605135438159,1.25367353140823,1.0,1.0,0.0,1.0,0.0
91.04227848166563,2.5611360705733057,2.374028456052344,1.0,1.0,0.0,1.0,0.0
24.516788699061635,0.1970085490291452,1.2810937411931471,1.0,0.0,0.0,1.0,0.0
6.569574095519812,0.2401923564668656,2.5436113066819352,1.0,0.0,0.0,0.0,0.0
6.855488774166017,0.1841502990750724,4.389084385064634,1.0,1.0,0.0,0.0,0.0
7.599680883061752,0.4103345611436697,0.4006395147413738,1.0,1.0,0.0,0.0,0.0
18.42428379610768,0.1424647278255116,0.2962142157492501,1.0,0.0,0.0,1.0,0.0
13.998253963147778,12.536431913355752,0.6008909950954529,1.0,0.0,0.0,0.0,0.0
0.8507501722810922,1.119186636972578,0.4510444489324842,0.0,0.0,0.0,1.0,0.0
107.87879951205802,0.3266918290018163,2.279113304429046,1.0,0.0,0.0,1.0,1.0
3.1699184862402605,0.8062085630630662,1.0553373470222478,1.0,0.0,0.0,1.0,0.0
11.07000475253312,1.787980920519305,1.5970271371153415,1.0,0.0,0.0,0.0,0.0
1.1376780648755809,0.0977068608936541,0.6185945575077074,0.0,1.0,0.0,0.0,0.0
0.5670281654222458,0.0709285415055033,0.0340242494931044,0.0,0.0,0.0,0.0,0.0
9.616320205288565,25.247642539079862,1.1436190614947257,1.0,1.0,1.0,1.0,0.0
37.88347261065832,0.6683752816071951,0.1280304269983688,1.0,0.0,0.0,0.0,0.0
44.52139025795464,3.2860730959049103,3.267031285384876,1.0,0.0,0.0,0.0,0.0
4.693131023735468,0.2394922550459048,0.4214425812601799,1.0,0.0,1.0,1.0,0.0
1.2572075912529697,0.6492980178433805,0.7776062144137816,0.0,1.0,0.0,1.0,0.0
5.327697309549428,3.912872679085482,1.4857734089146952,1.0,0.0,0.0,0.0,0.0
3.622198819098249,6.564223319619359,0.6693815381370565,1.0,1.0,0.0,1.0,0.0
5.329656129631023,0.2501358288748238,1.9892639263251828,1.0,0.0,0.0,0.0,0.0
1.5209014142053745,1.2456227781751328,0.1163137306536932,0.0,0.0,0.0,0.0,0.0
62.902982950894014,28.783369784189432,0.5860930458167896,1.0,0.0,0.0,1.0,0.0
9.660566177167606,10.42551757073533,0.5809066087531023,1.0,1.0,0.0,0.0,0.0
22.21692290811949,0.1201033682927131,0.8873883851657277,1.0,1.0,1.0,1.0,0.0
10.06629627450674,4.320415289324673,0.7498088954093813,1.0,0.0,0.0,0.0,0.0
2.9471017223619382,0.0935865207736146,0.8031591974283633,1.0,0.0,0.0,1.0,0.0
21.048223451896376,1.611557628435588,0.8911411355137165,1.0,0.0,0.0,1.0,0.0
92.85625870412436,1.6239568764310617,2.4498285265314776,1.0,1.0,0.0,1.0,0.0
10.861378388025674,0.0652563385253875,5.3123269022076745,1.0,0.0,0.0,1.0,1.0
26.97621863239357,7.951479998111671,1.1330929396278404,1.0,1.0,0.0,0.0,0.0
3.212449417372252,0.266362597014926,1.2169508770625772,1.0,0.0,0.0,0.0,0.0
0.8826757412319808,1.2505510348694384,0.9262446136186908,0.0,0.0,0.0,1.0,0.0
74.5136549516499,0.7598890114482426,1.023549248467865,1.0,0.0,1.0,1.0,0.0
4.292500671366095,0.5784456560438331,0.0583770039319666,1.0,0.0,0.0,1.0,0.0
202.47983533958404,5.592630745882662,0.831556345024269,1.0,0.0,0.0,0.0,0.0
13.319980579082335,0.2638204670472731,2.1053234139726222,1.0,0.0,0.0,1.0,0.0
0.7967697097603536,15.138712279242936,0.3131565683210111,0.0,0.0,1.0,0.0,0.0
27.807847922318363,14.14650163601872,0.6678619519371911,1.0,1.0,0.0,1.0,0.0
7.682118200333683,0.0969666039330637,0.8819837964258852,1.0,0.0,0.0,1.0,0.0
6.390194214164197,1.5680955043417562,0.5156274588455786,1.0,0.0,0.0,1.0,0.0
9.10732173308687,0.9319707582587942,0.1365883911264689,1.0,0.0,0.0,1.0,0.0
0.7348361214792163,3.802766197841778,0.8083039749598377,0.0,1.0,1.0,1.0,0.0
1.5938750353768718,2.7582441524611627,1.131608173286096,0.0,0.0,0.0,1.0,0.0
3.160094737284121,0.0132744884539067,1.755269067317935,1.0,0.0,1.0,1.0,0.0
112.49379922525644,13.76443424378906,0.3522231475129591,1.0,1.0,0.0,1.0,0.0
34.276295632596856,0.2682373465051487,0.5469448860346516,1.0,0.0,0.0,1.0,0.0
48.86516482199645,0.7074216991249022,0.0252665775966471,1.0,0.0,0.0,0.0,0.0
10.000990694325203,15.574419102972644,0.7932683198636379,1.0,1.0,0.0,0.0,0.0
5.963806100050244,13.892172300089896,0.5211805956722891,1.0,0.0,1.0,1.0,0.0
181.1153018190252,0.1853968420172604,1.0326048638484138,1.0,1.0,0.0,0.0,0.0
1.2200606020356104,0.0836474142672202,0.4930478117733555,0.0,0.0,0.0,1.0,0.0
1.8092501886241268,12.730844757549033,0.0909615182295026,0.0,1.0,1.0,0.0,0.0
2.596077653075203,33.41474274334019,1.173215292126281,1.0,0.0,0.0,1.0,0.0
44.76484778615114,2.894500291544494,2.589985498848416,1.0,0.0,0.0,0.0,0.0
67.68128835339962,0.1739969025114842,2.274500122498369,1.0,0.0,0.0,1.0,0.0
6.873614259359987,0.194602411722143,7.533521556086283,1.0,1.0,0.0,1.0,1.0
16.969494998605125,2.758602981049191,0.3310312105794934,1.0,0.0,0.0,0.0,0.0
33.21474792057563,0.7409347508736183,1.085639594338296,1.0,0.0,0.0,1.0,0.0
6.2031866326643375,0.5407115301455891,3.4665027117740945,1.0,0.0,1.0,1.0,0.0
36.53485897460194,7.458278210450083,0.3633491697288149,1.0,1.0,0.0,0.0,0.0
19.34164108789273,0.38612146230943,0.3693311065692736,1.0,1.0,0.0,0.0,0.0
203.7726987679849,3.641034633568187,0.2732679098977292,1.0,0.0,0.0,1.0,1.0
3.9827418526595055,9.160852883848484,0.3741726572794778,1.0,0.0,0.0,1.0,0.0
11.630237458549676,0.2525879891368841,0.7136223809688408,1.0,0.0,0.0,1.0,0.0
7.307471066017783,0.7174546713429804,1.1079992798029437,1.0,0.0,0.0,1.0,0.0
12.90920833594565,0.1923972039183292,0.2417726306664513,1.0,0.0,0.0,1.0,0.0
2.082772147994541,0.6626304647301795,0.4364569505408865,1.0,0.0,0.0,0.0,0.0
22.88754493071793,0.5739505133696398,1.099725279728353,1.0,0.0,0.0,1.0,0.0
29.213285574950305,0.0137510961901432,2.6465312691209584,1.0,0.0,0.0,1.0,0.0
3.1675839006899933,1.3718893932393994,1.5873339196637346,1.0,1.0,1.0,0.0,0.0
3.065761670636505,4.256525059887102,0.3235925533836242,1.0,0.0,1.0,0.0,0.0
31.50144441661691,0.3558793246277481,1.075776860392779,1.0,1.0,0.0,0.0,0.0
18.44547933769644,1.3527147235153465,3.8338492982647066,1.0,0.0,0.0,1.0,0.0
4.168050555030582,4.979857747346299,0.4156425518159095,1.0,0.0,0.0,0.0,0.0
59.43114786985797,0.8035927631029808,1.4868426817571418,1.0,0.0,0.0,1.0,0.0
25.17344157504895,0.0448921896258148,1.5437159044100666,1.0,0.0,0.0,1.0,0.0
1.051020851500644,13.575167338625148,1.8513157640255815,0.0,1.0,0.0,1.0,0.0
38.839541049330656,1.0914309924636707,2.804272768295515,1.0,1.0,0.0,0.0,0.0
5.863128730716718,0.1742007942963743,2.4803796990699527,1.0,0.0,0.0,1.0,0.0
18.53743563112769,0.1551101839192553,0.6547389741085373,1.0,0.0,0.0,0.0,0.0
6.947444690352869,22.26127139534703,0.4806243405806759,1.0,1.0,1.0,0.0,0.0
100.64906470404271,0.3157565432432752,0.3476931311558594,1.0,1.0,0.0,1.0,0.0
2.546738315244821,4.374694987768809,0.3013521400765886,1.0,0.0,0.0,1.0,0.0
10.871191951670616,0.3064276802635688,0.3871277273275842,1.0,1.0,0.0,0.0,0.0
16.033669965683423,0.7038022652320924,2.1201714206062974,1.0,0.0,0.0,0.0,0.0
4.862013201516815,2.8595901788412004,1.870364921753341,1.0,0.0,0.0,1.0,0.0
1.4623630928494429,0.2934698881086136,1.727961006942491,0.0,0.0,0.0,1.0,0.0
16.109719371967202,0.0731437899971506,1.3629324547153956,1.0,1.0,0.0,1.0,0.0
10.11712582275743,9.98851236719406,0.917825036220944,1.0,0.0,1.0,1.0,0.0
5.764114259258781,1.168221743036523,0.2810046423672718,1.0,1.0,0.0,1.0,0.0
218.6097559043364,0.2032738921468846,1.80403311426596,1.0,1.0,0.0,0.0,0.0
0.2331047337795658,8.672910478866628,0.5402793599959422,0.0,1.0,0.0,0.0,0.0
26.02354481812033,2.5118725002107944,0.4308005031969258,1.0,0.0,1.0,1.0,0.0
1.3502233369308088,1.304160261081371,1.249625077623009,0.0,0.0,0.0,1.0,0.0
115.4752351009652,11.19462518494407,2.2782444173405065,1.0,0.0,0.0,1.0,1.0
43.129837237070525,0.464204109900479,0.5209244664369563,1.0,1.0,0.0,1.0,0.0
0.7741147796458813,0.1819762539499219,0.3266169970327254,0.0,0.0,0.0,1.0,0.0
11.626317827909066,2.138155941473028,0.2181419064374946,1.0,1.0,0.0,1.0,0.0
32.61541581038017,0.1127398411451643,0.5534701878394019,1.0,0.0,0.0,1.0,0.0
3.291816359923791,1.1525124441273509,1.60245718006454,1.0,1.0,0.0,1.0,0.0
12.560554797071498,0.8082757244813049,0.6316690233510754,1.0,0.0,0.0,1.0,0.0
27.142656495675897,0.7893336760254246,0.1787221135286983,1.0,1.0,1.0,1.0,0.0
11.205341792276007,1.7487615097694174,0.6857113621764627,1.0,0.0,0.0,1.0,0.0
3.293332075758208,0.8019070325272605,2.0113076574457205,1.0,0.0,1.0,0.0,0.0
0.6569481011746123,0.1737126118976721,0.831494705658584,0.0,1.0,1.0,1.0,0.0
14.93068621259577,4.267862923432555,1.8215148801178636,1.0,0.0,0.0,1.0,0.0
2.1807314991194344,29.7907658800605,4.8193608500608525,1.0,0.0,0.0,1.0,1.0
82.97446861125428,0.1752954529729319,0.2471798712849984,1.0,1.0,0.0,1.0,0.0
9.366768735471195,0.044443567618352,0.6964512929633189,1.0,1.0,0.0,1.0,0.0
45.04797145211425,0.1054713332946974,2.2241722471941108,1.0,0.0,0.0,0.0,0.0
0.5946456410604208,0.9777789878329318,0.7508232935294489,0.0,1.0,0.0,0.0,0.0
2.32843891281514,0.4562217002905853,0.6784821800457271,1.0,1.0,0.0,1.0,0.0
8.48447522906433,0.0227926943161446,2.7965932227208383,1.0,1.0,0.0,0.0,0.0
0.9217598600517312,0.0400377216303677,1.0583160555584523,0.0,0.0,1.0,0.0,0.0
7.729283552879668,1.2095294912458978,0.2688462531429586,1.0,1.0,0.0,0.0,0.0
2.2574706429621845,1.6593515799165524,2.5924583081143684,1.0,1.0,0.0,1.0,0.0
6.271423180281648,75.71962369317085,0.7736025422705135,1.0,0.0,0.0,1.0,1.0
22.98719190802901,2.1574508046841303,0.1080313836263405,1.0,0.0,0.0,1.0,0.0
33.580628269520254,0.4743493474815463,0.7473716189969299,1.0,0.0,0.0,1.0,0.0
11.686790552726311,3.1280291981810677,0.1596125253921242,1.0,0.0,0.0,0.0,0.0
0.8195359527489551,0.9224512229112174,0.3148076565059606,0.0,1.0,0.0,1.0,0.0
4.198594190820685,0.2779547624484298,1.6519534661096713,1.0,0.0,0.0,1.0,0.0
4.444641570991078,1.0478228454825027,0.6190082812193964,1.0,0.0,0.0,1.0,0.0
25.80874872101415,1.4699407606927322,2.714461236394343,1.0,0.0,0.0,1.0,0.0
14.829220570136794,21.92685419849273,1.0035172171888165,1.0,0.0,0.0,0.0,0.0
2.286083115418675,0.0580192959071685,0.115957467815605,1.0,1.0,0.0,1.0,0.0
2.5502739585196954,1.696944606966274,1.0909500371076195,1.0,1.0,1.0,1.0,0.0
0.6473141336698476,0.4167198247139564,0.6390160811355812,0.0,0.0,0.0,1.0,0.0
16.919856820300797,22.15035985833735,2.34903471469708,1.0,0.0,0.0,1.0,0.0
18.053251148846428,63.57152566197024,1.5139162913670088,1.0,0.0,0.0,0.0,0.0
9.430313893370982,10.670645146723013,3.2715874344468,1.0,0.0,0.0,1.0,0.0
4.226073737152895,2.1060797054205453,1.1704754159831132,1.0,0.0,0.0,1.0,0.0
2.329488566681108,7.435346130602607,0.7670133509842799,1.0,1.0,0.0,1.0,0.0
14.76267078980242,16.520395102225155,0.2449336559668819,1.0,1.0,0.0,1.0,0.0
45.758464722171006,1.7831668151076527,0.3395571743135173,1.0,0.0,0.0,1.0,0.0
4.957266046066876,0.0889040327866647,2.0937355586801467,1.0,0.0,0.0,0.0,0.0
16.078224425484624,0.5491427019123125,0.3223289839562554,1.0,0.0,0.0,1.0,0.0
11.504160391552782,1.211457922741289,0.1226502730883381,1.0,0.0,1.0,0.0,0.0
5.55657319863361,10.817885197409671,1.2998794793825474,1.0,0.0,0.0,0.0,0.0
26.031836133511423,1.9127230504503736,1.526572408217343,1.0,0.0,0.0,1.0,0.0
84.14358605679482,0.2967002809746993,2.166656178519001,1.0,0.0,0.0,0.0,0.0
1.0694403581069587,0.4195950378235346,0.2339022660091767,0.0,0.0,0.0,1.0,0.0
0.2006168221342358,0.0863075862140447,1.3016286843318996,0.0,0.0,0.0,1.0,0.0
217.5267500332837,0.2013252393770302,0.5483083224878428,1.0,0.0,0.0,1.0,1.0
38.1858698436021,0.5867767518204494,1.3034165050195343,1.0,0.0,0.0,1.0,0.0
7.739374673282358,1.0599831532752342,12.71969021700546,1.0,0.0,0.0,1.0,1.0
21.15028992971696,1.4058207503368902,0.6662977090788639,1.0,1.0,0.0,1.0,0.0
56.79278677990719,0.3670500161211392,5.284914833918819,1.0,0.0,1.0,1.0,0.0
3.204580909648013,0.3692351387746385,3.453920587226793,1.0,0.0,0.0,1.0,0.0
8.523218006236347,8.779685079335891,0.9002693345917239,1.0,1.0,0.0,0.0,0.0
51.85821107905882,11.82350533993286,2.0987489785564515,1.0,0.0,1.0,0.0,0.0
3.5503317897865125,0.1905796738616168,3.589838669160565,1.0,0.0,0.0,0.0,0.0
5.672980599423048,0.0178798542427418,0.7130159210139257,1.0,0.0,1.0,1.0,0.0
0.87272720582944,0.1507166910397674,1.0067784927667285,0.0,1.0,0.0,1.0,0.0
15.174454218251269,0.0767407799015252,2.973883280964892,1.0,1.0,0.0,1.0,0.0
0.8852428768817613,10.65755111545386,1.2777270053510617,0.0,1.0,0.0,1.0,0.0
1.293392477887697,0.6646326713227443,3.351779130233619,0.0,0.0,0.0,0.0,0.0
4.568365322511052,0.4803968618830735,0.3109193514501305,1.0,0.0,0.0,1.0,0.0
8.885633538260423,0.3026834643634279,4.431192846955338,1.0,0.0,0.0,0.0,0.0
20.909553537264955,1.358397652724326,0.90624238405206,1.0,0.0,0.0,0.0,0.0
25.757026778273698,0.2369614126500467,2.4339400357996754,1.0,0.0,0.0,1.0,0.0
1.313569521399197,1.1182603545600187,0.612974502090978,0.0,0.0,0.0,1.0,0.0
52.96751651355028,0.7178799884348247,0.464367529961913,1.0,0.0,0.0,0.0,0.0
14.466508106392851,0.4964249215645669,0.4995547800536349,1.0,0.0,0.0,0.0,0.0
8.717645211951142,6.177604180769592,0.370848387659431,1.0,1.0,0.0,1.0,0.0
3.028680645578806,0.1009273981234041,0.7444814896007568,1.0,0.0,0.0,1.0,0.0
64.50351858054259,0.1165160016732533,0.3485500119452346,1.0,1.0,1.0,0.0,0.0
1.0593601640200447,1.0475343068288776,0.4960063372855163,0.0,0.0,0.0,0.0,0.0
4.622539478320941,8.576626214642967,5.154875814532998,1.0,0.0,0.0,0.0,0.0
1.142701059168132,1.3626578702854752,2.076427890776761,0.0,0.0,0.0,0.0,0.0
10.175261442297163,8.2924008707935,0.1749101555990735,1.0,0.0,0.0,0.0,0.0
14.524943559445516,0.1608464815209396,0.8362120153135991,1.0,0.0,0.0,0.0,0.0
3.1273001744476527,2.0242070436308994,0.7022296563921966,1.0,0.0,0.0,0.0,0.0
3.64448579439041,0.1428029981378434,1.7030652004323124,1.0,1.0,0.0,1.0,0.0
12.647063053937986,6.650611577622042,0.1225502935698467,1.0,1.0,0.0,1.0,0.0
1.3862105991564864,0.4034443206128993,0.2845215769256462,0.0,1.0,0.0,1.0,0.0
11.464083517884216,9.737359076342976,1.274426852384268,1.0,0.0,0.0,1.0,0.0
15.88269984977671,0.1881606314671638,2.935241673140979,1.0,0.0,0.0,1.0,0.0
14.341914329297309,0.915703267525674,0.4975296597110704,1.0,0.0,0.0,1.0,0.0
3.440586341351811,0.4430526744141376,2.924611493119595,1.0,0.0,0.0,1.0,0.0
3.423370020230748,1.3112650077133965,1.6056949921644958,1.0,0.0,0.0,1.0,0.0
3.62871795501031,0.1380142142699645,0.0755822705955168,1.0,0.0,0.0,1.0,0.0
4.759955989923119,3.633706155871137,2.3108970618177627,1.0,0.0,1.0,1.0,0.0
14.9171029705245,0.116842412250997,13.421776742218798,1.0,1.0,0.0,1.0,1.0
3.060906560765003,7.231525032348821,1.5197262497858062,1.0,1.0,0.0,1.0,0.0
32.507395137938346,4.592120719265517,0.8726293933714191,1.0,0.0,0.0,0.0,0.0
3.5546256702973102,119.2878864758442,1.244253847011976,1.0,1.0,0.0,1.0,0.0
40.02610270755741,0.309064856556159,2.277305394204911,1.0,0.0,0.0,0.0,0.0
1.4610879511158557,0.3131184244973076,2.786456427705274,0.0,0.0,0.0,1.0,0.0
1.1203795834586696,1.2495734604422442,0.2107109770342184,0.0,1.0,0.0,0.0,0.0
19.29916300243017,0.8003434969584332,2.126013103091201,1.0,0.0,0.0,1.0,0.0
2.530333211737568,1.6851303689017865,0.5760496673894534,1.0,1.0,0.0,1.0,0.0
1.7416060642357512,0.2868630318305599,1.281189116934999,0.0,0.0,0.0,0.0,0.0
8.56012418103287,0.8490220241520986,1.556961864694718,1.0,1.0,0.0,1.0,0.0
3.379966987161585,3.1830674644336225,2.733824565069681,1.0,0.0,0.0,1.0,0.0
67.00815027270264,20.02844072031493,4.555996753005617,1.0,0.0,0.0,1.0,1.0
9.687332432638785,12.936376689096935,6.4953188976996605,1.0,0.0,0.0,1.0,1.0
8.400885542870704,0.3757820688733058,0.3082197418770551,1.0,0.0,0.0,0.0,0.0
7.781021222915059,2.7549454412022705,1.6401637619995098,1.0,0.0,1.0,1.0,0.0
1.9999655305321284,0.9190060952256592,1.5383152419592765,1.0,0.0,0.0,0.0,0.0
0.395912842757723,0.7842681544957945,1.176824018132383,0.0,0.0,1.0,0.0,0.0
16.869242486013775,2.597719634777119,2.2833117072997764,1.0,0.0,0.0,1.0,0.0
17.661795207892673,0.16040508240271,0.2917111763887378,1.0,0.0,0.0,1.0,0.0
20.19687838116676,1.5517794371148286,2.9539481358378405,1.0,0.0,0.0,0.0,0.0
18.99619228275009,15.5594173552777,0.2980885698206478,1.0,1.0,0.0,0.0,0.0
109.40076422267484,6.579982937733348,0.2182168298722208,1.0,0.0,0.0,0.0,0.0
2.0978375700391427,0.296366326640073,0.8084275214925396,1.0,0.0,0.0,1.0,0.0
1.275375909746353,3.960694044627608,3.877906645598729,0.0,0.0,0.0,1.0,0.0
6.457422297762345,4.399500330237759,0.0384815149477139,1.0,1.0,0.0,0.0,0.0
1.6162461095628198,16.463445209038564,15.826990424281922,0.0,1.0,0.0,1.0,1.0
7.511241214344721,1.980480360944859,4.656099637789393,1.0,1.0,0.0,0.0,0.0
5.349558145195841,3.92383473298084,1.626421680251312,1.0,1.0,0.0,1.0,0.0
13.6875633084415,4.879174125370593,1.0697577017804607,1.0,0.0,0.0,0.0,0.0
4.906815142197372,1.539931785493993,0.4915634537598524,1.0,0.0,1.0,1.0,0.0
8.481361878814916,1.720811480705765,0.782182301133945,1.0,0.0,0.0,1.0,0.0
16.48187367055827,1.5076024784821065,0.7792136570121925,1.0,1.0,0.0,1.0,0.0
7.532024807552923,17.91943812469964,1.3531104800631646,1.0,1.0,0.0,1.0,0.0
11.873561129553474,0.5041842395414619,0.154581174135842,1.0,0.0,0.0,1.0,0.0
5.336046909331578,15.113008225068567,2.234292735393423,1.0,0.0,0.0,1.0,0.0
2.8777191699641964,10.06011614870762,3.050480018187072,1.0,1.0,0.0,1.0,0.0
2.063659657078024,0.4102001941174885,0.3320972004042076,1.0,0.0,0.0,0.0,0.0
13.329087723264312,0.0250906816301524,0.919621701508854,1.0,0.0,0.0,1.0,0.0
3.6721301825269608,1.5160036990044885,1.31995081730239,1.0,0.0,0.0,1.0,0.0
11.396392523368648,2.726313019640878,1.958783616478343,1.0,1.0,0.0,1.0,0.0
136.80923987705057,0.3867129702344649,0.7688551165076468,1.0,0.0,1.0,0.0,0.0
7.593294481968392,0.9653237177264464,2.554221322516187,1.0,0.0,1.0,1.0,0.0
8.169401152133227,8.549962858692544,1.0793376616459125,1.0,1.0,0.0,0.0,0.0
6.9526600647101615,0.0169287318262789,0.2426789837990639,1.0,0.0,0.0,1.0,0.0
3.866852075048264,0.3556089426761861,0.1332279482427686,1.0,0.0,0.0,1.0,0.0
19.12815940308286,0.2773150231620012,3.181526055699728,1.0,0.0,0.0,1.0,0.0
6.892393266743452,0.0852890566077365,0.5268618426040053,1.0,1.0,0.0,1.0,0.0
28.63249430512173,18.587241779268982,0.5137621204022289,1.0,1.0,0.0,1.0,0.0
6.390055438750637,21.564696783588094,2.526742037367887,1.0,0.0,0.0,0.0,0.0
7.690455293743684,6.782006218649825,1.5687258108053808,1.0,1.0,1.0,1.0,0.0
43.14501575778341,1.3739590886334827,0.9946785985784192,1.0,0.0,0.0,0.0,0.0
22.299184558715535,35.00516111609271,0.6037154607432146,1.0,1.0,0.0,1.0,0.0
27.23931151881234,5.904486282488159,0.4098732733696902,1.0,0.0,1.0,1.0,0.0
10.096588800431745,0.6541504734272918,3.3219085463250435,1.0,1.0,0.0,0.0,0.0
156.83285404651772,0.5327606995098726,0.072185961902229,1.0,1.0,0.0,1.0,0.0
4.680338982673296,3.878552115091469,1.799793700838488,1.0,1.0,0.0,1.0,0.0
4.888004735270499,0.7871904256553752,0.9929078864251024,1.0,0.0,0.0,1.0,0.0
41.251647415597205,0.7293182201932663,0.718865832362054,1.0,0.0,0.0,1.0,0.0
65.91237370993937,4.763739903953735,0.8213366843616275,1.0,1.0,0.0,0.0,0.0
1.4737472253085278,0.0329125842590851,0.9085766932256932,0.0,0.0,0.0,1.0,0.0
34.05407027239892,8.122949120406378,0.4509373305164685,1.0,1.0,0.0,1.0,0.0
39.67908021108375,0.2757027809163069,0.4141336875727141,1.0,0.0,0.0,0.0,0.0
24.25055756092066,1.8211380432602184,1.400208073634856,1.0,1.0,0.0,1.0,0.0
22.2535457799454,0.4996612983261266,0.8674329906410962,1.0,0.0,0.0,1.0,0.0
2.84569775578893,10.105566207389296,0.791886148048542,1.0,0.0,0.0,0.0,0.0
8.176528279803856,0.0673914860649514,7.463962196889729,1.0,1.0,1.0,1.0,0.0
2.1223748938049924,0.7683914735947723,0.4616331121327193,1.0,0.0,0.0,1.0,0.0
2.996381030726343,1.554263039113606,0.6813353911286215,1.0,1.0,0.0,0.0,0.0
2.4574459424365998,6.190238663115201,0.7275781931151559,1.0,0.0,0.0,0.0,0.0
0.9785297928620356,10.572580933979667,1.558123608189542,0.0,0.0,0.0,0.0,0.0
68.47876799227127,2.616072848448703,3.0804467134994264,1.0,0.0,0.0,1.0,0.0
6.023831513341494,0.1897792843130092,0.4526933412364026,1.0,0.0,0.0,0.0,0.0
2.0245536734281044,0.6515897587491969,0.4426477504557248,1.0,0.0,1.0,0.0,0.0
10.910116787016609,0.0518336401665941,1.3277201145261026,1.0,0.0,0.0,0.0,0.0
32.7428023649191,10.745449928357129,0.3252647123482534,1.0,0.0,0.0,1.0,0.0
15.93364685113684,12.268607933006775,0.4549309152182813,1.0,1.0,0.0,0.0,0.0
9.114748415816956,3.9985127791256208,1.8461327681146185,1.0,0.0,0.0,1.0,0.0
43.92550866185314,2.692892314015456,0.5946831787479121,1.0,1.0,0.0,1.0,0.0
8.086300906301695,4.561091860228021,1.220990083610272,1.0,0.0,0.0,1.0,0.0
5.815607715094399,10.638989673531366,0.2956731636954176,1.0,0.0,0.0,1.0,0.0
1.0541158961005912,0.1182562772695438,1.1476663141865031,0.0,0.0,0.0,1.0,0.0
15.681876228404189,13.1789858934101,1.0732695522688864,1.0,1.0,0.0,0.0,0.0
24.142835852807103,0.1257852850380847,6.432182596274799,1.0,0.0,0.0,0.0,0.0
36.7522344937695,1.2590745519608666,1.0331909719236363,1.0,0.0,0.0,1.0,0.0
10.08617196604485,37.872305123678174,1.2320029807389152,1.0,1.0,0.0,0.0,0.0
129.96059737777483,0.0857312213171919,2.488749746221763,1.0,1.0,0.0,1.0,0.0
0.45231740131808,6.398499485985528,0.3264831298233387,0.0,0.0,0.0,0.0,0.0
17.495231824928155,0.544310183460687,0.1707944315188143,1.0,0.0,0.0,1.0,0.0
9.193911277942131,2.67141703485397,2.7154626896026888,1.0,1.0,0.0,1.0,0.0
92.54623992237482,0.7899560232893121,10.504753620335602,1.0,0.0,1.0,1.0,0.0
42.45318162688255,1.2821832726969573,1.0425350577739505,1.0,0.0,1.0,0.0,0.0
14.533965030598395,0.4712845428184771,1.2143252211370217,1.0,1.0,0.0,1.0,0.0
20.352002187630777,0.3289485894400232,0.1192527116463146,1.0,1.0,0.0,1.0,0.0
4.705408157947895,0.2884106669091696,4.740574016701806,1.0,1.0,0.0,1.0,1.0
1.1673442685967397,1.17531091481509,0.2264280093108052,0.0,0.0,0.0,0.0,0.0
2.024801551474858,0.5206962211030619,0.2291490014686852,1.0,0.0,0.0,1.0,0.0
20.453629999433076,1.8009858715688507,0.7325401902293611,1.0,0.0,0.0,1.0,0.0
11.48538071884727,0.7298245074879703,2.1970710489054857,1.0,1.0,0.0,0.0,0.0
0.7753897364642335,0.0531792390825259,1.6070741800746653,0.0,1.0,1.0,1.0,0.0
38.85502162788782,0.6401744499399704,0.9931659535841598,1.0,0.0,0.0,1.0,0.0
3.042547273247277,2.221072923441593,11.806685897223838,1.0,1.0,0.0,1.0,1.0
113.30896655179822,1.8251069533793336,3.241075203678135,1.0,0.0,0.0,1.0,1.0
8.997502685772726,0.1320292295592129,0.1587249108671696,1.0,0.0,1.0,0.0,0.0
84.99719897414661,1.547995653590017,2.084072530800397,1.0,0.0,0.0,0.0,0.0
215.07690302695045,0.863639001806913,3.0669369940067126,1.0,0.0,0.0,0.0,0.0
85.70062484842283,0.1521962039055079,2.650484676223881,1.0,0.0,0.0,1.0,0.0
8.53732390428154,3.3029058933418525,0.4780193997324563,1.0,1.0,0.0,1.0,0.0
2.9807116861082124,1.5519365910260057,0.2384983157527921,1.0,0.0,0.0,1.0,0.0
0.1933864099502565,0.4496111254626954,3.873317202768992,0.0,1.0,0.0,1.0,0.0
9.042472408128706,0.0185974488711668,1.627802444686644,1.0,0.0,0.0,1.0,0.0
3.061666302306153,0.9033263946507792,1.2848321005289345,1.0,0.0,0.0,0.0,0.0
21.593809074761708,28.51750956297616,0.2677985077029864,1.0,0.0,0.0,1.0,0.0
4.247274182702785,1.00890964631212,0.5806035575291533,1.0,0.0,0.0,1.0,0.0
18.14641500256043,0.3901510671112277,0.4938307715417683,1.0,1.0,0.0,1.0,0.0
20.139746306008306,0.3934343641925307,3.3134803411269216,1.0,0.0,0.0,1.0,0.0
48.18078288648858,0.3596999560231776,0.3799822497771852,1.0,0.0,0.0,0.0,0.0
14.626560469227284,0.0291610325514041,5.157325231757362,1.0,1.0,1.0,1.0,0.0
86.29693496419343,1.747685483737494,1.598594325445286,1.0,1.0,1.0,0.0,0.0
6.116051086576491,0.1012490401248872,0.1735675914816922,1.0,1.0,0.0,1.0,0.0
96.1993136435852,3.466328875397849,0.0970374522665881,1.0,1.0,0.0,0.0,0.0
15.65589644649754,0.535993867650145,0.3400549261081221,1.0,0.0,0.0,1.0,0.0
1.7980359890397688,0.2818970244583615,15.944647304425082,0.0,0.0,0.0,1.0,1.0
15.416292140312384,2.512033631252656,6.742256234351867,1.0,1.0,0.0,1.0,1.0
35.575694877986884,1.1789103833735597,6.6060246047996936,1.0,0.0,0.0,1.0,1.0
11.531230802371264,1.1075688896476437,1.3155709166203833,1.0,1.0,0.0,1.0,0.0
6.388813360535595,0.2081340595619918,1.49438829430967,1.0,1.0,0.0,1.0,0.0
5.754454014591746,51.48982974716576,0.7487570663856,1.0,0.0,0.0,0.0,0.0
3.909207902668866,1.6217493601565571,0.9790587891986952,1.0,0.0,0.0,0.0,0.0
50.61765766545952,1.3230216425299972,8.805326852254849,1.0,1.0,0.0,1.0,1.0
0.3203576975946772,0.6296521840146558,1.426729549946625,0.0,0.0,0.0,1.0,0.0
5.941272445591994,75.77888404483255,1.4991204540642835,1.0,1.0,0.0,1.0,0.0
3.932669124776425,0.0795309557722429,1.4000954696045385,1.0,0.0,0.0,1.0,0.0
10.82130416848947,2.1639141154333235,0.8494090672484683,1.0,0.0,0.0,0.0,0.0
21.019039943659266,0.4040977384636916,2.7591685687323926,1.0,1.0,0.0,1.0,0.0
0.5468258143825243,24.38200293532204,13.978306381768974,0.0,0.0,0.0,0.0,1.0
6.759115685706644,0.39205299123228,5.343326286532381,1.0,0.0,1.0,0.0,0.0
46.18575157214274,0.0965410021636922,4.367047267516486,1.0,0.0,0.0,1.0,1.0
2.4568613472334704,0.5356439128074556,0.5627899647826987,1.0,0.0,0.0,0.0,0.0
35.88765719155622,0.3529207373149201,0.5913198042754997,1.0,0.0,0.0,1.0,0.0
0.6005099735769304,14.353035290037182,0.3014039393841665,0.0,0.0,0.0,1.0,0.0
81.89790542336732,1.810282999302868,0.1234751657908475,1.0,0.0,1.0,1.0,0.0
14.835647649863894,0.1062388810874389,0.1868245661198319,1.0,0.0,0.0,1.0,0.0
13.582067832409884,0.6079143494720332,0.3756577431166172,1.0,0.0,0.0,1.0,0.0
56.98579098750056,0.8510186179816187,0.1563179602240749,1.0,0.0,1.0,1.0,0.0
2.404479243074344,0.0444937449295454,0.3690577613731414,1.0,0.0,0.0,1.0,0.0
18.60720869821268,0.6883244378547256,2.1954067386285883,1.0,0.0,0.0,0.0,0.0
1.7412292987659974,0.0939185735181789,2.519181906397706,0.0,0.0,0.0,1.0,0.0
10.412056634113004,0.5361636259794693,9.454675165327746,1.0,0.0,0.0,1.0,1.0
17.896449631058637,4.957822244484084,0.828691851536608,1.0,1.0,0.0,1.0,0.0
80.17572896901841,4.114057318733442,6.509778413902074,1.0,0.0,0.0,0.0,0.0
8.472796664727413,0.2053214477287867,0.1429080498668131,1.0,1.0,0.0,1.0,0.0
20.704816926791395,3.2948293201720644,0.5983439709087631,1.0,1.0,0.0,1.0,0.0
8.331198222403787,2.231919809309363,1.9917294311214933,1.0,1.0,0.0,0.0,0.0
52.79229699168552,1.0402302324500436,1.3893600226639806,1.0,1.0,0.0,1.0,0.0
20.584166802811133,3.890893278960801,2.013320322720031,1.0,0.0,1.0,1.0,0.0
1.1365616733194146,0.0363863418707945,1.354283765055966,0.0,1.0,0.0,1.0,0.0
49.55059447474459,1.5887887722036094,0.7143879475929245,1.0,1.0,0.0,0.0,0.0
18.890411404351305,0.1618296889647901,1.49442653293233,1.0,0.0,0.0,0.0,0.0
4.046921995627132,2.01898848104067,2.036023262777077,1.0,0.0,0.0,1.0,0.0
9.59614881556081,2.244884940321481,2.0539903773588093,1.0,1.0,0.0,0.0,0.0
10.604462638868467,3.7808271418517823,5.301751299038503,1.0,0.0,0.0,1.0,1.0
9.52960185583864,9.975396626818457,0.2183567926942522,1.0,0.0,0.0,1.0,0.0
3.761054182518558,1.1416426414249172,6.041851745817008,1.0,0.0,0.0,1.0,1.0
3.6479271161545337,2.7506114112084528,1.34255241252284,1.0,0.0,0.0,1.0,0.0
0.8332434974184142,9.094988404991527,2.1909305453926176,0.0,0.0,0.0,0.0,0.0
33.138405478018015,0.7154660636010455,0.1607080804912154,1.0,1.0,0.0,1.0,0.0
1.9291857776252532,0.6845542794027484,1.1862088366172994,1.0,1.0,0.0,1.0,0.0
1.8139935299293448,5.563085330100731,1.5988719616636309,0.0,1.0,0.0,1.0,0.0
14.015327174622891,0.0563846539730084,0.8688071833672032,1.0,0.0,1.0,1.0,0.0
21.129552812945786,4.292979870508399,0.7887131901901978,1.0,1.0,0.0,1.0,0.0
2.0920169498322263,2.226865653347078,0.1303007146896815,1.0,0.0,0.0,0.0,0.0
15.248974020202064,0.0040685956731887,0.5749785650072288,1.0,1.0,1.0,1.0,0.0
23.632984026567264,0.7816971327614063,0.0912783106268288,1.0,0.0,0.0,0.0,0.0
12.033437739926358,0.4605446029054341,0.4866938833477604,1.0,1.0,0.0,1.0,0.0
21.29560536056936,4.655604454710131,1.0064751718111882,1.0,1.0,1.0,1.0,0.0
30.416577793650152,4.300853735114262,0.7057682907135538,1.0,1.0,0.0,0.0,0.0
3.7036632972772,1.3593445084785023,0.3001932238533881,1.0,0.0,0.0,0.0,0.0
1.4995343680012394,0.2131728814742956,1.9352219960482815,0.0,1.0,1.0,1.0,0.0
23.00062570991839,160.67262416753442,1.529689220828436,1.0,1.0,0.0,1.0,0.0
24.290697405913416,0.0397107479260184,0.4135890712660968,1.0,1.0,0.0,1.0,0.0
3.444200768974143,12.916115401869195,0.2803018686738318,1.0,0.0,0.0,0.0,0.0
10.296066762706404,2.986007662647482,1.4936742428348164,1.0,0.0,0.0,1.0,0.0
15.086329531506417,1.2131116932300086,2.687906081578606,1.0,0.0,0.0,1.0,0.0
62.62324375751195,1.1351592818680485,0.7789379985665297,1.0,1.0,0.0,1.0,0.0
49.42564718817054,6.773038207038837,7.027604485547728,1.0,0.0,0.0,0.0,0.0
30.26361756361889,125.53619937982896,0.4181949209869676,1.0,1.0,1.0,1.0,0.0
36.10643172474716,2.235895311652366,2.0341298674265977,1.0,0.0,0.0,1.0,0.0
1.2443661435750328,0.8729423276922873,0.3626082033114065,0.0,1.0,0.0,1.0,0.0
24.620346262144796,4.298800682665404,1.2375938992452893,1.0,0.0,0.0,0.0,0.0
21.597484147486277,1.0401438368656015,0.2015170609386487,1.0,0.0,0.0,0.0,0.0
4.661793189806445,1.1727266834654284,1.7240894183633744,1.0,1.0,0.0,0.0,0.0
127.67603638844976,0.1992338816055566,0.1835188155943312,1.0,0.0,0.0,0.0,0.0
4.495065111066132,96.99299314582396,0.9095911589743348,1.0,1.0,0.0,1.0,0.0
8.741682944078041,0.1361932277462187,0.9631981967111936,1.0,1.0,0.0,1.0,0.0
43.45328390709856,0.2070495864222277,1.8264049498542612,1.0,0.0,0.0,1.0,0.0
2.2079544797237287,0.3750885843924716,0.1932313521455113,1.0,1.0,0.0,1.0,0.0
4.664749679153244,0.2146376759713526,0.434404337560313,1.0,0.0,0.0,1.0,0.0
14.37811394014438,4.851148069546679,1.240154651442558,1.0,1.0,0.0,1.0,0.0
13.321803759565077,11.623394125989424,0.5205583970603637,1.0,1.0,0.0,0.0,0.0
92.85474538741131,0.7083737968916395,0.377689385179185,1.0,0.0,0.0,1.0,0.0
18.047194649417477,0.0994000275101676,15.879625652389532,1.0,0.0,0.0,0.0,0.0
3.2309281134184835,1.0616121386176318,1.4583217997888365,1.0,1.0,0.0,0.0,0.0
114.35151715527208,0.4728344436176163,0.2178847917923047,1.0,0.0,0.0,1.0,1.0
1.0056953966162363,1.4050852013523727,0.0597061987256093,0.0,0.0,0.0,1.0,0.0
2.308293517786025,1.1761968622899384,2.513894865440124,1.0,0.0,0.0,1.0,0.0
4.623480176380235,13.671885014281957,0.677823865296176,1.0,0.0,0.0,1.0,0.0
4.652423004853994,2.117615825066837,0.8319400959190801,1.0,1.0,0.0,0.0,0.0
3.5300984345947115,0.0514689678684019,11.069750248782968,1.0,0.0,0.0,1.0,1.0
0.1900525508562434,3.1087933516116424,0.967940227873961,0.0,0.0,0.0,1.0,0.0
13.717270458941943,0.0745365871670639,6.819499100252616,1.0,0.0,1.0,1.0,0.0
86.72952250272962,0.7564743412397557,0.6111780598394688,1.0,1.0,0.0,0.0,0.0
37.2966824299408,1.8100952315018253,0.6281363936544965,1.0,0.0,0.0,1.0,0.0
5.632393245790309,0.4004341812537494,0.2428023014030874,1.0,0.0,0.0,1.0,0.0
3.9482980245077663,0.0069345785227949,2.0655506915557877,1.0,1.0,0.0,1.0,0.0
20.455206943803056,0.4233567225796446,2.5016290560870686,1.0,0.0,0.0,1.0,0.0
3.316217624079976,0.1922019171063468,2.068132973600832,1.0,0.0,0.0,1.0,0.0
0.3435735345212523,5.072232334450906,0.3589681413487478,0.0,1.0,0.0,1.0,0.0
3.6761025723428,0.075037599674417,11.757153728587108,1.0,0.0,0.0,1.0,1.0
32.84365637484237,51.42352079184335,0.6021567236642988,1.0,1.0,0.0,1.0,0.0
0.8150515837182967,1.3542137072550482,0.2845808105387856,0.0,1.0,0.0,1.0,0.0
108.68550095697756,0.0347319724398287,1.7521017566569126,1.0,1.0,0.0,1.0,0.0
14.741627629385633,2.335341669566434,3.9462579757452536,1.0,0.0,0.0,0.0,0.0
17.29261327919566,0.1148771747598155,0.5203102212660036,1.0,0.0,0.0,0.0,0.0
5.602698043894191,2.7659696722073086,0.2417298735769318,1.0,1.0,0.0,1.0,0.0
118.97031076884788,3.807366785573776,0.2104645447913222,1.0,0.0,0.0,1.0,1.0
6.638069076196854,1.0944555391733233,0.1592477158363959,1.0,0.0,0.0,1.0,0.0
26.22503956890333,1.9191368557265596,2.643634479837057,1.0,0.0,0.0,1.0,0.0
16.315021736625795,0.9432086201297158,0.5010411726585631,1.0,0.0,0.0,1.0,0.0
4.039435969929542,31.22019477450937,0.5929589374124293,1.0,0.0,0.0,1.0,0.0
7.892164746854022,0.1510084046815825,0.529925889035529,1.0,0.0,0.0,0.0,0.0
30.80029729468813,1.5773975800096287,1.7582940197861892,1.0,0.0,0.0,1.0,0.0
0.2413400131682291,1.972858450113008,5.081384521977317,0.0,0.0,0.0,1.0,1.0
7.917430766788236,14.328824741665208,0.6114624409776535,1.0,0.0,0.0,1.0,0.0
8.750296299804797,0.2691351372605295,0.6534476945550218,1.0,0.0,0.0,1.0,0.0
3.318844206062212,0.0688537966710591,0.2726650417275201,1.0,0.0,0.0,1.0,0.0
24.25168364306665,3.961557477420736,1.8147508024267929,1.0,0.0,0.0,0.0,0.0
31.163031714783745,0.0971126669061537,0.7315664282298595,1.0,0.0,0.0,1.0,0.0
4.343265560325373,6.4786136321077175,2.719650493024985,1.0,0.0,0.0,0.0,0.0
4.637605689141427,0.2099290135545726,0.2426157754740316,1.0,0.0,0.0,0.0,0.0
59.72212741441985,17.179540430460065,0.7289742742208966,1.0,1.0,0.0,1.0,0.0
6.115998906094302,1.7122580877798836,1.18627828994946,1.0,0.0,0.0,1.0,0.0
2.8895843818885347,0.5087100366752362,1.5866767813333726,1.0,0.0,0.0,1.0,0.0
29.25280843211127,1.6118684546878568,7.469275339811693,1.0,0.0,0.0,0.0,0.0
5.442864675574165,0.1463339449912628,1.703521107197742,1.0,0.0,0.0,1.0,0.0
17.49301860814685,0.1747241911432539,1.312990830294973,1.0,0.0,0.0,0.0,0.0
2.9012022247802376,14.381888622598773,1.104414302358539,1.0,1.0,0.0,1.0,0.0
17.096677033432712,1.8244262931258652,0.6889973390439116,1.0,0.0,0.0,1.0,0.0
10.00399854034036,38.10122978490811,0.3579375898102687,1.0,0.0,0.0,1.0,0.0
231.6299939844104,2.1861650949864573,2.5432859113097277,1.0,1.0,0.0,0.0,0.0
62.1903912015816,0.3334788796666306,0.8495144581372762,1.0,0.0,0.0,0.0,0.0
25.28495536430921,0.1643235546058732,1.8466797606886332,1.0,1.0,0.0,1.0,0.0
1.8246911395138716,0.3018615261842393,13.752825941410562,0.0,0.0,1.0,1.0,0.0
28.623253158499843,3.323871386323079,2.5752319822599183,1.0,0.0,0.0,1.0,0.0
1.7749907385418822,26.794213111138998,5.945121667139879,0.0,0.0,0.0,1.0,1.0
1.8645723037707755,0.1925755303077281,1.1136873734261965,0.0,0.0,0.0,1.0,0.0
11.077730454915397,0.0243004822627832,0.3254432317398629,1.0,1.0,0.0,1.0,0.0
5.396754632523495,0.1232360690738017,0.8169445185672995,1.0,1.0,0.0,1.0,0.0
35.38059513823225,0.8360410343896971,1.119837437173357,1.0,0.0,0.0,1.0,0.0
16.566840067857864,0.0854250276914082,0.6583004792242555,1.0,1.0,0.0,0.0,0.0
62.14267197198671,0.0129066606340331,1.9655774326897288,1.0,0.0,0.0,1.0,0.0
14.223689190519808,1.4717290994438896,0.6190659457403436,1.0,1.0,0.0,1.0,0.0
25.88745992969937,1.766531797460164,2.2716737986819813,1.0,0.0,0.0,1.0,0.0
10.844993842701662,3.482100038858037,0.362707003051506,1.0,1.0,0.0,1.0,0.0
9.555160717711768,0.1645321455299561,0.2827494900126839,1.0,1.0,0.0,1.0,0.0
24.45858176441969,8.781969970108563,0.8864406241415671,1.0,0.0,0.0,0.0,0.0
2.112190142467771,0.2275188539075416,0.7082491545537684,1.0,1.0,0.0,1.0,0.0
66.98106790655196,2.5818780729583746,0.3125246783627534,1.0,0.0,1.0,1.0,0.0
17.948046282446604,4.929900751841575,0.1079636556507867,1.0,0.0,0.0,1.0,0.0
0.9904620686150912,0.869876834071495,1.174716231329975,0.0,0.0,0.0,1.0,0.0
15.143096265373597,0.0239744375939667,1.0557665381007053,1.0,0.0,0.0,0.0,0.0
32.0458917457712,0.3092781840871543,2.357501985823704,1.0,1.0,0.0,1.0,0.0
9.217485271494173,0.6582417261819733,0.4043026071698962,1.0,0.0,0.0,0.0,0.0
14.395488986468507,1.8439211751133904,0.3075393755145273,1.0,0.0,0.0,1.0,0.0
1.8725368830479616,4.215305173838649,1.3217600198621056,0.0,0.0,0.0,1.0,0.0
5.250412466812163,5.4596067898873,1.5608084320601274,1.0,0.0,0.0,1.0,0.0
20.316317528716205,0.5535312476328368,0.2021881816393273,1.0,0.0,0.0,0.0,0.0
5.641402821560517,0.4569073796166396,0.3784329342509022,1.0,0.0,0.0,0.0,0.0
17.755621119944884,23.65108672083204,0.6369582150747458,1.0,1.0,0.0,1.0,0.0
6.448305045888316,10.93868826795588,0.529710497575708,1.0,0.0,1.0,1.0,0.0
10.255349077336126,10.576446959227331,0.6653936797114718,1.0,0.0,0.0,1.0,0.0
4.557092637725973,0.7478333441936236,7.689387556808094,1.0,0.0,0.0,0.0,0.0
3.6662503623627143,2.030270869399644,0.3271730360316188,1.0,0.0,0.0,0.0,0.0
6.610425663197804,0.6212643325903143,8.58053294124627,1.0,0.0,1.0,0.0,0.0
2.667766021159637,0.2458251800474504,1.535986013765166,1.0,1.0,0.0,1.0,0.0
33.362884746853645,3.644702503678733,3.933090642804044,1.0,1.0,0.0,1.0,0.0
2.967520324791078,0.56750526227403,1.3504050044951377,1.0,0.0,0.0,1.0,0.0
20.44304572426474,5.322628587344869,0.1861728282310529,1.0,1.0,0.0,1.0,0.0
3.68416083041017,0.0512131402520779,1.255960838840213,1.0,0.0,0.0,1.0,0.0
3.74561541597686,1.3847800653275306,0.1974430295050836,1.0,0.0,0.0,0.0,0.0
43.5699006010949,0.3609669345639629,1.2787432832371886,1.0,1.0,0.0,1.0,0.0
7.168735952521821,2.234736321122709,3.688031922422007,1.0,0.0,0.0,1.0,0.0
46.955325755635215,2.2425394447576457,0.4345479292758581,1.0,0.0,0.0,1.0,0.0
40.30523940672372,0.4756442670588096,0.8444546608469153,1.0,0.0,0.0,0.0,0.0
15.74549093366858,5.735934362383649,1.0175623908705078,1.0,0.0,0.0,1.0,0.0
10.96299732334637,7.768716016351569,0.9974322324298466,1.0,0.0,0.0,0.0,0.0
71.02005115651164,2.776805886769323,1.0150728494802652,1.0,0.0,0.0,1.0,0.0
0.9308789413911636,0.3252785440064622,3.9123945085948417,0.0,1.0,0.0,0.0,0.0
25.389266111493026,0.0171622953744097,1.3318816706571248,1.0,0.0,0.0,0.0,0.0
2.963689782242056,4.101582238826112,2.1233957750313284,1.0,0.0,0.0,1.0,0.0
36.34779502030314,0.185461756278051,0.9141342262474256,1.0,0.0,0.0,1.0,0.0
2.599549067246568,1.315247276122704,2.0214276635455617,1.0,0.0,0.0,1.0,0.0
4.623332432972798,13.320249145992028,6.583111010579943,1.0,1.0,0.0,1.0,1.0
3.772319171799512,3.8251408680142274,0.5105120185455393,1.0,1.0,0.0,0.0,0.0
2.6470522581278395,5.985151397371151,1.0989111704933725,1.0,0.0,0.0,1.0,0.0
12.179895346054462,1.4465112193312408,0.149138660451335,1.0,0.0,0.0,1.0,0.0
2.862629339761488,3.5429922208250666,6.143692745496274,1.0,0.0,1.0,0.0,0.0
7.715957978920223,1.7531418376016985,1.9094652385791848,1.0,1.0,0.0,0.0,0.0
14.556350967815836,4.633666663588445,0.6570018273499684,1.0,0.0,0.0,1.0,0.0
29.89374305582338,2.2866090087280755,0.2069847544281403,1.0,1.0,0.0,1.0,0.0
11.243546026877794,23.946067886610777,5.173479425262354,1.0,0.0,0.0,0.0,0.0
41.487965229230326,2.5064845150762305,1.0553715764057008,1.0,0.0,1.0,1.0,0.0
6.709995812658804,7.230765819891468,1.7431278568151494,1.0,1.0,0.0,1.0,0.0
14.82608521953417,1.429938202238744,0.2679117415972164,1.0,0.0,0.0,1.0,0.0
1.7368580803574076,0.1592528753511409,1.1848488557275565,0.0,0.0,0.0,1.0,0.0
2.6152826105827374,1.0484385546279322,0.9875532166813348,1.0,0.0,0.0,0.0,0.0
3.950941554671981,1.1188632350752865,2.843040431753289,1.0,0.0,0.0,1.0,0.0
37.60179512107141,0.0775712757235919,1.7344784862690774,1.0,0.0,0.0,1.0,0.0
1.5470357378498516,1.296447463398023,0.9155827069975326,0.0,1.0,0.0,0.0,0.0
5.970506459188893,0.0595091384292983,7.968341268491625,1.0,0.0,0.0,0.0,0.0
9.393478797497243,0.7384394354857661,1.724366143553712,1.0,0.0,0.0,1.0,0.0
33.44746668345619,1.745225988558075,3.747607314864813,1.0,0.0,0.0,0.0,0.0
15.9329012368535,1.0519783673069494,0.4326101780013789,1.0,1.0,0.0,0.0,0.0
28.31700575213768,3.555937095334255,3.710060357749213,1.0,0.0,0.0,0.0,0.0
4.867296753608214,1.2338179409404255,8.668033644050022,1.0,1.0,0.0,1.0,1.0
7.261988967755684,5.968653153797202,0.726400921450391,1.0,0.0,0.0,1.0,0.0
3.755620978777256,0.3872747463003651,1.5194429209399352,1.0,1.0,0.0,1.0,0.0
7.072516043371975,0.4725505718089946,0.1955995339192698,1.0,0.0,0.0,1.0,0.0
12.708315723153689,11.47303400946408,0.386541525708147,1.0,1.0,0.0,1.0,0.0
5.177089035796367,0.7383616072329908,1.263969810944085,1.0,0.0,0.0,1.0,0.0
1.5023333529197456,0.4601416846030262,9.746800003468673,0.0,0.0,0.0,0.0,1.0
0.5623630709000726,0.0956523702225924,1.7515824318865345,0.0,1.0,1.0,1.0,0.0
46.95713728510171,0.1009884493361652,0.8660771267240623,1.0,0.0,0.0,1.0,0.0
3.4677373180858613,0.3496858286282906,0.9665043669858634,1.0,1.0,0.0,0.0,0.0
8.267465946269573,1.3341449451931662,0.0493076460842904,1.0,1.0,1.0,1.0,0.0
5.540096439678473,10.504003866245156,1.1253197113205315,1.0,0.0,0.0,1.0,0.0
9.21618303822548,0.4061396362545585,2.6985964006696443,1.0,0.0,0.0,0.0,0.0
3.4762997192315583,0.2426123510838651,0.4964678689881439,1.0,1.0,1.0,1.0,0.0
4.158474989465079,0.0199643956007815,0.7696278783447562,1.0,1.0,0.0,1.0,0.0
27.826765873970206,0.0238534060263387,0.4758242376918795,1.0,0.0,0.0,1.0,0.0
0.6534475692305448,1.5030270214794277,2.5023203544020096,0.0,0.0,0.0,0.0,0.0
25.252636338169765,6.134276024223393,2.570717649236935,1.0,0.0,0.0,0.0,0.0
2.64986317074187,0.1176216830471549,7.582318002135595,1.0,1.0,0.0,0.0,0.0
75.81823049670929,2.502517219818931,3.25929075996295,1.0,0.0,0.0,1.0,0.0
16.34489272794408,0.2007612464566243,0.4213171534568197,1.0,0.0,0.0,0.0,0.0
2.396227220922889,1.8167165544087,0.3058055825257545,1.0,1.0,0.0,1.0,0.0
0.9457027463344178,16.508557392651678,0.1838040277944456,0.0,0.0,0.0,0.0,0.0
18.68377696464477,1.9149016826233924,0.3864695913041933,1.0,0.0,0.0,1.0,0.0
0.6023386521577004,1.7257436635049814,12.258837642293672,0.0,1.0,0.0,1.0,1.0
28.584077089855555,0.0270990332972869,0.6618177318123782,1.0,0.0,0.0,1.0,0.0
5.946803545205774,0.920084736345749,5.6314547626395095,1.0,0.0,0.0,1.0,1.0
34.0162887967286,1.778205238015979,0.6643670785972239,1.0,0.0,0.0,0.0,0.0
0.8815084307555421,4.141560584037207,2.4944584026555545,0.0,1.0,0.0,1.0,0.0
1.3347361419383548,4.641779491458483,1.8226806224001613,0.0,1.0,0.0,0.0,0.0
66.41134412791213,0.0887119592763796,0.3571928379181573,1.0,0.0,0.0,0.0,0.0
1.3920190086081492,32.04364396523875,1.772329542860059,0.0,1.0,0.0,1.0,0.0
22.519434766858947,0.3274314063123412,0.3495289414766466,1.0,0.0,0.0,0.0,0.0
9.857543851408742,0.1620109613241776,0.2968629098997548,1.0,1.0,0.0,0.0,0.0
1.92192041120682,0.9561304788070007,1.6616460786238465,1.0,0.0,0.0,1.0,0.0
12.72422108521785,0.0092257443770433,1.2540961500672851,1.0,0.0,1.0,0.0,0.0
208.5797543642813,2.1492405458087003,0.9279485886870958,1.0,0.0,0.0,1.0,1.0
14.10526123215655,1.342435212259096,0.0990937976477921,1.0,1.0,0.0,1.0,0.0
1.7002868427085016,1.1752559947216652,0.4072889089308724,0.0,0.0,0.0,0.0,0.0
2.196741816242338,0.0311570341401276,1.2603809412301406,1.0,1.0,0.0,1.0,0.0
18.19851582958492,0.523650198866917,0.4608609113816893,1.0,0.0,0.0,1.0,0.0
10.003626552500274,0.3488911951610303,0.4677508842734755,1.0,0.0,1.0,1.0,0.0
1.2300553758846726,0.3983977472372064,1.140934045152191,0.0,1.0,0.0,0.0,0.0
13.255728613975656,0.4735182244218662,0.3194080050749669,1.0,1.0,0.0,1.0,0.0
4.468091346620595,0.034535796161682,0.474818862156702,1.0,1.0,1.0,1.0,0.0
2.910410532576869,2.8223630455655955,0.2725403775980961,1.0,1.0,0.0,1.0,0.0
50.129991316393294,0.219141534423143,0.5310332229981436,1.0,1.0,0.0,1.0,0.0
31.319556226790837,6.264189220911761,1.102422900060409,1.0,1.0,0.0,0.0,0.0
12.614493908198346,0.2671812581611154,2.041460330732052,1.0,0.0,0.0,1.0,0.0
18.6748903359902,0.244196258570459,0.3435161078192293,1.0,0.0,0.0,0.0,0.0
0.7316971006959848,5.890079860482312,1.0333169155932935,0.0,0.0,0.0,1.0,0.0
11.275140642184196,0.4683910536804767,0.8182599245883515,1.0,1.0,0.0,0.0,0.0
3.278169639666723,0.5267304118950087,0.3990231579803205,1.0,0.0,0.0,1.0,0.0
13.175913111038504,0.9783815175621492,0.8428664126932327,1.0,0.0,0.0,1.0,0.0
6.7479393815960655,2.223509181809363,1.7366388784595044,1.0,1.0,0.0,0.0,0.0
235.96596670004803,0.1431833959879872,0.5280205896523946,1.0,0.0,0.0,0.0,0.0
15.133574211652151,2.1971872013036013,0.3472921013858049,1.0,1.0,1.0,0.0,0.0
14.807248238917708,0.3980301772123254,2.3550368063527967,1.0,0.0,0.0,1.0,0.0
1.44594223424641,0.1651194007968156,0.0904370072568289,0.0,0.0,0.0,1.0,0.0
27.478060779102243,0.1364418308827503,0.6341731169719388,1.0,0.0,0.0,1.0,0.0
2.581405204644841,3.2938678809511064,1.5606592653996512,1.0,1.0,0.0,1.0,0.0
18.39086397874144,2.813580998518017,0.0765907920345929,1.0,1.0,0.0,0.0,0.0
20.179162597059687,0.5791063401669527,0.4771648881158812,1.0,0.0,0.0,1.0,0.0
3.0636547324059813,8.97994423084467,0.8881327478201777,1.0,1.0,0.0,0.0,0.0
59.07434312805503,0.3969097462502193,0.2961782040860388,1.0,1.0,0.0,1.0,0.0
3.340794766995199,0.1215778609870945,6.102037542208621,1.0,1.0,0.0,1.0,1.0
10.863926793265025,0.3880790966556333,5.670536890661442,1.0,0.0,0.0,1.0,1.0
11.558239566726929,2.33967143684479,0.2700512299619543,1.0,1.0,0.0,1.0,0.0
3.820231191556127,0.8550722957710004,6.689693940349264,1.0,0.0,0.0,0.0,0.0
6.680970368964936,0.4385375579329524,0.9290764904922496,1.0,0.0,0.0,1.0,0.0
23.012259726995364,0.1764526738942937,1.143504956296194,1.0,0.0,0.0,1.0,0.0
174.73853434344892,0.9823114918470222,0.7018244982743586,1.0,0.0,0.0,0.0,0.0
40.56822584071826,0.5350955970857011,0.4507693071839077,1.0,0.0,0.0,1.0,0.0
10.443965483051713,1.352050426812624,0.9870848065548472,1.0,0.0,0.0,0.0,0.0
12.129728182748414,0.9905024062608282,0.2823891440853602,1.0,0.0,0.0,1.0,0.0
5.779023770406786,0.1375742453469662,4.102862969241031,1.0,1.0,0.0,1.0,1.0
65.29380700568872,0.2424392151596907,21.742598471767096,1.0,0.0,0.0,1.0,1.0
2.825685132454504,1.7553217154617695,1.0307970131620448,1.0,1.0,0.0,1.0,0.0
10.647613347949155,4.236571887842896,1.0617292169443946,1.0,0.0,0.0,1.0,0.0
30.745780037915157,0.0487829034887677,1.7364355191891223,1.0,1.0,0.0,1.0,0.0
733.4412809958027,3.914753168930864,0.3503669193084751,1.0,0.0,0.0,0.0,0.0
13.638609307847116,9.32866876570696,1.3133999936435656,1.0,1.0,1.0,1.0,0.0
3.866024769158077,0.0261645999040968,0.5085197587700172,1.0,1.0,0.0,0.0,0.0
34.17550198158428,10.784427594750175,1.5237593357313708,1.0,0.0,0.0,1.0,0.0
41.4437356869224,0.1942994600267452,0.8328675567476289,1.0,0.0,0.0,0.0,0.0
0.8240957578170119,2.1679884027437626,1.2550644547658605,0.0,0.0,1.0,1.0,0.0
82.31542089137471,0.3045610932941399,1.0173058966855384,1.0,0.0,0.0,1.0,0.0
1.7269279215218487,5.5641510568303225,0.1277166805668451,0.0,1.0,0.0,0.0,0.0
2.9073248659696795,0.5396996960785109,0.1932007618169865,1.0,0.0,0.0,1.0,0.0
4.078315181956999,0.0627142456316179,0.3133406897942211,1.0,0.0,0.0,1.0,0.0
10.441812183065348,0.5210407524358089,0.1978797738986644,1.0,0.0,0.0,1.0,0.0
24.002098766446355,0.685018206861251,0.4235809128493233,1.0,0.0,0.0,1.0,0.0
73.01339826813577,5.430820843763199,2.8403555867070924,1.0,1.0,0.0,1.0,0.0
3.227075956086938,4.350356601004774,3.3614599651218464,1.0,0.0,0.0,0.0,0.0
39.49635359404592,0.8980377923151416,0.2037311121055662,1.0,0.0,0.0,1.0,0.0
54.66897801823744,1.5511522907641957,1.020847047413653,1.0,0.0,0.0,0.0,0.0
8.251539049743347,5.45603537935028,0.9728475061343788,1.0,1.0,0.0,1.0,0.0
8.059910241055007,8.36554339753478,3.2547359016922823,1.0,0.0,0.0,0.0,0.0
3.0264369695282087,4.350175320967204,0.2513535596003254,1.0,1.0,0.0,0.0,0.0
2.568725210277392,0.9845478687543175,0.5017342414942032,1.0,0.0,0.0,1.0,0.0
5.094603386794385,2.67505903921969,3.0155933514832243,1.0,1.0,0.0,1.0,0.0
16.572662163126026,2.40526305354321,2.475797065875099,1.0,0.0,0.0,1.0,0.0
9.602076866293928,2.596574848452466,0.2537555420703208,1.0,0.0,0.0,0.0,0.0
43.90814140049558,1.15247376496983,2.562533352057269,1.0,0.0,0.0,1.0,0.0
33.39389619183786,0.1491090478215546,4.266191702162205,1.0,0.0,0.0,1.0,1.0
34.40887587028278,1.266894496526482,4.7651448539625205,1.0,1.0,0.0,0.0,0.0
38.91707511251488,0.6320885541909234,2.0185251202208123,1.0,0.0,0.0,0.0,0.0
3.204658123893953,6.228446603960676,0.5731146062074656,1.0,0.0,1.0,0.0,0.0
45.52013328682271,1.2802101464223217,1.182363176410684,1.0,0.0,0.0,1.0,0.0
13.196514719942147,1.4208976971585197,1.1994482002451663,1.0,0.0,0.0,1.0,0.0
5.414033487356387,0.167884200194465,0.0844219705669219,1.0,0.0,0.0,1.0,0.0
48.74301789862033,1.2004291137456051,8.415460907034907,1.0,0.0,0.0,1.0,1.0
50.515185513010834,0.2604430114867394,6.834935513802324,1.0,0.0,0.0,0.0,0.0
0.4231493702669307,3.315135628910041,1.831546138465152,0.0,0.0,0.0,1.0,0.0
3.231391287967997,0.1797006429377727,4.887842096448497,1.0,1.0,0.0,1.0,1.0
4.144450213949392,2.2898414524300232,0.4904895862523953,1.0,0.0,0.0,0.0,0.0
36.38830175147585,1.0929707261914614,6.299744197882757,1.0,0.0,0.0,1.0,1.0
5.136583873362902,3.84089669786119,0.5788840651292283,1.0,0.0,0.0,1.0,0.0
29.3644528121988,0.7222357950817783,3.2433811538736323,1.0,0.0,0.0,1.0,0.0
7.247159883955594,1.1899448059551787,0.2423867747425556,1.0,0.0,1.0,0.0,0.0
8.52432632504971,0.2652262170053484,2.790487111743867,1.0,1.0,0.0,1.0,0.0
10.904746717931818,1.081851062935173,1.113712347100576,1.0,0.0,0.0,1.0,0.0
0.485302884074159,0.8600790639841192,0.9049526858822572,0.0,0.0,1.0,0.0,0.0
1.4841888391189415,6.039236547627561,1.102422501706494,0.0,1.0,0.0,1.0,0.0
1.902490777746438,4.0837962208598055,0.2145656649608956,1.0,1.0,0.0,0.0,0.0
29.749913347069683,0.9403446297455096,1.6828732569281837,1.0,0.0,0.0,1.0,0.0
2.68411853700401,4.038472643292694,1.1085620920892216,1.0,1.0,0.0,1.0,0.0
4.556061727682895,0.4923358776264398,1.1713094691515649,1.0,0.0,0.0,1.0,0.0
5.724917876454759,2.6234561456613523,1.9100549917517315,1.0,0.0,0.0,1.0,0.0
0.6916313580995131,0.3343554009146256,0.9802369013804432,0.0,0.0,0.0,0.0,0.0
2.294202488746157,0.5657200968075832,0.3555642782476647,1.0,0.0,1.0,1.0,0.0
1.1604495747471748,3.3693312292326043,0.4814657582008561,0.0,0.0,0.0,0.0,0.0
2.562258106406212,10.649201655874448,0.6241002654288431,1.0,0.0,0.0,1.0,0.0
13.425559214520462,3.808646934882204,1.1148976210642618,1.0,0.0,0.0,0.0,0.0
1.5487848696882995,0.0517027730340893,2.722553858652628,0.0,0.0,0.0,1.0,0.0
55.33827594824716,1.6720381263629962,0.6398236208768727,1.0,0.0,0.0,0.0,0.0
86.7071564088015,10.202412906568444,0.1697107928658304,1.0,0.0,0.0,0.0,0.0
12.383383563731083,2.3371011833522903,0.9078399441483792,1.0,0.0,0.0,1.0,0.0
668.2506332771767,0.4695491360690034,0.934925321020192,1.0,0.0,0.0,1.0,1.0
4.739918612785233,0.4127110979504892,0.398478473249252,1.0,0.0,0.0,1.0,0.0
4.212084636205231,2.997398311647528,1.9114136872362708,1.0,0.0,0.0,1.0,0.0
10.140409457352836,1.2076398402514932,4.689857109333896,1.0,1.0,0.0,1.0,1.0
2.776426007512595,0.6976576564291359,1.2829712570977847,1.0,0.0,0.0,1.0,0.0
47.95635506059548,0.0943238598673207,0.4863893945900361,1.0,1.0,0.0,0.0,0.0
4.275274149465976,0.9261673444527064,0.7267806875116791,1.0,0.0,0.0,0.0,0.0
15.533564175125909,1.0367609430481644,2.252277944135861,1.0,1.0,0.0,1.0,0.0
41.74049534055381,64.46175854674945,1.0260551732012373,1.0,0.0,0.0,1.0,1.0
30.965747070661788,0.0341875315983361,1.4901941039423308,1.0,0.0,0.0,1.0,0.0
45.934485548695314,0.1860502568101663,0.9978172249741036,1.0,0.0,0.0,1.0,0.0
66.6354879801028,22.766418543750014,0.4089908102446672,1.0,0.0,0.0,1.0,0.0
13.9643676157985,11.55126704596159,0.5082232970698283,1.0,0.0,0.0,1.0,0.0
11.323487244615134,0.9674867742714482,4.223493533404693,1.0,0.0,1.0,1.0,0.0
5.14700712600917,0.1363939734654943,0.8982519345469698,1.0,1.0,0.0,0.0,0.0
2.3090872636067243,0.219844277397073,2.357746231653177,1.0,1.0,1.0,1.0,0.0
2.3612690567358547,0.6446714233223687,0.4572077198537973,1.0,1.0,0.0,0.0,0.0
6.4600213032668,3.4043859265271155,3.621797919099256,1.0,0.0,1.0,1.0,0.0
49.391276308477714,16.474709274690937,5.034155622998865,1.0,1.0,0.0,0.0,0.0
31.422282254644557,0.0562658148290604,0.745932644281375,1.0,0.0,0.0,1.0,0.0
78.3204749204642,0.6938442995451066,0.1280599325802837,1.0,0.0,0.0,0.0,0.0
5.103153966486905,0.1486850376161455,2.51186499922709,1.0,1.0,0.0,1.0,0.0
0.8979070580879304,3.413958655553554,0.6846875791348802,0.0,1.0,0.0,1.0,0.0
276.8505972686122,1.1133597645935505,3.4063362356071547,1.0,0.0,0.0,0.0,0.0
6.421415537589026,1.1274861224857118,0.1768546007010898,1.0,1.0,0.0,0.0,0.0
17.517016013836226,1.287560445188985,6.050938691338076,1.0,1.0,0.0,1.0,1.0
15.07325938640986,1.34240793692614,1.091809710265672,1.0,0.0,0.0,1.0,0.0
20.85179754332798,0.67550447705997,1.093855728146606,1.0,0.0,0.0,1.0,0.0
14.356647745330749,0.4607808024200371,1.3661668999390024,1.0,0.0,0.0,0.0,0.0
9.583035776589426,7.372790726528074,1.7187248126604069,1.0,1.0,0.0,0.0,0.0
32.04274443421276,7.692255739765777,1.7117550063157778,1.0,1.0,0.0,1.0,0.0
0.495308602423213,1.2027410370814655,2.908392797952935,0.0,0.0,0.0,1.0,0.0
4.682563434254579,3.695358903604229,3.798241778417218,1.0,0.0,0.0,0.0,0.0
37.20010262558686,0.026574482351937,4.824235785724618,1.0,0.0,0.0,1.0,1.0
52.77615138895674,2.2876005630643603,0.3560430306113077,1.0,0.0,0.0,0.0,0.0
4.417481991312696,2.2291466973221583,0.3104792715812424,1.0,1.0,0.0,1.0,0.0
12.211556898510866,0.7634451704080971,1.0267009366603077,1.0,0.0,0.0,1.0,0.0
31.814417096319083,0.0127549506469403,2.91809771139397,1.0,0.0,0.0,0.0,0.0
8.398935334023294,0.4453572074432248,2.193121810919141,1.0,1.0,0.0,1.0,0.0
31.69547564669745,0.6896286952681422,1.7419804210215108,1.0,0.0,0.0,1.0,0.0
1.8824599748925543,28.57354441942067,2.3411457522504016,0.0,1.0,0.0,1.0,0.0
14.72364344165472,2.730548898349753,0.8758778462418421,1.0,1.0,0.0,1.0,0.0
6.850682428290096,15.35898925649598,1.5332380666645258,1.0,0.0,0.0,0.0,0.0
1.2213592158322837,1.5656135128167277,2.2419571925408945,0.0,0.0,0.0,1.0,0.0
18.100820226900566,1.369891703287865,0.8997001873557187,1.0,0.0,0.0,0.0,0.0
20.08406791418304,2.0736883790707,0.7221166046015776,1.0,1.0,0.0,0.0,0.0
16.694118194294155,2.393448108650931,1.3238774149222048,1.0,1.0,0.0,1.0,0.0
38.05753591386598,3.067103047310423,6.671370384958042,1.0,1.0,0.0,1.0,1.0
5.590624578701181,0.2147788711607161,3.7491192190766736,1.0,0.0,0.0,1.0,0.0
0.8561356290719866,0.1057090969803369,0.5517092179588351,0.0,0.0,0.0,1.0,0.0
1.1601549768035977,0.4982539970025073,3.940921407060276,0.0,0.0,0.0,0.0,0.0
0.2460927827915985,2.483433340827854,2.7812435623700145,0.0,1.0,0.0,1.0,0.0
21.19633980403343,269.32522221077,2.6334599681593174,1.0,1.0,1.0,1.0,0.0
18.20908578738665,5.978334663536403,0.8793099077573482,1.0,0.0,0.0,1.0,0.0
3.404052743124036,1.5595780942449742,1.6296794094369942,1.0,0.0,1.0,1.0,0.0
10.21153234385309,0.0839829890537533,1.5710191671533913,1.0,0.0,0.0,0.0,0.0
5.743751021167059,0.0503547502943183,0.4882855802276981,1.0,1.0,0.0,0.0,0.0
9.098969474569769,0.2338997572871499,5.317932006431363,1.0,0.0,0.0,1.0,1.0
9.783867834105193,3.8385156190159617,0.3952540610399772,1.0,1.0,0.0,1.0,0.0
116.03224121216404,17.13396972747654,0.6008058001562882,1.0,0.0,0.0,1.0,1.0
28.98817699154639,37.457583527859455,3.342926792636816,1.0,1.0,0.0,1.0,0.0
4.877533918594947,1.0818260498976853,1.7208217319020298,1.0,0.0,0.0,0.0,0.0
5.297810883764114,0.0277471088929396,2.445127563574458,1.0,1.0,0.0,0.0,0.0
2.237760137300952,14.342327923878177,2.8338142741959143,1.0,0.0,0.0,1.0,0.0
32.514505140360484,0.3552313150741284,0.0750607492377267,1.0,0.0,0.0,1.0,0.0
24.661337849272225,0.923233509854866,0.1669382443250492,1.0,0.0,0.0,1.0,0.0
32.78655498736904,14.6957010747646,3.4221523773283358,1.0,1.0,0.0,0.0,0.0
6.42532854198609,0.1858396493905193,6.107106110334604,1.0,0.0,0.0,0.0,0.0
12.288603165998085,0.4197619196924347,0.4309467252848408,1.0,0.0,0.0,1.0,0.0
78.87774989168803,0.3660388817324395,5.262943647445852,1.0,1.0,0.0,1.0,1.0
3.655825956928238,0.7002500965884885,0.8036480590061517,1.0,0.0,0.0,1.0,0.0
0.5505868714048641,0.6376279053107947,2.438562308007256,0.0,1.0,0.0,1.0,0.0
15.532036075394732,1.4072767385471034,5.569042073486703,1.0,1.0,0.0,1.0,1.0
159.5293157408231,9.874778809110902,6.142349521319578,1.0,1.0,0.0,0.0,1.0
23.120017289025903,0.2345193527027403,1.066637423370158,1.0,0.0,0.0,1.0,0.0
4.785779135553224,4.587067403678247,1.6392484536387597,1.0,0.0,0.0,0.0,0.0
14.19372009247554,0.6550177093639804,0.4888380341352319,1.0,1.0,0.0,1.0,0.0
40.31193276302693,3.1118020029763693,1.1683018881663243,1.0,0.0,0.0,0.0,0.0
9.340610531781124,0.4806316313940833,0.2696487339801311,1.0,0.0,0.0,1.0,0.0
4.351907638825527,4.632788218092479,1.397636409615912,1.0,1.0,0.0,1.0,0.0
55.155953969578064,0.1917102736503862,0.248642013630599,1.0,0.0,0.0,1.0,0.0
4.848423039224003,0.9700363841626222,0.6396794927770764,1.0,0.0,0.0,0.0,0.0
5.025246008833388,3.3762967252243707,1.6747722910217628,1.0,1.0,0.0,1.0,0.0
9.825974830428084,0.487409290390999,0.2394808741616907,1.0,0.0,0.0,1.0,0.0
3.302289315874429,0.5100254332754777,0.6487916913661954,1.0,1.0,0.0,1.0,0.0
5.711812372147706,4.473173275418314,2.7726660833783714,1.0,1.0,0.0,1.0,0.0
12.200986103311452,0.4653486676422076,2.938046503315038,1.0,0.0,0.0,1.0,0.0
5.830593879609006,1.6934174301420777,2.396902000112161,1.0,0.0,0.0,0.0,0.0
4.345649333353894,8.17555912261512,0.554145602918136,1.0,1.0,0.0,1.0,0.0
10.86699508000017,20.068904471453607,2.227359876433724,1.0,1.0,0.0,0.0,0.0
9.921262078058122,0.2969649372192493,0.2404207203192064,1.0,0.0,0.0,0.0,0.0
10.458372647557256,1.5548312633490258,1.1660800168918026,1.0,1.0,0.0,1.0,0.0
22.271701638995548,0.0505203168965702,4.235629082358349,1.0,0.0,0.0,1.0,1.0
3.0745415283526705,1.2946805540036164,2.354873149909944,1.0,1.0,1.0,1.0,0.0
2.407434792698341,0.1931559527872388,1.550403858080233,1.0,0.0,0.0,1.0,0.0
5.666394315603587,0.1641781621054585,0.8299384025612233,1.0,0.0,0.0,1.0,0.0
62.08591022302666,2.9708695827699625,2.027002724806669,1.0,1.0,0.0,1.0,0.0
21.56120677332288,0.8915622324113638,3.3903138098536285,1.0,0.0,0.0,1.0,0.0
8.972499860259559,0.0370104369807289,0.6330839336360413,1.0,0.0,0.0,1.0,0.0
17.418837885942477,4.194276535117475,2.0976232137800115,1.0,1.0,0.0,1.0,0.0
0.6366835572392994,18.64500994013857,0.6843692603694042,0.0,0.0,1.0,1.0,0.0
7.262815376466822,4.716872863583156,1.9026375742879715,1.0,1.0,0.0,0.0,0.0
27.58454847731713,0.0475037335524764,0.7432328601883906,1.0,0.0,0.0,1.0,0.0
8.208068796888709,1.0728447980173297,0.5012434307540278,1.0,1.0,0.0,1.0,0.0
18.22581203585908,0.7105963745671422,2.646732052214225,1.0,0.0,0.0,0.0,0.0
19.825633490230395,1.2387664357144104,2.104742187509466,1.0,0.0,0.0,1.0,0.0
293.1880308466962,0.2059985112112371,2.301173069179825,1.0,1.0,0.0,1.0,0.0
515.8820522655311,3.2149600878542626,0.6146926565883654,1.0,0.0,0.0,1.0,1.0
110.05156392884965,0.2181374692068335,0.8973205433496982,1.0,0.0,0.0,0.0,0.0
4.981670249645231,0.4565945490677002,14.04602928890059,1.0,1.0,0.0,0.0,0.0
2.7625945844775317,0.2445825142066531,7.297675693531846,1.0,0.0,0.0,0.0,0.0
18.3720204395082,0.1178509042234232,0.7178106117515572,1.0,1.0,0.0,1.0,0.0
2.886851393745232,1.961914772675731,1.0891419291758606,1.0,0.0,0.0,1.0,0.0
5.821303267501363,1.5333150086960703,2.0650653775577386,1.0,0.0,0.0,1.0,0.0
1.2384338468909666,7.804990816292953,1.1221340528254802,0.0,1.0,0.0,1.0,0.0
0.4552746747570791,9.193640020967017,1.7198233943617036,0.0,0.0,0.0,1.0,0.0
2.886726354700167,0.4037629525784166,10.46159482135036,1.0,0.0,0.0,1.0,1.0
17.743994116588446,1.1068801868348124,2.5561744806797324,1.0,0.0,0.0,1.0,0.0
11.813323650584795,2.0665693935266014,1.592134386921085,1.0,0.0,0.0,1.0,0.0
3.6726283379436415,2.117402966225006,6.988854435548521,1.0,1.0,0.0,0.0,0.0
1.604966110471718,0.43982815638832,0.4130979663360156,0.0,1.0,0.0,0.0,0.0
6.267658966021403,1.3948620967155014,0.3754659561031185,1.0,0.0,0.0,1.0,0.0
2.485581959362313,49.71021365054818,0.901950442818922,1.0,0.0,0.0,1.0,0.0
33.98437700629911,0.2299461800631854,1.0755976210186544,1.0,0.0,0.0,1.0,0.0
60.84338885115787,0.7890891674954252,0.2000891693652954,1.0,1.0,0.0,1.0,0.0
6.886117505351876,1.2112204003455596,0.2067840286244766,1.0,0.0,0.0,1.0,0.0
14.591191183079598,0.0909224632199169,0.597976111346216,1.0,0.0,0.0,1.0,0.0
13.36760464047394,3.091478169763185,0.3911713623149743,1.0,0.0,0.0,1.0,0.0
2.6218650531149024,0.0459045180340772,1.1670990498051286,1.0,1.0,0.0,1.0,0.0
36.18744918631756,8.42868084859572,1.6835942997452067,1.0,0.0,1.0,1.0,0.0
27.14924783471665,6.446036764771404,1.539485628190217,1.0,1.0,0.0,1.0,0.0
13.920248723190271,0.0270863813579386,1.7192556324928432,1.0,1.0,0.0,0.0,0.0
2.4961819650159645,5.920380293727972,2.430026005902115,1.0,1.0,0.0,1.0,0.0
3.703104780950639,3.8342036512977535,4.716716153139041,1.0,1.0,0.0,1.0,1.0
3.046538224770685,0.454279340401819,11.251714521670744,1.0,0.0,0.0,1.0,1.0
6.073635292354068,1.5842571398627063,1.5194046850414258,1.0,1.0,0.0,1.0,0.0
1.141814767316054,0.2495447928872269,0.544653427560542,0.0,1.0,0.0,0.0,0.0
201.89926135158885,54.124075149123634,0.244250813134035,1.0,1.0,0.0,0.0,1.0
141.76950324911294,0.0225994758425606,14.200461651935395,1.0,0.0,0.0,1.0,1.0
128.2489779024529,2.115853865158055,0.4681248881872353,1.0,0.0,0.0,0.0,0.0
6.849079227776549,1.2201215905197764,3.0006477460162926,1.0,1.0,0.0,1.0,0.0
0.642182546055117,1.403092978961798,4.347356391866581,0.0,0.0,0.0,0.0,1.0
15.916327891256238,0.9178532482421125,0.3801364088592046,1.0,0.0,0.0,1.0,0.0
0.7708571478035408,0.1441513033197546,12.724898206422582,0.0,1.0,0.0,0.0,0.0
8.93670314638138,6.122360125910622,5.1162850424285145,1.0,0.0,0.0,1.0,1.0
6.450766083912209,0.5690122362989654,3.323347416644251,1.0,0.0,0.0,1.0,0.0
11.371065101450291,0.2761698412235231,0.9463352532224466,1.0,0.0,0.0,1.0,0.0
19.74226741012812,2.625265799671024,0.3305594114943616,1.0,0.0,0.0,1.0,0.0
57.9940151741916,0.2100389315577701,1.0257838981895906,1.0,0.0,0.0,1.0,0.0
14.173509004130732,0.5538720565067714,2.145462536594968,1.0,1.0,0.0,1.0,0.0
2.5566801673609763,0.055836113427871,2.0244315096529717,1.0,1.0,0.0,1.0,0.0
1.7125745642283383,0.2850138709113281,0.9396157458348732,0.0,0.0,0.0,1.0,0.0
2.293267057503287,20.79847299997869,1.662414061205672,1.0,1.0,0.0,1.0,0.0
2.820990921027178,0.2908350529205957,1.0433922931587418,1.0,1.0,0.0,1.0,0.0
3.829831080046679,2.331790051119968,0.3019980305891243,1.0,0.0,0.0,1.0,0.0
3.833827960967684,4.769876520616156,0.0962832120154269,1.0,0.0,0.0,0.0,0.0
1.2051028300609312,0.9664998306645616,0.6557295404224588,0.0,0.0,0.0,1.0,0.0
1.8289386015340443,0.2192413746526748,5.648088076486749,0.0,0.0,0.0,1.0,1.0
27.477034188830597,64.77759614874148,3.876297320759906,1.0,0.0,0.0,0.0,0.0
2.164488345768084,0.846352636176019,1.6430771030056868,1.0,1.0,0.0,1.0,0.0
17.59544881015248,4.602742517493954,2.126044755780031,1.0,1.0,0.0,1.0,0.0
20.80436266437914,2.703437324903247,0.505792726214433,1.0,0.0,1.0,0.0,0.0
3.1343841094463167,0.4171607434686171,0.6029917981131695,1.0,1.0,0.0,1.0,0.0
6.124348230105888,1.596065729870134,0.3415848232417375,1.0,1.0,0.0,0.0,0.0
19.399677298867957,2.9212237975486666,0.4014410416899092,1.0,0.0,0.0,0.0,0.0
3.149420416480498,2.8466843855859647,4.553289231196906,1.0,0.0,0.0,1.0,1.0
3.631754372011467,1.2206142534040856,0.2426877247754778,1.0,0.0,0.0,1.0,0.0
20.873724554692284,2.878145937078882,1.917422896805214,1.0,0.0,0.0,0.0,0.0
0.8316659895257649,1.2897081513217683,0.2375184421605058,0.0,1.0,0.0,1.0,0.0
43.130617339714455,0.9478683284382832,1.321895232287681,1.0,0.0,1.0,1.0,0.0
97.9582947556889,3.999520344550042,1.6884227369176572,1.0,0.0,0.0,0.0,0.0
38.91583523597421,0.6558748941653518,0.3479485793756962,1.0,0.0,0.0,1.0,0.0
8.18628075072218,0.0907182190031379,1.4401137375263608,1.0,1.0,0.0,0.0,0.0
33.4591601544173,1.2866955255774608,0.3494050841038494,1.0,1.0,0.0,0.0,0.0
1.4836425958670605,2.938854586683881,0.3774189868267584,0.0,0.0,0.0,0.0,0.0
22.092748862067484,1.239585294484075,0.9352500818091996,1.0,0.0,0.0,1.0,0.0
140.5415509108103,1.2250123946824043,0.4682691122772711,1.0,1.0,0.0,1.0,0.0
13.898528980416168,0.2982835168165397,0.2265031659578031,1.0,0.0,0.0,0.0,0.0
131.71676660192995,8.857757689630535,0.9949351822313058,1.0,0.0,1.0,1.0,0.0
16.928796901519497,0.128485374422258,1.055439316193796,1.0,1.0,0.0,1.0,0.0
1.5992102171462932,3.3821877268940086,1.7568858692443852,0.0,0.0,1.0,1.0,0.0
32.91782526947866,0.0202809796966021,0.0757285209978723,1.0,1.0,0.0,1.0,0.0
2.1434661879659997,0.127803078415928,1.2601912159607098,1.0,0.0,0.0,1.0,0.0
2.8442167929449296,0.8232068026706711,2.525293213841839,1.0,0.0,0.0,1.0,0.0
1.102435945253298,1.0339413031341598,3.1814915271890163,0.0,1.0,0.0,0.0,0.0
3.9136099967136913,259.75928414959736,0.4202240086463895,1.0,1.0,0.0,0.0,0.0
7.368813865926625,0.0164956234015509,0.1780536429032562,1.0,1.0,0.0,0.0,0.0
69.5761571776169,1.4993678107961257,1.1710670405943886,1.0,0.0,0.0,1.0,0.0
622.4112523824302,0.1691236280582899,2.517612173510864,1.0,0.0,0.0,1.0,1.0
36.34366774279736,24.8294354251256,0.5245754759403012,1.0,0.0,0.0,1.0,0.0
99.074433274824,1.5906246250084286,1.1297633995862328,1.0,0.0,0.0,0.0,0.0
10.392510499186526,0.6329671893167953,0.3211253813863512,1.0,1.0,0.0,0.0,0.0
18.78479708818444,0.282345240549409,4.707294353327187,1.0,1.0,0.0,1.0,1.0
0.7619212325099407,0.5973121282407523,2.598008336498826,0.0,1.0,0.0,0.0,0.0
4.466184966171617,0.4793303505702957,1.800231124077543,1.0,1.0,0.0,0.0,0.0
31.04521703660315,2.7210112956268784,1.526760790357189,1.0,0.0,0.0,1.0,0.0
27.8943585483959,0.0923323382845548,3.085395018295481,1.0,0.0,0.0,1.0,0.0
1.8717696761388087,11.532674257089989,0.9536086168485456,0.0,1.0,1.0,1.0,0.0
40.03984357224071,0.1425809667868379,1.935133166636188,1.0,0.0,1.0,0.0,0.0
23.731357261754727,9.903126998746378,2.371170445332122,1.0,0.0,0.0,1.0,0.0
1.5468108421620124,6.286111542225774,0.4558514259426779,0.0,0.0,0.0,1.0,0.0
4.978961433890528,1.4498399077495796,1.116920165564284,1.0,0.0,0.0,1.0,0.0
4.659969269303518,0.9104059132307218,0.7179381376160601,1.0,1.0,1.0,0.0,0.0
6.475485015124429,0.4335486644069327,1.8036558106223468,1.0,1.0,0.0,0.0,0.0
5.737343344460723,0.0698458695970892,0.5445290934600885,1.0,1.0,0.0,1.0,0.0
0.6306985800331397,0.1791871636562121,0.1598042468472046,0.0,0.0,0.0,1.0,0.0
17.472869587514968,3.404750737455306,1.0216860196814053,1.0,0.0,0.0,1.0,0.0
3.598943773394704,6.081043153469893,0.4244124267136828,1.0,0.0,0.0,0.0,0.0
5.874459022878995,0.0514349832613995,1.1363647861661952,1.0,1.0,0.0,0.0,0.0
12.76637110931125,12.417586552465597,0.5319115643948814,1.0,1.0,0.0,0.0,0.0
5.019113323736613,6.055786766364358,14.743029698620663,1.0,0.0,0.0,1.0,1.0
6.26729851863493,0.8894196201709318,1.0956441012170062,1.0,0.0,0.0,1.0,0.0
8.614898613277266,4.146658241240949,0.1021847063227807,1.0,1.0,0.0,1.0,0.0
13.22253180952311,0.0311228034345637,0.3471476510276368,1.0,0.0,0.0,1.0,0.0
4.107500529913929,0.4119332467036304,1.1168503322069012,1.0,0.0,0.0,1.0,0.0
21.885801283686053,0.242746359073209,0.7894288762183894,1.0,1.0,0.0,1.0,0.0
6.223244666995576,0.1519008728849161,0.7181031567239011,1.0,1.0,0.0,1.0,0.0
116.89023537044656,0.2994327850964243,1.9065942638087423,1.0,0.0,0.0,1.0,1.0
2.010222832617429,0.473866213520867,0.5375508775161909,1.0,1.0,1.0,1.0,0.0
30.587423719973398,1.4030658724223182,0.1542284393771812,1.0,1.0,0.0,0.0,0.0
1.090825192379081,0.73795783414372,0.3888066282939627,0.0,0.0,0.0,0.0,0.0
2.429213808312161,0.2109166829623651,0.3550177051216861,1.0,1.0,0.0,1.0,0.0
25.7381821211984,0.3361753144970564,2.3219686805662088,1.0,1.0,0.0,1.0,0.0
1.7137968351660064,1.1258655427680435,1.5997433304681117,0.0,0.0,0.0,0.0,0.0
50.60527384739835,2.7400048112945985,2.421908048446532,1.0,0.0,0.0,1.0,0.0
2.7946159802133805,4.696498360206313,2.416045747099078,1.0,1.0,0.0,1.0,0.0
59.81361520149937,0.2681228927749882,1.2174591291683712,1.0,1.0,0.0,0.0,0.0
10.686017669028018,17.0384414774423,0.2017153732309771,1.0,0.0,0.0,0.0,0.0
13.143244906602602,5.19958944944714,3.906631741009976,1.0,1.0,0.0,1.0,0.0
25.68829119896842,0.5037689371129465,0.9452192822028332,1.0,0.0,0.0,0.0,0.0
32.402378434033295,1.5442763279788194,1.08516152989445,1.0,0.0,0.0,1.0,0.0
28.91258596029129,2.015667568817866,4.607396861617057,1.0,0.0,0.0,1.0,1.0
7.42694523553027,10.34366449394392,126.29492958452924,1.0,0.0,0.0,1.0,1.0
38.00481572982512,3.233100326900675,1.1292578949426293,1.0,0.0,0.0,1.0,0.0
49.31111473458499,3.347723436252977,2.110170544493068,1.0,0.0,0.0,1.0,0.0
24.07180331258805,0.3711682947960546,1.0011847104315224,1.0,0.0,0.0,1.0,0.0
32.62831022590508,2.602257338311851,2.0413567169053795,1.0,1.0,0.0,1.0,0.0
0.3874302705414038,1.4314925403168863,0.2107745391993693,0.0,1.0,0.0,1.0,0.0
6.900471496739578,23.101863547838214,1.4310762951812186,1.0,0.0,0.0,1.0,0.0
14.886269608071403,0.0668686963916229,9.330830689739573,1.0,1.0,0.0,1.0,1.0
5.193820516443718,0.0624042935761836,0.2972115235615423,1.0,0.0,0.0,0.0,0.0
127.72667862997795,0.3396969817475553,3.9161899344977207,1.0,0.0,0.0,1.0,1.0
15.837275614511718,1.305627225947405,0.7521314511257648,1.0,0.0,1.0,0.0,0.0
27.30778246544316,0.5741019835036502,3.4265764323039445,1.0,0.0,0.0,1.0,0.0
11.120396413947738,1.0718225005991178,2.3708210633507485,1.0,0.0,0.0,0.0,0.0
6.913145539573135,1.2563155898579288,1.6463008519333613,1.0,0.0,0.0,1.0,0.0
45.21146539064899,4.9844352727141095,0.3021214003246605,1.0,0.0,0.0,0.0,0.0
3.998606170695024,1.083640090877285,1.567024974403153,1.0,0.0,0.0,0.0,0.0
4.084655577671641,1.4274522856711542,1.966548040199301,1.0,0.0,0.0,1.0,0.0
3.352938960881942,0.4888689311787478,3.434610274348842,1.0,0.0,0.0,1.0,0.0
10.414170793234744,3.8669011027430895,10.382597222052274,1.0,0.0,0.0,1.0,1.0
94.44765099278808,0.0047821656652254,3.1241809277624357,1.0,0.0,0.0,1.0,0.0
2.254779979015888,5.103725333286602,2.510094207232648,1.0,0.0,0.0,1.0,0.0
122.21541980049876,0.516407176985745,0.2986533845481781,1.0,1.0,0.0,1.0,0.0
6.802004564347191,0.2446812833201649,3.094172850903313,1.0,0.0,0.0,0.0,0.0
26.678246107590077,0.2190676876373717,2.956018238993465,1.0,1.0,0.0,0.0,0.0
0.7358230149799563,19.44484741280697,0.0665121974831573,0.0,1.0,0.0,0.0,0.0
4.557709174541539,7.320204368199788,1.1064662005646655,1.0,1.0,0.0,1.0,0.0
72.606727682214,7.2006503783811615,1.4608459712306603,1.0,0.0,0.0,1.0,0.0
1.1949328846770992,1.3492163448653338,1.2970703103753192,0.0,1.0,0.0,1.0,0.0
30.53069140860994,1.526606319774203,0.6602885082189472,1.0,0.0,0.0,1.0,0.0
115.05416364475164,1.0303801822337002,0.9024276268412044,1.0,0.0,0.0,0.0,0.0
10.979417867971932,0.4429497974660803,0.1548104006255866,1.0,0.0,0.0,0.0,0.0
2.9716027425919203,0.6970938361517482,0.1814853251190972,1.0,1.0,0.0,0.0,0.0
11.134429303717928,1.2243141939982216,1.1341298711075103,1.0,0.0,1.0,0.0,0.0
8.98120668122545,12.904299951593792,0.3926083683929716,1.0,0.0,0.0,1.0,0.0
28.902099780534886,0.1593707128634195,0.4784566855824628,1.0,0.0,0.0,1.0,0.0
28.635240836684368,3.1933980962378974,4.92966542443259,1.0,0.0,0.0,1.0,1.0
1.555949467635108,0.432118314109102,1.6575226771685507,0.0,0.0,0.0,0.0,0.0
11.466283604254956,14.992762092213038,0.6374061160872311,1.0,0.0,0.0,1.0,0.0
8.765125825250864,0.1020086283822116,2.4627762459160434,1.0,0.0,0.0,1.0,0.0
20.42041605242973,2.409713251649572,0.5174621393680943,1.0,0.0,0.0,0.0,0.0
5.687502148875282,0.0573134834685858,0.9390704322753723,1.0,0.0,0.0,0.0,0.0
3.3731810782649827,0.0445825833875327,1.5425662672893128,1.0,0.0,0.0,1.0,0.0
10.493946472008242,8.434355859786873,2.2114215395952934,1.0,1.0,0.0,1.0,0.0
81.59749585021214,33.747589148193335,1.0733224343199286,1.0,1.0,0.0,0.0,0.0
8.177995460042926,0.1019898898478556,1.40612049800919,1.0,1.0,0.0,1.0,0.0
13.850263344803224,3.2148366671844903,0.6787456353183855,1.0,0.0,0.0,0.0,0.0
5.923147571387688,3.5204996259847365,0.7635198139370956,1.0,0.0,0.0,0.0,0.0
19.062933643474807,3.889466755569271,1.08221820963997,1.0,0.0,0.0,1.0,0.0
1.5439407181198728,1.3290439801790437,0.6928817501008512,0.0,1.0,1.0,0.0,0.0
0.4380574526065118,0.0540951545804979,1.6957594484177263,0.0,1.0,0.0,1.0,0.0
6.886769400005358,0.2621234261931582,6.295532164579746,1.0,0.0,0.0,1.0,1.0
0.3646778183733442,0.0529001068451365,1.103894413804971,0.0,0.0,0.0,0.0,0.0
3.3366643171233843,0.0244283868000712,1.2452000911343988,1.0,0.0,1.0,1.0,0.0
25.32675922773799,1.0521028219869402,0.9789810625875836,1.0,0.0,0.0,1.0,0.0
13.051067200500926,0.9718288501513248,1.0542939871332038,1.0,1.0,0.0,0.0,0.0
12.854882571875514,1.6545002766104964,1.4534584573714395,1.0,0.0,0.0,1.0,0.0
21.84806905991004,4.52968333047636,2.2710578843282314,1.0,0.0,0.0,1.0,0.0
6.2773723315178565,2.371513604069225,0.1695245727275218,1.0,0.0,0.0,0.0,0.0
50.75906211261282,0.3008704769698933,0.5725690431413963,1.0,0.0,1.0,0.0,0.0
955.0050034846754,3.820626401926389,0.5721518935997019,1.0,0.0,0.0,0.0,0.0
19.649849382980083,3.673623202664362,0.483509757348978,1.0,0.0,0.0,0.0,0.0
30.21749749147873,0.0778730105594239,0.4129812185749933,1.0,1.0,0.0,1.0,0.0
22.047054138543636,1.412164827120436,0.8343140570955289,1.0,0.0,0.0,0.0,0.0
35.26484773792246,4.470246831717281,0.2566708501698245,1.0,0.0,1.0,0.0,0.0
1.144651127503885,0.7197915100605614,0.652216234880793,0.0,0.0,0.0,0.0,0.0
9.165725489449626,0.4095118333618435,0.0992266362365514,1.0,0.0,0.0,1.0,0.0
4.163816862045959,0.0184201312755614,0.6253411805397604,1.0,1.0,0.0,1.0,0.0
10.225437689172166,0.486101803075235,0.4829095783519226,1.0,0.0,0.0,1.0,0.0
65.45751627203434,4.971420261154811,1.4065773758673417,1.0,0.0,0.0,0.0,0.0
21.36795944422291,0.3051110175405711,5.282057039885643,1.0,1.0,0.0,1.0,1.0
0.4244808809060841,2.567585472584385,2.020718185501288,0.0,0.0,0.0,0.0,0.0
1.3372115923568215,0.6330038201169742,0.2144980337594365,0.0,1.0,0.0,0.0,0.0
5.82917052635948,0.095505038476415,1.2180358447767443,1.0,1.0,0.0,1.0,0.0
28.75446032721118,0.5579493543968315,4.844911623941775,1.0,1.0,0.0,1.0,1.0
3.0380099675805328,1.1830768963844631,1.136193139423081,1.0,1.0,0.0,0.0,0.0
15.9685373446936,0.1460296929123301,0.9692459935022076,1.0,0.0,0.0,0.0,0.0
0.3570592442438295,0.4964256047901397,0.709896340188719,0.0,0.0,0.0,1.0,0.0
46.17059654583695,0.9137270432785184,0.1956824422360762,1.0,0.0,1.0,0.0,0.0
15.406946256902891,0.2667388561788533,1.0064406137000057,1.0,0.0,0.0,1.0,0.0
7.620384236044266,0.7199242762099249,1.7066152262479148,1.0,0.0,0.0,1.0,0.0
6.34085446497033,0.0971412808671879,2.982320276850342,1.0,0.0,0.0,0.0,0.0
2.101996181435052,2.6312391727395927,2.417069660437403,1.0,0.0,0.0,1.0,0.0
59.56828740751038,0.5015534393132095,3.6769193496964014,1.0,1.0,1.0,1.0,0.0
3.539962620646253,0.5987107213192732,0.6095243306862571,1.0,0.0,0.0,0.0,0.0
6.892664968689692,4.184534200522555,1.990619569288082,1.0,1.0,0.0,0.0,0.0
2.233193022225393,0.7770109115028073,0.224293091041967,1.0,0.0,0.0,0.0,0.0
0.5314206633776051,66.23122897694053,0.4530921388564086,0.0,0.0,0.0,1.0,1.0
0.0506819542939383,0.6169084620256543,1.4632461691863166,0.0,1.0,0.0,0.0,0.0
164.67329666818472,2.376433183051001,0.1244582793427518,1.0,1.0,0.0,0.0,0.0
8.097974716015452,0.5452794158637765,0.3967740243902892,1.0,1.0,0.0,0.0,0.0
12.626519223596372,1.6173821122905807,5.0887253171140525,1.0,1.0,0.0,1.0,1.0
30.826906308128464,2.173777091097155,0.2110515451343202,1.0,0.0,0.0,1.0,0.0
23.650621523180117,0.5083646145436418,0.0911739341965138,1.0,0.0,0.0,1.0,0.0
21.037052141863946,0.0657252340666475,1.6468246845162116,1.0,0.0,0.0,1.0,0.0
4.706399998066364,6.731566895094541,0.2675639989886818,1.0,0.0,0.0,1.0,0.0
59.39767355728533,0.075381499388084,0.6822436441548688,1.0,0.0,0.0,1.0,0.0
32.41544476334111,0.968212149153544,0.5211581518310946,1.0,1.0,0.0,1.0,0.0
38.33284650393283,0.1740365116047842,1.0161187038509223,1.0,0.0,0.0,0.0,0.0
47.027688570169545,1.3134632689342016,2.1004932403388965,1.0,0.0,0.0,1.0,0.0
242.3321173439704,10.272204626364942,0.1205582296047801,1.0,0.0,0.0,1.0,1.0
16.238281998422487,0.4461867692340662,1.1974220764186383,1.0,0.0,1.0,0.0,0.0
22.29481097208206,1.60090601230608,0.2994758379992157,1.0,0.0,1.0,0.0,0.0
17.183509281262037,7.309420872181959,1.6554342206743091,1.0,1.0,0.0,1.0,0.0
15.444511965797789,2.5157182227543737,0.2841586166797443,1.0,1.0,0.0,1.0,0.0
24.4981241499286,1.477558949395113,0.6459579178776224,1.0,0.0,0.0,0.0,0.0
15.854413310134976,0.5581926779420664,0.8327535037797863,1.0,0.0,0.0,1.0,0.0
6.358968044252947,13.03694323293377,3.7283905626852585,1.0,0.0,0.0,1.0,0.0
1.7408333399174118,1.3883647579892382,0.5073315707422918,0.0,0.0,0.0,0.0,0.0
8.769764318547713,0.9076712866207256,0.8097441709855671,1.0,0.0,0.0,1.0,0.0
6.844839692708779,0.2063556358939697,4.299174226098896,1.0,1.0,1.0,1.0,0.0
23.57230659638421,3.1074562581308744,0.6864973228746225,1.0,0.0,0.0,1.0,0.0
16.331794742612715,2.107437760163845,5.433309181576573,1.0,0.0,0.0,1.0,1.0
614.4856093350695,56.721865230227074,0.9018344030808292,1.0,0.0,1.0,1.0,0.0
7.545919424042959,0.4107126981252853,1.6903399810790414,1.0,0.0,1.0,1.0,0.0
1.444222692528367,0.1799992461472082,3.5490386821695896,0.0,0.0,0.0,1.0,0.0
8.18700099181506,0.0980277760780658,0.2840516238112755,1.0,0.0,0.0,1.0,0.0
17.6722936837865,0.185548213203067,8.08922066820439,1.0,0.0,0.0,0.0,0.0
1.1452954402123114,0.5421298571818947,1.4140028387825008,0.0,0.0,0.0,0.0,0.0
4.048344451861582,48.26123705171278,0.3767264299792103,1.0,1.0,0.0,1.0,0.0
43.75449048227427,2.5259924275442165,3.828193191547183,1.0,0.0,0.0,0.0,0.0
0.3590065833647691,1.999372174720292,0.559317112528905,0.0,1.0,0.0,1.0,0.0
70.44505713260241,0.0497578219755712,1.7425278454975062,1.0,1.0,0.0,0.0,0.0
11.956396844500643,7.5552883732607,6.613352490040086,1.0,1.0,0.0,1.0,1.0
4.200800574603556,1.7070212012170765,0.4741015355581651,1.0,0.0,0.0,1.0,0.0
14.876675657244885,2.04132792812608,0.7923125600777934,1.0,1.0,1.0,0.0,0.0
33.108897768537695,0.5988194737660636,1.095282013345943,1.0,1.0,0.0,1.0,0.0
0.9309489072483372,7.435985199587419,0.3673366600471133,0.0,0.0,0.0,1.0,0.0
39.68722209364918,1.061964904136408,0.876167040458064,1.0,1.0,0.0,1.0,0.0
11.141093541310289,1.922366466501,3.0650205041713585,1.0,1.0,0.0,1.0,0.0
2.9455045556787884,0.1826723644364347,1.4908378118313377,1.0,1.0,0.0,0.0,0.0
12.73708730493092,0.041822933776903,0.3223270214329678,1.0,0.0,0.0,0.0,0.0
4.53496525926813,1.2280367476783651,0.9132417343632144,1.0,0.0,0.0,1.0,0.0
11.383210880754392,0.4113007324952784,0.6468015227290882,1.0,0.0,0.0,1.0,0.0
10.579251317920178,0.4046150429882642,0.5264215779496128,1.0,0.0,0.0,1.0,0.0
26.03546187076559,0.1577668829233788,4.231248888716417,1.0,1.0,0.0,1.0,1.0
5.375846178735454,3.084644496188165,0.3127478872739869,1.0,0.0,0.0,1.0,0.0
3.8097509175781625,1.7532006632825805,0.590866185269262,1.0,0.0,0.0,0.0,0.0
16.791007055619016,8.58825062784221,1.660785998467916,1.0,1.0,0.0,1.0,0.0
17.228356496961688,0.4186082884799143,1.395732868332965,1.0,0.0,0.0,1.0,0.0
3.443898101063115,80.08016033338652,0.6803518937373285,1.0,1.0,0.0,0.0,0.0
39.39985730936139,2.2964108301657467,0.3107584948891178,1.0,1.0,0.0,0.0,0.0
7.852724417807869,1.3355393011554928,0.7981258571247553,1.0,0.0,0.0,1.0,0.0
4.83611010226319,0.7773538554017829,5.113465148503225,1.0,1.0,0.0,1.0,1.0
0.7018271930906249,0.6847381918993223,0.0676825833013165,0.0,0.0,0.0,1.0,0.0
17.71281316015357,0.4276064058640857,1.5618691577946684,1.0,1.0,0.0,1.0,0.0
10.494509685068657,0.3091356791451495,11.03385735783256,1.0,1.0,0.0,1.0,1.0
28.638838191973207,0.7224342972491231,0.1654858363862726,1.0,0.0,0.0,1.0,0.0
8.795574162893947,1.240223980699266,4.786953463731101,1.0,0.0,0.0,0.0,0.0
2.50170472795663,0.7233979594164617,2.0914263746902506,1.0,0.0,0.0,1.0,0.0
81.96002398653849,0.2881298131198996,4.689091274805646,1.0,1.0,0.0,0.0,0.0
32.266912815794015,2.460729946713933,0.7138181586097183,1.0,0.0,0.0,1.0,0.0
82.66867408743481,2.877594942069463,2.40083409036137,1.0,1.0,0.0,1.0,0.0
4.757337795781623,2.1968128673907,0.7305010215754381,1.0,0.0,0.0,1.0,0.0
19.382756690076345,0.1098733042005975,1.3744273239736744,1.0,0.0,0.0,1.0,0.0
3.893658663124118,9.2073200331713,0.1346245610618202,1.0,0.0,0.0,1.0,0.0
223.7564587898456,1.5122566829898345,0.0725188196121191,1.0,0.0,0.0,0.0,0.0
3.042048389076212,3.4879646931378985,1.4125526657931609,1.0,0.0,0.0,1.0,0.0
12.008249924292114,0.8280300015136367,0.6998877460669355,1.0,0.0,0.0,0.0,0.0
9.648290911495902,259.30171228821416,0.3352364051853003,1.0,1.0,0.0,0.0,0.0
24.308711672168865,3.032271136434255,0.417296002745859,1.0,0.0,0.0,0.0,0.0
21.72542616786181,0.2067078733395966,0.928809919024287,1.0,0.0,0.0,0.0,0.0
2.593818413710661,0.7360103716634538,4.397616782647018,1.0,0.0,0.0,0.0,0.0
6.893283498585599,0.0223416659574758,0.2690418992685452,1.0,0.0,0.0,1.0,0.0
34.417800298663536,10.466481506498845,1.094619041180816,1.0,0.0,0.0,0.0,0.0
0.5798452365787841,0.189278199398313,1.0364373909077909,0.0,0.0,0.0,0.0,0.0
26.50430058118485,0.8177745424052145,3.6641719459238207,1.0,0.0,0.0,1.0,0.0
1.0486045730430753,4.533254548323914,0.9833428189410772,0.0,1.0,0.0,1.0,0.0
48.17490990350096,0.630069299252894,0.9550302557656428,1.0,1.0,0.0,1.0,0.0
33.62783365285427,12.923075217482836,17.62608058739137,1.0,1.0,0.0,0.0,0.0
128.6256103093407,0.7464125658991578,0.1502346817898072,1.0,0.0,0.0,1.0,1.0
22.40512883662902,2.206223335625456,0.2438873602486715,1.0,0.0,0.0,0.0,0.0
15.675645463716563,0.1818909141044834,0.2654950140363672,1.0,0.0,0.0,1.0,0.0
35.71405287641748,0.0067511650817861,3.825097505868958,1.0,1.0,0.0,0.0,0.0
2.3372564883300257,0.2369669061182519,1.0206810318997184,1.0,0.0,0.0,1.0,0.0
11.555772266463965,0.547990187024479,0.4464662040582735,1.0,0.0,0.0,0.0,0.0
4.525877759079276,0.2148727638200159,0.6409906634031569,1.0,1.0,0.0,0.0,0.0
27.994796069065195,0.3550883602200179,10.438740247936243,1.0,0.0,0.0,1.0,1.0
1.075119530190942,0.0849204804871899,0.4413152283967994,0.0,0.0,0.0,1.0,0.0
2.2218835039354268,4.193311272901441,0.3007401769563956,1.0,0.0,0.0,0.0,0.0
0.8046523559142119,2.7325858215711145,1.6038823699583629,0.0,1.0,0.0,0.0,0.0
25.41672627480148,1.0123371783670398,1.2516976150304506,1.0,1.0,0.0,0.0,0.0
1.9978927321758428,13.497204458096276,1.4781841073742588,1.0,1.0,1.0,1.0,0.0
15.87119130159081,0.2169143375272511,2.4981264481270067,1.0,0.0,0.0,1.0,0.0
16.25066645071728,0.6271726282803465,0.8976020878227272,1.0,1.0,0.0,1.0,0.0
22.40594820710081,0.6296447238837785,0.7949241348570816,1.0,0.0,1.0,1.0,0.0
6.099376082196702,0.8166862667672543,0.699267664254925,1.0,1.0,0.0,1.0,0.0
6.802649338471403,4.174849386475112,3.821989054391282,1.0,0.0,0.0,1.0,0.0
2.584324925194533,169.87692525379413,9.69755248332349,1.0,1.0,0.0,1.0,1.0
2.6649232893832595,13.655262191713527,9.357063825207597,1.0,0.0,0.0,1.0,1.0
10.884958364133269,2.264371107532264,0.1560262946749092,1.0,0.0,0.0,1.0,0.0
66.81150830109407,1.9437188035541728,2.526584373961385,1.0,0.0,0.0,0.0,0.0
8.992373405743411,0.6760437962724175,2.531212984912383,1.0,0.0,0.0,0.0,0.0
1.0440626917696314,5.806306077744301,4.081350425668945,0.0,0.0,0.0,1.0,1.0
10.504924727345635,0.8919000119877436,0.5518941081518951,1.0,1.0,0.0,0.0,0.0
100.32505096117671,0.7102286468174991,1.8468459281089264,1.0,1.0,0.0,1.0,0.0
7.308527116945292,1.0769292364900338,1.8821338951221944,1.0,0.0,0.0,1.0,0.0
1.758023696410115,4.428951622153528,0.7868059326319797,0.0,1.0,0.0,1.0,0.0
3.098562400693069,0.0145763040240238,1.0422806239414468,1.0,0.0,0.0,1.0,0.0
12.584693286774073,0.2303783790388734,2.1174806177758696,1.0,0.0,0.0,1.0,0.0
35.313993846611964,9.656912846892006,1.168952820334004,1.0,0.0,0.0,0.0,0.0
4.734811324178688,1.9873440209070563,0.7274159416140903,1.0,0.0,0.0,0.0,0.0
1.1258620595753364,1.8858653084644197,0.3999698865733865,0.0,1.0,0.0,1.0,0.0
384.0965746914506,0.1176423590200156,0.773284587418537,1.0,0.0,0.0,0.0,0.0
60.24968285931786,4.625266144941629,3.692118932359272,1.0,0.0,0.0,1.0,0.0
2.8532662988423234,0.5932293946304533,0.5492871604594358,1.0,1.0,0.0,1.0,0.0
20.665221323475837,21.509547082894837,0.4643538966499058,1.0,0.0,0.0,1.0,0.0
5.950899543577547,3.938402176712162,0.829820414633297,1.0,1.0,0.0,0.0,0.0
9.37994523155214,8.46751534644077,1.6037140595619788,1.0,0.0,0.0,1.0,0.0
3.840496603088142,1.27873658878477,0.176706641799627,1.0,0.0,0.0,1.0,0.0
0.8653211611372045,1.2052710561652844,0.2968651921584488,0.0,1.0,0.0,0.0,0.0
39.71745210275527,0.0143585296763923,1.636880768334031,1.0,1.0,0.0,0.0,0.0
37.975098776851326,1.987198423956516,1.2297931260788986,1.0,0.0,0.0,0.0,0.0
16.40607225626809,1.0061245526067275,1.2152739177618823,1.0,1.0,0.0,1.0,0.0
6.1044578835889975,1.755595309311344,5.754427289352639,1.0,0.0,0.0,0.0,0.0
4.428370364663021,2.665451468708013,0.6267800305856078,1.0,1.0,0.0,0.0,0.0
10.088123145028666,0.6120024485668204,0.9147617155191352,1.0,1.0,1.0,0.0,0.0
5.374565529460885,0.4255718573993082,1.2617407151350335,1.0,1.0,0.0,0.0,0.0
10.248929483786869,0.8660805675388328,5.046731605933259,1.0,1.0,0.0,1.0,1.0
16.225186633001965,1.6276215089091812,0.1288642269094593,1.0,0.0,0.0,0.0,0.0
39.69980826842421,0.7085045085240226,0.7087978714754111,1.0,0.0,0.0,0.0,0.0
6.1329376072383965,0.0612164879502481,1.0524002680846285,1.0,0.0,0.0,1.0,0.0
2.768068969029033,31.37743627916534,1.8853271243091307,1.0,0.0,0.0,1.0,0.0
20.38778378400156,0.138270088126102,0.5123029954206918,1.0,0.0,0.0,0.0,0.0
32.20787517292961,4.792997323128311,4.474198823392758,1.0,0.0,0.0,1.0,1.0
7.08839227600928,4.4381871727184405,1.0822698605309873,1.0,0.0,0.0,1.0,0.0
1.1903652682639667,2.3549239186078297,0.6018537466594263,0.0,1.0,0.0,0.0,0.0
3.057266969154342,0.0575997908845448,0.7528194402479295,1.0,0.0,0.0,0.0,0.0
4.761075332808163,0.15419729627229,1.6510123220503772,1.0,0.0,1.0,1.0,0.0
7.109668573440253,3.229367000616711,1.2482384629649326,1.0,0.0,0.0,1.0,0.0
23.737426678336604,1.2383974343451885,2.7243451388286206,1.0,0.0,1.0,1.0,0.0
2.9366735499198997,2.744892799643172,3.580942694057856,1.0,1.0,0.0,0.0,0.0
2.26939402821084,2.4353347035267108,5.854024973150249,1.0,0.0,0.0,1.0,1.0
7.170397277088586,0.3966549683204163,1.417082490806283,1.0,1.0,0.0,1.0,0.0
15.870261981420162,0.1183702263256618,0.1551862454980973,1.0,0.0,0.0,0.0,0.0
81.46793600594609,0.0490379466833004,1.0000462735559574,1.0,0.0,0.0,0.0,0.0
11.830968655004524,2.8442913795468745,0.686383537271466,1.0,0.0,0.0,0.0,0.0
238.06771580197463,2.6535012095756705,0.8006780436032572,1.0,1.0,0.0,1.0,0.0
13.652990393767514,9.709381803263431,0.1497353607086016,1.0,1.0,1.0,0.0,0.0
3.301261327340602,0.1000104181720437,2.2632670884511987,1.0,1.0,0.0,1.0,0.0
6.833770188992162,6.675003080605373,1.446894634135605,1.0,0.0,1.0,1.0,0.0
2.642978853626053,0.5678133013735343,1.2048986116626277,1.0,0.0,0.0,0.0,0.0
21.740736866081047,5.866807291356171,0.4362693562677487,1.0,0.0,0.0,1.0,0.0
19.646728858951185,6.10148335139111,3.31273083356356,1.0,0.0,0.0,0.0,0.0
23.8866217874666,0.0794804673593463,4.624355414620007,1.0,0.0,0.0,1.0,1.0
1.053497068363105,0.1173938539947963,0.1982021000600529,0.0,0.0,0.0,1.0,0.0
3.1786979329911724,3.974460420501278,1.9284334213489105,1.0,0.0,0.0,1.0,0.0
4.496563090287405,0.0576968526818119,1.4391355981331482,1.0,0.0,0.0,1.0,0.0
29.74728640776978,10.967813276094546,0.5915334398305505,1.0,1.0,1.0,1.0,0.0
11.984610924219943,0.5680491665363887,0.3383379676156319,1.0,0.0,0.0,0.0,0.0
36.20714540906478,0.0090165586074038,1.0019631735138663,1.0,0.0,0.0,1.0,0.0
2.5218025219331643,1.1878505848269565,3.8631827285610942,1.0,0.0,0.0,1.0,0.0
101.05048069133366,0.1272310770614465,1.2343004451662447,1.0,1.0,0.0,1.0,0.0
5.233000081788236,2.5803756899062487,1.381461726274798,1.0,0.0,1.0,1.0,0.0
11.087655341958026,11.666204069228064,1.030654593000345,1.0,1.0,0.0,0.0,0.0
5.800117118558617,0.4954915116184503,1.5017086568636298,1.0,1.0,0.0,0.0,0.0
3.383776134128735,0.2880439399453686,1.541379792046738,1.0,0.0,0.0,1.0,0.0
132.21475642735516,0.5298242893821723,1.794941663231048,1.0,0.0,0.0,1.0,1.0
22.144400026711995,0.4166842861954611,0.9688363427900668,1.0,1.0,0.0,1.0,0.0
27.83352365352156,15.2318158628249,1.5729530029132233,1.0,0.0,0.0,0.0,0.0
29.935714192845616,0.04462550536257,4.122765827072635,1.0,1.0,0.0,0.0,0.0
52.39995643986565,6.588830281418351,0.668059131563342,1.0,0.0,0.0,1.0,0.0
9.279951262008028,0.0518444355045967,0.5280198276701656,1.0,0.0,0.0,1.0,0.0
15.10917775671179,0.5158840816062796,3.054377533041224,1.0,1.0,0.0,0.0,0.0
7.287580874039902,0.0350815319668795,0.1091959461223763,1.0,0.0,0.0,1.0,0.0
102.16085969352493,0.3881547493007616,1.7393916683958597,1.0,0.0,0.0,1.0,1.0
8.736642065052251,0.3336605729842701,0.8861868661793624,1.0,0.0,1.0,0.0,0.0
1.2744515295289809,0.7298932887021171,0.4058299552543657,0.0,0.0,0.0,0.0,0.0
2.202092833548866,13.036356576098418,1.147946572466106,1.0,0.0,0.0,0.0,0.0
97.06526586855068,0.0793902545598719,2.9394541692616643,1.0,0.0,0.0,1.0,0.0
11.004295648368617,3.6578798216636903,0.6165518717716649,1.0,0.0,0.0,1.0,0.0
37.79928363909958,0.5216194312039375,0.5134143496597746,1.0,0.0,1.0,1.0,0.0
1.5138602195608697,3.212954166357655,0.9280847781067958,0.0,1.0,0.0,1.0,0.0
29.406265245400714,7.527014247069489,1.252443635885964,1.0,0.0,0.0,1.0,0.0
26.91147111614693,0.0951280886430744,0.2429137593784952,1.0,0.0,0.0,1.0,0.0
17.26213722161601,1.2045986078793824,0.6442022215550067,1.0,0.0,1.0,1.0,0.0
9.55608785583964,8.352152844126588,1.2970260043768735,1.0,0.0,1.0,1.0,0.0
1.42015875869728,0.7306897191572177,0.4024508537179203,0.0,0.0,0.0,0.0,0.0
28.852501594090988,0.0486775344331661,0.8616709515676265,1.0,0.0,0.0,0.0,0.0
2.7727719898138745,1.8612559099590285,0.3741220298493788,1.0,1.0,0.0,1.0,0.0
2.1717131866187693,2.846997963750445,1.0454548661710787,1.0,1.0,1.0,1.0,0.0
12.766508413732392,0.1167073131135135,0.2085187989214061,1.0,0.0,0.0,0.0,0.0
3.673430081642118,0.4683257135263678,2.617198924537484,1.0,0.0,0.0,0.0,0.0
6.957524736709666,0.1375439200899749,0.9481359223328604,1.0,1.0,0.0,0.0,0.0
15.17103427382581,0.7785623080944636,0.7519889146712823,1.0,1.0,0.0,1.0,0.0
17.53346725396028,2.00658603173498,1.4081454220466612,1.0,1.0,1.0,1.0,0.0
51.89094893476501,0.0393922880410144,6.067531006088707,1.0,1.0,0.0,1.0,1.0
195.30732413705525,100.09718117962927,3.163408707155106,1.0,0.0,0.0,0.0,1.0
2.584305674227017,0.614442683402336,0.637957629429812,1.0,0.0,0.0,0.0,0.0
157.6860633581327,30.986290456547344,0.3550439326379034,1.0,0.0,0.0,0.0,0.0
25.245013962548065,1.9669679871846508,0.171453502652526,1.0,0.0,0.0,1.0,0.0
5.040156386377267,18.174553108277973,1.369136796452592,1.0,1.0,0.0,1.0,0.0
5.534537644285685,3.386700179045294,0.3583214159672079,1.0,0.0,0.0,0.0,0.0
13.266917126194883,6.2177783628011465,0.1919117826637242,1.0,0.0,0.0,1.0,0.0
10.768010951627724,2.824475498893469,2.1218465859469244,1.0,0.0,0.0,0.0,0.0
12.606291842156317,0.2035650528305481,1.7007682200363785,1.0,0.0,0.0,1.0,0.0
1.1106605072941826,1.459418170176586,0.9946140670476128,0.0,0.0,0.0,1.0,0.0
135.86512460720243,0.5900584102261885,7.516634371140168,1.0,0.0,0.0,1.0,1.0
8.073013417597453,0.0759020898076031,0.5483190363318536,1.0,0.0,0.0,0.0,0.0
3.7966292820792646,0.0392420276844263,0.5716177136387636,1.0,0.0,0.0,1.0,0.0
1.5979728177582806,1.140093408565132,1.3696483699437954,0.0,1.0,0.0,1.0,0.0
73.21898025424677,0.0302347790210528,2.14380849179128,1.0,0.0,0.0,0.0,0.0
2.873014980846896,0.785216394854778,10.785447171412262,1.0,0.0,0.0,1.0,1.0
3.282081384698284,6.327137146584163,0.2937228813337637,1.0,1.0,0.0,1.0,0.0
65.3364507169627,20.635557567198664,0.2180401958539103,1.0,1.0,0.0,1.0,0.0
10.15427251052436,1.312484253513403,0.4022084070798299,1.0,1.0,0.0,0.0,0.0
27.043893260022976,0.2823055453835448,1.0817389245526297,1.0,0.0,0.0,0.0,0.0
3.789159326515087,25.792660272459692,1.247054620587514,1.0,0.0,0.0,1.0,0.0
0.5544532063336879,0.7877814375773483,4.917750656697644,0.0,0.0,0.0,1.0,1.0
5.870928525504676,1.9278190720377133,0.1909416482973089,1.0,0.0,0.0,1.0,0.0
54.67768010869458,1.643315289208146,0.2948909451624741,1.0,0.0,0.0,1.0,0.0
2.353019329828232,2.7728631441557203,2.426063061035189,1.0,0.0,0.0,0.0,0.0
8.729219797618418,0.0645635831185077,1.550855767213939,1.0,0.0,0.0,1.0,0.0
0.1278297202021141,1.6055730874769354,5.062849364057394,0.0,0.0,0.0,1.0,1.0
14.24221685546461,1.9926688834770128,0.4360165705067899,1.0,0.0,0.0,1.0,0.0
95.35660032029573,0.2577266126251025,0.5068937304871157,1.0,0.0,0.0,1.0,0.0
0.9171326326495474,0.2000148999932477,0.7360577789825221,0.0,0.0,0.0,1.0,0.0
1.0484237253959507,1.6410923473590584,7.677153291528175,0.0,1.0,0.0,0.0,0.0
53.53983638328265,0.4606148662947477,1.1617315657264966,1.0,1.0,0.0,1.0,0.0
11.55500667356344,1.707609355787557,0.9237825012520045,1.0,0.0,0.0,1.0,0.0
201.1064368033176,2.640417283053003,3.81241581342514,1.0,0.0,1.0,1.0,0.0
5.47254442604014,2.678247458084793,1.2072484257487637,1.0,1.0,0.0,0.0,0.0
0.4736897716341281,2.6814697343499194,2.7605080584429227,0.0,1.0,0.0,1.0,0.0
0.710896649415965,0.132996958115636,0.4355260987244907,0.0,0.0,0.0,0.0,0.0
7.571118903584546,0.2975902473329866,9.598115450131353,1.0,0.0,0.0,1.0,1.0
11.703473761251164,0.7239323844274492,0.7997266490900847,1.0,0.0,0.0,1.0,0.0
66.48750535605363,0.7422779863264235,1.5588463185258987,1.0,1.0,0.0,0.0,0.0
14.563130889711935,0.7093837894988226,0.7420204506206652,1.0,0.0,0.0,1.0,0.0
3.032233900382398,3.2377069076778557,0.5199592711487359,1.0,1.0,0.0,1.0,0.0
40.78152198678998,0.0152055932458972,0.999481118473183,1.0,1.0,0.0,0.0,0.0
16.92520978109717,0.8376494808777718,0.8947692492321194,1.0,1.0,0.0,1.0,0.0
39.135824646712734,0.2873255561255625,1.1606065210658494,1.0,1.0,0.0,0.0,0.0
47.99537232312149,2.4425585654002915,0.907844124957653,1.0,0.0,0.0,1.0,0.0
22.245575418338827,39.4184442539196,0.0587812077292512,1.0,0.0,0.0,1.0,0.0
9.015772668512286,40.67608412148838,0.8559281966354919,1.0,1.0,0.0,1.0,0.0
79.24749164427833,9.23738107234011,0.7942339558143842,1.0,0.0,0.0,1.0,0.0
3.8966723827123193,2.5980184116499028,1.1016863909951868,1.0,1.0,0.0,1.0,0.0
22.61508716582144,0.3820177577050217,0.2657281246612125,1.0,1.0,0.0,1.0,0.0
17.92919971402972,1.50459688818211,0.8366548816591788,1.0,0.0,0.0,1.0,0.0
4.4167801487860645,0.0445238663388218,0.3122414925309988,1.0,0.0,0.0,1.0,0.0
25.953943680592808,3.859320339051377,2.5175802091647608,1.0,1.0,0.0,1.0,0.0
109.74444497807988,0.3794480997660192,0.8236543394833455,1.0,0.0,0.0,1.0,1.0
2.7421688803328355,0.1153458626564973,3.554018283732368,1.0,0.0,0.0,1.0,0.0
6.283418698949959,0.8223358401683314,2.9140349166894963,1.0,0.0,0.0,0.0,0.0
4.320732963370797,0.3482067287393349,0.1766066290550198,1.0,1.0,1.0,1.0,0.0
0.9011077782486272,7.613821616717677,1.599324200460185,0.0,1.0,0.0,1.0,0.0
3.5389024032773406,8.700852385014292,0.980469465027186,1.0,1.0,0.0,0.0,0.0
4.296873151104602,0.2034838980743028,0.3956924584169178,1.0,1.0,0.0,0.0,0.0
42.38953989995794,10.277334510008,0.3163915414304404,1.0,0.0,0.0,1.0,0.0
10.767597073031771,5.145838624485246,2.3755079756642727,1.0,1.0,0.0,1.0,0.0
13.929039667241732,0.0740704885884507,1.0358763173239438,1.0,0.0,0.0,1.0,0.0
23.33565102819065,11.123055358718984,0.4083682932708025,1.0,0.0,0.0,1.0,0.0
3.0903642523732344,1.032579441766801,1.7538393223166209,1.0,0.0,1.0,1.0,0.0
22.563424538426453,0.2169020305026336,0.0931856168334478,1.0,0.0,0.0,1.0,0.0
34.85156456698555,8.602257057174873,9.478145730808388,1.0,1.0,0.0,0.0,0.0
1.0445717006729922,2.2541568714379787,0.7719762060727153,0.0,0.0,0.0,1.0,0.0
13.913747851992744,0.9761406120261756,0.5779892525972435,1.0,0.0,0.0,1.0,0.0
6.354118521295252,0.1441341497600781,0.9246664154855676,1.0,0.0,0.0,0.0,0.0
12.733108875732476,0.0124940495347258,0.3534051640779099,1.0,1.0,0.0,1.0,0.0
18.58129583432869,5.662090118842742,0.1219534934385303,1.0,0.0,0.0,0.0,0.0
9.341953278455694,0.3631200196417853,0.1485208805384477,1.0,0.0,1.0,0.0,0.0
18.497661065927687,4.493205625235372,0.8820876529656672,1.0,0.0,0.0,1.0,0.0
15.985584047885524,12.86782388289836,0.4414389276874938,1.0,0.0,0.0,0.0,0.0
5.838169028036676,0.0188774769578821,1.2870601801567478,1.0,0.0,0.0,0.0,0.0
3.016533598422288,0.3178137586538531,0.8964184380475473,1.0,1.0,0.0,1.0,0.0
2.5137965538271487,0.166655332284019,2.5030657893925605,1.0,0.0,0.0,0.0,0.0
24.15170403603246,0.0799308128486002,1.655675727261029,1.0,0.0,0.0,1.0,0.0
11.39786360682289,0.522140958280103,0.9259672204693236,1.0,0.0,0.0,1.0,0.0
9.549471126704866,36.6104134705397,0.2330292693210882,1.0,1.0,0.0,1.0,0.0
65.83409684593833,0.0657147123836566,2.6303505289958222,1.0,0.0,0.0,1.0,0.0
20.54287788454637,0.4680977058333384,1.4677744073080154,1.0,1.0,0.0,0.0,0.0
45.49126381919187,0.0749426851469751,2.684635353438733,1.0,0.0,0.0,0.0,0.0
35.1013609110249,1.822276188827796,0.6196119834794049,1.0,0.0,0.0,1.0,0.0
22.19914786243405,0.3729196920670214,0.2957354521434958,1.0,1.0,0.0,1.0,0.0
13.01231145501168,0.5565989994083654,1.0018651912543708,1.0,0.0,0.0,1.0,0.0
22.838226285946583,0.200764026771583,5.765889497349506,1.0,0.0,0.0,1.0,1.0
0.4121712108705138,1.4129170291149844,0.5374480930042599,0.0,0.0,0.0,1.0,0.0
1.328984428202303,0.9495298152323448,5.283269208051931,0.0,0.0,0.0,0.0,1.0
0.7960753788528211,0.5733611534681725,1.8520907975650465,0.0,0.0,0.0,0.0,0.0
7.997853915843124,9.38465302511957,0.2979616120549838,1.0,0.0,0.0,1.0,0.0
180.5661925949373,0.9348312739150052,10.053369831996047,1.0,0.0,0.0,0.0,1.0
32.62858348659859,4.347245407223601,0.6293193436656614,1.0,0.0,0.0,0.0,0.0
26.52176670149127,2.118173376580666,0.7168370210250762,1.0,0.0,0.0,0.0,0.0
1.135447700210666,0.6784860522209046,0.1156404874420728,0.0,0.0,0.0,1.0,0.0
4.502746979907309,0.7992755871407481,0.3923404776149686,1.0,0.0,0.0,0.0,0.0
4.987471533798215,22.565531958916143,5.267686940427106,1.0,1.0,0.0,0.0,0.0
13.547695146537295,0.6608820213942161,0.2655752755358421,1.0,0.0,0.0,1.0,0.0
1.8214805446587967,3.605629339919215,0.4789652198146891,0.0,0.0,0.0,0.0,0.0
8.242851037888654,0.0491975384437354,2.239512147952141,1.0,0.0,0.0,0.0,0.0
25.82356088724103,1.1754950230971994,0.2809877976006102,1.0,1.0,0.0,0.0,0.0
12.411122621050415,3.9400088570459553,0.2746263893397934,1.0,0.0,0.0,0.0,0.0
3.038694936957605,1.1583017661648327,1.2181112872525204,1.0,0.0,0.0,0.0,0.0
10.764325718849005,0.0966507895935566,0.7739154190305396,1.0,1.0,0.0,1.0,0.0
0.9968968467974832,6.339053161037789,0.1001462083439047,0.0,1.0,0.0,1.0,0.0
3.2118941381342383,0.0333993207833512,0.2980674333857916,1.0,0.0,0.0,1.0,0.0
5.829898168259146,0.2907121558026102,0.5885238846419393,1.0,1.0,1.0,0.0,0.0
1.3446342927910806,0.754467459496761,0.1220093839630169,0.0,1.0,0.0,1.0,0.0
14.074333821240462,1.1929358994391617,4.985189555449994,1.0,1.0,0.0,1.0,1.0
19.29079761071585,0.9765081090135204,0.9352499917295436,1.0,0.0,0.0,1.0,0.0
428.1857911939983,0.1390074621294391,0.2789960982376169,1.0,0.0,0.0,1.0,1.0
7.197343818925821,0.4941822248008425,7.284129296992669,1.0,1.0,0.0,0.0,0.0
34.51122800605203,0.0485248425554616,1.3220359183654784,1.0,0.0,0.0,1.0,0.0
45.09470670009246,1.532084314501709,2.5663775651485063,1.0,0.0,0.0,0.0,0.0
62.69189586659838,1.4573386068896843,1.856299454156734,1.0,1.0,0.0,1.0,0.0
6.546355139145292,0.4319941305879359,2.396617748868305,1.0,1.0,0.0,0.0,0.0
17.02873213436735,0.4377225421931622,0.7621201113247021,1.0,1.0,0.0,0.0,0.0
7.839648801112239,0.1139463538562156,1.2944456248372516,1.0,1.0,0.0,0.0,0.0
5.426548860372468,8.256271632457134,0.8165140358397603,1.0,0.0,0.0,1.0,0.0
1.401401366546123,1.643916083850803,0.2035621965802695,0.0,0.0,1.0,0.0,0.0
27.92695718770789,0.0636011787148256,1.193652945925086,1.0,1.0,0.0,0.0,0.0
8.72382914672764,0.0224932536268536,2.630322338175048,1.0,1.0,0.0,1.0,0.0
13.786656584209588,0.3097484446875904,0.7547394774410352,1.0,1.0,0.0,1.0,0.0
32.136578184813985,0.0538776836949989,2.540096394569978,1.0,0.0,0.0,0.0,0.0
2.7919010281033514,55.56580946600952,0.515513847446003,1.0,0.0,0.0,0.0,0.0
1.121290968684534,0.1176950978851727,0.676050875949789,0.0,0.0,1.0,1.0,0.0
34.976785898332395,0.0573003149195478,0.062003741174724,1.0,0.0,0.0,0.0,0.0
4.633167287286497,0.3283193841985959,5.436977407545695,1.0,0.0,0.0,1.0,1.0
2.9749447623053697,0.2036850256858924,0.4895642358740093,1.0,0.0,0.0,1.0,0.0
12.801233118844154,0.949391418722049,1.476727832137784,1.0,0.0,0.0,1.0,0.0
10.162175682066849,1.5686985579871835,1.3629568501756095,1.0,0.0,0.0,0.0,0.0
16.807883177167874,0.0724783519136437,4.357228681216613,1.0,0.0,0.0,1.0,1.0
5.984417257178913,0.085919781018781,4.546364717776953,1.0,0.0,0.0,0.0,0.0
166.49618643479874,2.0626367218323383,1.106136684599803,1.0,1.0,0.0,1.0,0.0
3.934637173308229,0.0983556986952312,3.237337736941209,1.0,0.0,0.0,0.0,0.0
72.92297443864308,1.4490761847043765,2.5249872693006354,1.0,1.0,0.0,1.0,0.0
48.561505464402735,2.641725206725616,0.5016053138324513,1.0,1.0,0.0,0.0,0.0
13.787563584684062,2.265071194561137,1.5144686305736017,1.0,1.0,0.0,1.0,0.0
16.054602314343818,1.7714214219316886,2.168342481392361,1.0,0.0,0.0,1.0,0.0
50.13088273141396,0.0364026112893078,0.4793578941085968,1.0,0.0,0.0,0.0,0.0
59.71004583114331,0.231917750912147,1.2623061016495931,1.0,1.0,0.0,1.0,0.0
31.31288249430853,0.1041484975645247,1.139727794498725,1.0,0.0,0.0,1.0,0.0
7.521994803368335,0.609168622665388,0.7767137536117563,1.0,0.0,1.0,1.0,0.0
2.13836396378868,3.842464104141285,1.326222617019614,1.0,0.0,0.0,1.0,0.0
1.705816010577599,3.8626309846420464,0.7567880687666019,0.0,0.0,1.0,0.0,0.0
2.8653761457347025,3.265217123000524,0.4592314209777178,1.0,0.0,0.0,0.0,0.0
24.13955671745805,0.3038108324933847,0.2125668355789697,1.0,0.0,0.0,1.0,0.0
22.865497326767805,2.173561922310973,2.080018745997706,1.0,1.0,0.0,1.0,0.0
29.21146659585539,0.5226832507677064,1.3122041780943006,1.0,1.0,0.0,1.0,0.0
2.143262250324902,0.6852249559085631,0.3116239257147392,1.0,1.0,0.0,1.0,0.0
1.6742399642710284,0.6880367529578785,0.2026852381963036,0.0,1.0,0.0,1.0,0.0
1.631927755180845,2.614196455219292,0.798316625525689,0.0,1.0,0.0,0.0,0.0
86.05641640907128,3.53603460456416,4.461047444660856,1.0,0.0,0.0,0.0,0.0
2.3396566800595138,0.4098330085228274,1.8764274114556256,1.0,0.0,0.0,1.0,0.0
17.747058324401063,3.737187839085261,7.343363499238968,1.0,0.0,0.0,0.0,0.0
32.60272405857488,0.5603326831425647,0.8018882725563922,1.0,0.0,0.0,0.0,0.0
71.04541471872648,0.4110403377755226,1.9165958292724097,1.0,0.0,0.0,1.0,0.0
1.6915495820034934,0.4170772804387105,2.360150913381446,0.0,0.0,0.0,0.0,0.0
6.200622939959824,6.408085263815266,0.9129507183981644,1.0,1.0,0.0,1.0,0.0
2.2802501818636176,0.1373684305122685,2.501851066737504,1.0,1.0,0.0,1.0,0.0
10.908380533258182,0.0864893230436524,0.4475763499896721,1.0,0.0,0.0,1.0,0.0
2.357157190361756,0.0389929473546763,2.9201464642158115,1.0,0.0,0.0,1.0,0.0
282.0376171685918,4.193459618897532,4.9831387328260215,1.0,0.0,0.0,1.0,1.0
1.7663719633978732,6.120127779952084,1.557093873962434,0.0,0.0,0.0,1.0,0.0
0.2717239548892458,0.477267729457732,0.9642439503447572,0.0,1.0,1.0,1.0,0.0
1.9630099775919505,0.4742401980638905,1.153040764369864,1.0,0.0,0.0,1.0,0.0
129.05153206661964,4.2355565814781615,0.6625911025447307,1.0,0.0,0.0,1.0,1.0
2.741599687169292,0.5416094897324149,0.3041005330665535,1.0,1.0,0.0,1.0,0.0
5.49939371133784,8.026648837819307,2.27946636690692,1.0,0.0,0.0,1.0,0.0
6.404807887905831,0.0618452926436489,2.2505566352502,1.0,0.0,0.0,1.0,0.0
5.441150316359647,0.143427458268775,4.812191657677015,1.0,0.0,0.0,1.0,1.0
7.806312790686041,0.3184687938014768,2.041712288339083,1.0,0.0,0.0,0.0,0.0
24.23239925589297,0.6591047812991137,0.3523069986636555,1.0,0.0,0.0,0.0,0.0
1.7548440879911884,2.3516840928392937,2.144519529942196,0.0,0.0,0.0,1.0,0.0
2.9831944165216995,8.457519601433802,0.4285640940964221,1.0,1.0,0.0,1.0,0.0
12.429482500309156,12.072205016280847,0.2664679767353268,1.0,0.0,0.0,0.0,0.0
2.5114735723926453,2.992414730016378,0.2890924311063205,1.0,0.0,0.0,1.0,0.0
146.50619246507742,1.408701860212578,0.2947266744947118,1.0,0.0,0.0,1.0,1.0
12.380689946063244,6.307518145258598,7.190065960802615,1.0,1.0,0.0,1.0,1.0
0.8596098569187397,0.0691547683728657,1.267607754678146,0.0,0.0,1.0,1.0,0.0
16.36388535277727,4.661044598442201,3.612922183647023,1.0,0.0,0.0,1.0,0.0
12.288957447618255,0.6983665108555495,0.6498012095853545,1.0,0.0,0.0,1.0,0.0
1.484912752024128,6.563151707378611,0.7128318874306951,0.0,0.0,0.0,0.0,0.0
32.91837396920692,12.891165896079508,1.497728922344396,1.0,0.0,1.0,0.0,0.0
2.8390959674798606,3.22831898224524,1.2013544985650109,1.0,0.0,0.0,1.0,0.0
6.485260504637432,1.392158955537145,4.967244221589144,1.0,1.0,0.0,1.0,1.0
35.690186481619044,0.0675994958150435,0.5523275023700152,1.0,1.0,0.0,1.0,0.0
1.5547678388477189,0.6523264165401017,0.4063000133111513,0.0,0.0,0.0,0.0,0.0
5.522047455531197,2.9121662325266278,0.5008068064030747,1.0,1.0,1.0,0.0,0.0
0.2895809428162942,9.448438402708868,1.6756672555513976,0.0,0.0,0.0,0.0,0.0
6.858406343171534,0.1207885283897141,0.2332329485859625,1.0,0.0,0.0,1.0,0.0
5.800703258604328,0.5173577299306099,0.593249905751513,1.0,0.0,0.0,1.0,0.0
4.840576774150898,11.184594450445452,1.5144101737134683,1.0,0.0,0.0,0.0,0.0
59.336430234417016,0.074754736710926,1.379349103914285,1.0,1.0,0.0,0.0,0.0
121.69627740910356,0.2887080551039268,0.301772366510552,1.0,1.0,0.0,1.0,0.0
2.8765789093795737,2.2151126791429325,0.9762615156790512,1.0,1.0,1.0,0.0,0.0
18.250939051369844,1.1246369321875616,2.0255996475789826,1.0,1.0,0.0,1.0,0.0
17.008498460666214,0.6006049898757722,1.6937292933687669,1.0,0.0,0.0,1.0,0.0
9.133865490227238,0.0523654372031368,1.6056297246004534,1.0,1.0,0.0,1.0,0.0
1.2765210620240832,4.1814251462653,1.2510305110714468,0.0,0.0,0.0,1.0,0.0
18.956293578250293,25.60395584135797,1.180272093581737,1.0,0.0,0.0,0.0,0.0
1.9818794468206316,0.6487638719892288,1.5895341909706897,1.0,1.0,0.0,1.0,0.0
24.85611089578537,2.6815012695396345,1.117045590237229,1.0,0.0,0.0,0.0,0.0
2.090977765892068,18.781461225561284,1.7886653220288349,1.0,1.0,0.0,1.0,0.0
239.07477864582685,2.408501920129676,1.88755221094462,1.0,1.0,0.0,0.0,0.0
1.5519451532155648,0.1112407376107109,0.6043447484881166,0.0,0.0,0.0,0.0,0.0
7.064358553516435,40.791911899190325,0.3626939491773615,1.0,0.0,0.0,0.0,0.0
27.76288930851177,1.7091722061559584,1.6011596714169432,1.0,0.0,0.0,1.0,0.0
8.838563468446907,0.4188273780676868,0.4962583777594019,1.0,1.0,0.0,1.0,0.0
20.215079303410363,10.473944975479034,0.2163884566370092,1.0,0.0,0.0,1.0,0.0
18.08629640250636,17.21878695099707,1.1023680126945776,1.0,1.0,0.0,1.0,0.0
5.106464321076875,1.6012813280963794,1.3377458319549311,1.0,1.0,0.0,0.0,0.0
3.7646804445483446,0.5968909418727879,0.8653612125098478,1.0,0.0,0.0,1.0,0.0
1.591144950949452,3.346617962379845,0.8155382810794658,0.0,1.0,0.0,1.0,0.0
6.250308051639286,1.3038002092183203,1.8183737874853567,1.0,1.0,0.0,1.0,0.0
12.1736831461595,0.231629925187344,2.3197516445497155,1.0,1.0,0.0,1.0,0.0
5.659297110247223,3.54304977957808,0.6549198773475056,1.0,0.0,0.0,0.0,0.0
10.435661240365947,0.1996238522660391,0.1920230646331781,1.0,0.0,0.0,1.0,0.0
3.710294315265302,0.5347006980140997,0.1613941826440468,1.0,0.0,1.0,1.0,0.0
16.061611593943617,0.4394617635691709,2.9799168342174247,1.0,0.0,0.0,1.0,0.0
2.3645950528290323,6.541122030851517,4.395509528530354,1.0,1.0,0.0,1.0,1.0
1.4802457630554764,0.973907250799238,1.1318604601741875,0.0,0.0,0.0,1.0,0.0
1.8134162392259163,2.336437318385983,0.1835289802391616,0.0,1.0,0.0,0.0,0.0
87.2240271797378,9.906576286431129,1.3492191461832646,1.0,1.0,0.0,0.0,0.0
4.425629864279949,0.6897967158065348,0.8019473177283533,1.0,0.0,0.0,1.0,0.0
5.573917852510976,1.304758558454103,2.191592319627262,1.0,0.0,0.0,1.0,0.0
4.966447990223706,2.8629815859635217,3.0774395345926027,1.0,1.0,1.0,0.0,0.0
2.7411528114496124,0.943282147689304,2.9849679486196616,1.0,0.0,0.0,1.0,0.0
79.28392402961903,0.2108405201311677,4.629262858366445,1.0,1.0,0.0,1.0,1.0
14.169879098714375,0.1521569573245347,0.554456320153993,1.0,1.0,0.0,0.0,0.0
34.15428382116037,0.2665209896099314,0.4290934505696501,1.0,0.0,0.0,0.0,0.0
88.78700665187979,0.2376937557674857,1.5665982806969914,1.0,1.0,0.0,1.0,0.0
10.72923129669372,0.6865046055555689,0.140877179306409,1.0,0.0,0.0,1.0,0.0
4.394457777834567,0.7092555512920155,1.3316532970933013,1.0,0.0,0.0,1.0,0.0
5.164797556600302,1.2310931518652388,2.8673852796260424,1.0,0.0,1.0,0.0,0.0
2.6145455804017432,0.1448093619306718,0.9620947102875907,1.0,1.0,0.0,1.0,0.0
2.5175900195943304,0.337598122621296,1.3796136303186657,1.0,0.0,0.0,1.0,0.0
6.641514034038052,3.999762415306305,1.6895971957768414,1.0,0.0,0.0,0.0,0.0
3.1163431896201823,9.016904285688062,0.4792657975714584,1.0,0.0,1.0,0.0,0.0
2.101767391757543,20.067511602296268,0.534759759575913,1.0,0.0,0.0,1.0,0.0
2.950227348221138,1.618291882091287,1.0763577347151814,1.0,0.0,0.0,1.0,0.0
12.565597953540792,0.3181433117160486,0.1447363449245761,1.0,1.0,0.0,0.0,0.0
1.6295435352131666,0.0212555847968956,0.1510731696313157,0.0,1.0,0.0,1.0,0.0
2.362752146495059,0.398272206412385,1.52295400149293,1.0,0.0,0.0,1.0,0.0
32.3982539138511,1.5699329669354158,0.5772693355528223,1.0,0.0,1.0,1.0,0.0
108.1093690585115,1.8038249650452796,1.8475206203319476,1.0,1.0,0.0,0.0,0.0
65.81044793328462,0.0103855589923799,0.3190797159496071,1.0,0.0,0.0,1.0,0.0
3.59161686949509,0.239048894402943,2.542485777839751,1.0,0.0,0.0,1.0,0.0
45.61291777798786,0.058028852830721,0.5019091367851456,1.0,1.0,0.0,1.0,0.0
21.466225025169507,13.52639599950775,0.3645694847690817,1.0,0.0,0.0,1.0,0.0
98.01691906749576,35.281568854029075,0.710136894188158,1.0,1.0,0.0,1.0,0.0
4.672043946637768,0.0868405107098329,1.293816123402398,1.0,0.0,0.0,1.0,0.0
1.2920602735977331,0.0885535386764683,1.3864211817024568,0.0,0.0,0.0,1.0,0.0
213.27533671809184,0.4536557483474548,3.0236405882760806,1.0,1.0,0.0,1.0,0.0
16.24147348057987,0.2178509936240651,0.5086224485821512,1.0,0.0,0.0,1.0,0.0
4.015004548617159,4.6521973288130845,0.1213564553119793,1.0,0.0,0.0,1.0,0.0
35.919827113762345,0.6522766576817083,3.4207611618747262,1.0,0.0,0.0,1.0,0.0
11.146159192917125,0.8137306567862267,1.3477594973406244,1.0,0.0,0.0,0.0,0.0
42.15007676708248,5.878181948649775,2.192971421726289,1.0,0.0,0.0,0.0,0.0
2.512625904048335,1.163428785312729,8.083314522040784,1.0,1.0,0.0,1.0,1.0
31.91065200602797,0.6677478435269008,1.8881132648158516,1.0,0.0,0.0,0.0,0.0
5.590679781653452,9.493671751456876,0.2424522957247043,1.0,0.0,0.0,1.0,0.0
19.722988055998695,0.2375915825775522,2.696330016815195,1.0,0.0,0.0,0.0,0.0
5.006987419343501,0.7149437233722208,0.687186121721046,1.0,0.0,0.0,1.0,0.0
41.388092411740246,1.8672929807823024,1.6037497020259934,1.0,0.0,1.0,1.0,0.0
28.35240853472845,3.1096687926199627,0.5579409926246303,1.0,0.0,0.0,1.0,0.0
0.377433022400617,0.4426623539165379,2.7695936199156392,0.0,1.0,0.0,1.0,0.0
9.43626267343423,0.2385078812323643,0.5526996177685459,1.0,0.0,0.0,1.0,0.0
4.018067534733974,1.4071613519768071,0.2568994258614427,1.0,0.0,0.0,0.0,0.0
29.92739866692768,0.2995303969959239,1.7685372728593811,1.0,0.0,0.0,0.0,0.0
109.38009452631997,4.6477236029522535,2.0523624071022426,1.0,1.0,0.0,1.0,0.0
3.06009754701587,0.067764961284764,0.4767585051875896,1.0,1.0,1.0,1.0,0.0
1.0702630272028506,7.923982227300479,0.1205290505938969,0.0,1.0,0.0,1.0,0.0
182.6850492556706,151.77878303465377,1.5783352631472156,1.0,0.0,0.0,1.0,1.0
3.056867657599003,0.0557979750668848,1.294383151856039,1.0,0.0,0.0,1.0,0.0
5.268318046633799,0.2190292160009165,4.901070496485269,1.0,0.0,1.0,1.0,0.0
2.83761491520386,1.7589754596058296,0.7962027822114742,1.0,0.0,0.0,1.0,0.0
21.726140235210256,0.8151333620913325,5.055372197846213,1.0,0.0,0.0,0.0,0.0
71.10461373608611,0.0180308698829399,0.5257919355903801,1.0,1.0,0.0,1.0,0.0
298.90745513285395,10.300285478322133,0.2402483383991193,1.0,0.0,0.0,1.0,1.0
69.95614051805939,0.270392464313309,1.2463002645751728,1.0,1.0,0.0,1.0,0.0
3.72937646162471,0.4405996892634252,0.7660262287464876,1.0,1.0,0.0,1.0,0.0
20.27462568969601,0.4189851056266709,3.8949628863996417,1.0,0.0,0.0,0.0,0.0
11.75451304800814,91.76277308951173,1.019582682531765,1.0,0.0,0.0,0.0,0.0
7.223989233426521,0.4043379826732478,2.764375284519057,1.0,1.0,0.0,0.0,0.0
3.107416482057094,0.1619484552322693,0.7977636906144701,1.0,0.0,1.0,1.0,0.0
3.609820445535708,0.597538760063673,1.8736646897039604,1.0,0.0,0.0,1.0,0.0
0.6005206927111015,5.341935247173237,0.90709261436414,0.0,0.0,0.0,1.0,0.0
33.95519420424056,0.9734598362932884,0.2988609369115636,1.0,0.0,0.0,0.0,0.0
35.68680082847085,0.0769116449705513,1.9726046090505651,1.0,0.0,0.0,1.0,0.0
1.888478008941029,2.7842602162413,3.2594972625740657,0.0,0.0,0.0,0.0,0.0
84.38762894938138,1.550260036639939,0.4011235405871121,1.0,0.0,0.0,1.0,0.0
8.983780365345785,0.3553060741252278,1.5882106515387202,1.0,0.0,0.0,0.0,0.0
6.358056863959545,0.1568961171689211,1.1937553835928811,1.0,1.0,0.0,1.0,0.0
283.7761812197859,0.9256099396248306,1.7808218306705923,1.0,1.0,0.0,1.0,0.0
8.396269232917216,0.6894413484577335,16.46319949901432,1.0,0.0,0.0,1.0,1.0
1.423020409530785,10.333600813602713,0.1934237755727262,0.0,0.0,0.0,1.0,0.0
114.44666964065992,0.3828931866561457,0.3197066017223609,1.0,0.0,0.0,1.0,1.0
128.46966327396544,0.2065220916718894,2.4755534812125752,1.0,0.0,0.0,1.0,1.0
1.5385532246873832,2.723225839278309,0.2936580585712907,0.0,0.0,0.0,1.0,0.0
24.615566799494022,0.0638681536020437,1.3530047458469443,1.0,1.0,0.0,0.0,0.0
2.1908484338193994,2.014414834865211,1.0614863491470914,1.0,0.0,0.0,1.0,0.0
5.172436446408901,0.7521661682397263,2.0758134662269705,1.0,1.0,0.0,1.0,0.0
187.9578564935641,3.581392125561168,0.6392680862300567,1.0,0.0,0.0,0.0,0.0
17.143056459196437,0.414486716001647,0.375665296959953,1.0,0.0,0.0,1.0,0.0
3.3143089743962797,0.8740704703809898,0.7107114163706968,1.0,0.0,0.0,1.0,0.0
7.018476451817304,11.70325653729405,0.855409376491677,1.0,0.0,0.0,1.0,0.0
5.22677918328145,10.907692717898795,5.114793436701168,1.0,0.0,0.0,1.0,1.0
2.6870736965466557,3.7883361042652823,1.8352718362609777,1.0,0.0,0.0,0.0,0.0
90.74675476876553,22.363087082517,0.8393986740868079,1.0,0.0,1.0,1.0,0.0
18.65248549937051,0.4405118280339922,0.7184111298781348,1.0,0.0,0.0,1.0,0.0
12.966043427067364,0.3391216887533343,2.708895465667343,1.0,0.0,0.0,0.0,0.0
12.954517099829792,2.7464551181552403,2.054653047204493,1.0,0.0,0.0,1.0,0.0
8.922762904632817,6.429991649850892,0.2815391695764973,1.0,1.0,0.0,1.0,0.0
1.29320936210991,7.371653112008888,0.18059006893286,0.0,0.0,0.0,0.0,0.0
15.174779861959854,6.719207660963962,5.0199645215892525,1.0,0.0,0.0,1.0,1.0
26.44647888751629,0.058115098172354,0.6564078647179665,1.0,0.0,0.0,0.0,0.0
13.463989943980216,0.0506534193038892,2.9237825610355177,1.0,0.0,0.0,0.0,0.0
27.508938411550574,0.0922708733191565,0.5192300995945335,1.0,0.0,0.0,0.0,0.0
50.54219213872607,0.1760006753445701,1.1588492667395525,1.0,1.0,0.0,1.0,0.0
11.6559530530623,21.680445825856584,4.191273465149811,1.0,1.0,0.0,0.0,0.0
0.4607011619992697,0.0277257597571968,3.704170815689576,0.0,0.0,0.0,1.0,0.0
1.362472599216276,1.6517239583598158,0.1833795715463484,0.0,0.0,1.0,1.0,0.0
19.88296166456562,57.16944489877165,1.164288142457795,1.0,1.0,0.0,1.0,0.0
16.456622964368737,0.1151538341624019,0.8020744129195108,1.0,1.0,0.0,0.0,0.0
7.562594703468447,0.6518567407829665,0.3428983666723138,1.0,0.0,1.0,0.0,0.0
6.745735792695944,0.4162833687106894,2.869958966064828,1.0,0.0,0.0,1.0,0.0
79.92987603714877,4.260782744646581,1.0860940981656684,1.0,0.0,1.0,1.0,0.0
18.00136016820546,0.0279768230934032,0.8935095062155042,1.0,0.0,0.0,1.0,0.0
3.021167154261092,0.3032275772683367,4.612718217527532,1.0,1.0,0.0,1.0,1.0
2.939828492586593,0.0478823379159427,0.4191300143602612,1.0,0.0,0.0,1.0,0.0
20.32399709777821,0.0763338375150118,0.1723670664501784,1.0,0.0,0.0,1.0,0.0
2.9821930060512383,7.237342025528642,0.0999520146634322,1.0,0.0,0.0,1.0,0.0
21.457033812931865,0.4636391554423684,0.8935972093616202,1.0,0.0,0.0,1.0,0.0
6.094901146628238,0.1206391156128965,0.5175089307073459,1.0,1.0,0.0,1.0,0.0
17.18888614397822,0.7333251075357264,2.9444691060523804,1.0,0.0,0.0,1.0,0.0
36.576931032296045,2.826491971224111,1.38933413994801,1.0,0.0,0.0,0.0,0.0
0.7123856569314582,1.5382085605627718,0.865773985138733,0.0,0.0,0.0,1.0,0.0
2.9253372862890488,0.2053875858783601,0.3854514087261187,1.0,0.0,0.0,1.0,0.0
2.059453998082826,12.360238171607005,1.0866765803774443,1.0,1.0,0.0,1.0,0.0
4.456254169464085,2.0327321575353943,0.3255557300758854,1.0,0.0,0.0,1.0,0.0
13.870500942338689,0.1585093755343933,1.0176235329280563,1.0,1.0,0.0,1.0,0.0
15.948187243572294,0.0196101612510611,0.7104431872352863,1.0,1.0,0.0,0.0,0.0
50.65696803422561,0.3717427843290711,4.144304793521546,1.0,0.0,0.0,1.0,1.0
15.340118361658591,0.2480681375344314,1.496886477605747,1.0,1.0,0.0,0.0,0.0
72.97678822821791,4.662176638993858,5.731651810555464,1.0,0.0,0.0,0.0,0.0
31.218279746298062,0.1804630296592479,0.9433467470858112,1.0,1.0,0.0,0.0,0.0
0.540728664787203,9.350254853139395,1.6253476536460922,0.0,0.0,0.0,1.0,0.0
16.83666776292538,0.8502723631208613,2.947070353236036,1.0,1.0,0.0,1.0,0.0
19.29858100175637,0.2896388850290779,0.5133462728155586,1.0,1.0,0.0,1.0,0.0
1.5302233718939138,0.61520871982656,1.972854125127187,0.0,0.0,0.0,1.0,0.0
5.365519651212899,0.4237382323026827,0.5944077961596301,1.0,1.0,0.0,1.0,0.0
2.156191603532637,1.0718421452550446,1.4323451061710528,1.0,1.0,1.0,1.0,0.0
48.40321261189077,0.8619003030705843,2.4817938650452094,1.0,0.0,0.0,0.0,0.0
14.63803965123958,0.1233281334679458,4.962429083068875,1.0,0.0,0.0,0.0,0.0
37.03045831515156,0.8630143999257494,0.7667852299451655,1.0,0.0,0.0,1.0,0.0
4.629842370788214,9.482145349944329,1.1197047003699974,1.0,0.0,0.0,1.0,0.0
8.492471277206807,1.2781858309972125,0.3593466737261434,1.0,0.0,0.0,0.0,0.0
35.811871778311726,1.582335377201721,0.5540384745162555,1.0,1.0,0.0,1.0,0.0
35.93672418453709,1.332387358400365,1.476401852202886,1.0,0.0,0.0,0.0,0.0
3.2645574909953776,4.582724089840462,0.4441440544053633,1.0,1.0,1.0,1.0,0.0
8.521330966788927,0.2585216025782866,0.8086753828204728,1.0,1.0,0.0,1.0,0.0
5.872597876078276,5.444230395402492,0.1250044312317987,1.0,0.0,1.0,1.0,0.0
13.371254840509437,3.089983316088468,1.571752162251531,1.0,0.0,0.0,0.0,0.0
7.399131716533502,6.018498353346489,0.5123459318828422,1.0,0.0,0.0,1.0,0.0
0.9270475263282354,0.443185277904372,1.6379478788158417,0.0,1.0,0.0,0.0,0.0
62.261552258105,5.938169550362543,0.9415712556558932,1.0,0.0,1.0,0.0,0.0
2.4651543423651794,0.8118745226024014,1.2556968998659577,1.0,1.0,0.0,0.0,0.0
8.114815525727026,0.2098884281090907,1.290283225748416,1.0,1.0,0.0,1.0,0.0
8.64307690599011,4.16884831826771,0.2317070816016343,1.0,0.0,0.0,0.0,0.0
2.983862758279856,0.8349217630799483,1.6184579714642773,1.0,1.0,0.0,1.0,0.0
2.227329061445999,6.484004637220464,1.7317217081040706,1.0,1.0,0.0,1.0,0.0
0.4424297613104303,29.621746713399137,0.3281761056436158,0.0,0.0,0.0,0.0,0.0
45.745037789651576,13.765441187038586,0.3960088957654092,1.0,1.0,0.0,1.0,0.0
0.5876597606296536,0.2029404433629158,0.2103993545550855,0.0,1.0,0.0,0.0,0.0
11.458907585863985,0.2650156791065002,0.5846806033397499,1.0,0.0,0.0,0.0,0.0
2.612391667654397,0.3959957504777181,0.1258997644773402,1.0,1.0,0.0,1.0,0.0
1.720457699813566,20.46780542464341,0.4912562625870489,0.0,0.0,0.0,1.0,0.0
55.78961317480914,12.9465368722121,0.9726658009780657,1.0,1.0,0.0,0.0,0.0
2.739135923116468,0.2545614380373682,0.4176028461190337,1.0,1.0,0.0,1.0,0.0
12.87892151858209,1.534046579042391,0.6627983057157144,1.0,0.0,0.0,1.0,0.0
41.641172912656366,0.3219390562097552,1.9539194954301415,1.0,1.0,0.0,0.0,0.0
11.173823000843242,0.4623003387048118,0.3304680846364181,1.0,0.0,0.0,1.0,0.0
52.82403561667871,0.2834956608323585,0.761638282390351,1.0,0.0,0.0,1.0,0.0
1.5814195443307708,4.035221311032071,0.826789903659243,0.0,0.0,0.0,1.0,0.0
5.468266365597222,7.078601757148226,0.5306513843813193,1.0,1.0,0.0,1.0,0.0
2.18371290252812,0.5219209206545314,2.2490872600222067,1.0,0.0,0.0,1.0,0.0
16.461069010756475,0.1143977960303195,0.6861166187980073,1.0,1.0,0.0,0.0,0.0
18.530816043702227,0.9189133957947112,4.577630318535629,1.0,0.0,1.0,1.0,0.0
5.385162188610192,0.0442941728353774,0.5869787066020503,1.0,0.0,0.0,1.0,0.0
1.4101582356572857,4.262125977755527,0.1030167752857422,0.0,1.0,0.0,0.0,0.0
1.5453871277946782,0.6863297336609206,5.14748064568804,0.0,0.0,0.0,1.0,1.0
1.3374902744186472,0.3736089929982102,2.0685556521683406,0.0,0.0,0.0,0.0,0.0
7.435713250033433,0.2262763887135498,3.0135155503402853,1.0,1.0,1.0,1.0,0.0
7.417850798831642,1.46024521597002,1.0746773326457533,1.0,0.0,0.0,1.0,0.0
43.72471072359397,1.87922165548434,7.610341419354699,1.0,0.0,0.0,1.0,1.0
5.348054661500018,0.0622072871340035,0.1180551268669997,1.0,0.0,0.0,0.0,0.0
0.5398263462945101,24.952068068281868,0.1433684785876762,0.0,1.0,0.0,1.0,0.0
8.56906051971573,3.9163890150653695,0.4393363879145676,1.0,0.0,0.0,0.0,0.0
5.212542812829752,1.3789826722643903,1.005647279824458,1.0,1.0,0.0,1.0,0.0
7.035899095461213,1.878747243657645,1.8629410209388544,1.0,0.0,0.0,1.0,0.0
0.864019300753133,0.7653135400075972,0.230235510617502,0.0,1.0,0.0,1.0,0.0
7.108563399647104,4.954864764803799,1.566818492056117,1.0,0.0,0.0,1.0,0.0
37.21984849939847,0.1293458965879331,2.857769383453048,1.0,0.0,0.0,0.0,0.0
5.807966075888,0.0969918130591076,0.9073982531344796,1.0,0.0,0.0,0.0,0.0
16.141985933768193,0.4913096687475186,2.4796283955202387,1.0,1.0,0.0,1.0,0.0
6.422702315027228,5.210479826285623,12.21756444763535,1.0,1.0,0.0,0.0,0.0
10.452661583607764,0.3260285936576844,0.4231742616205424,1.0,0.0,0.0,1.0,0.0
77.62813825536985,0.9703665069790351,1.0679854467923722,1.0,0.0,1.0,1.0,0.0
1.1142848338659888,1.3006411314756958,1.7934351679549418,0.0,1.0,0.0,1.0,0.0
22.77398237771472,7.120606387191105,1.266772448182272,1.0,0.0,0.0,0.0,0.0
3.620453842045875,0.7635240786565787,0.5115276079204663,1.0,0.0,0.0,1.0,0.0
18.269017992190765,0.4719227152612369,5.046300727326363,1.0,1.0,1.0,1.0,0.0
4.246431678392714,3.8485491204431512,0.9735475564037,1.0,0.0,0.0,0.0,0.0
13.68392921984146,6.09136704847361,1.63804079954755,1.0,0.0,0.0,1.0,0.0
3.850785141502861,0.0677314386697749,2.2229838475539907,1.0,1.0,0.0,1.0,0.0
2.969376026683867,0.6168734722811433,0.2366142502755084,1.0,1.0,0.0,1.0,0.0
49.50370150681951,39.762815373848085,2.135905876196942,1.0,0.0,0.0,0.0,0.0
31.60641306668948,4.579381996709819,3.807632432363184,1.0,1.0,0.0,1.0,0.0
17.305680144079517,0.1208247218206649,1.137385851246392,1.0,0.0,0.0,1.0,0.0
44.58091940948171,12.04173420237272,0.6876956140137068,1.0,0.0,0.0,0.0,0.0
24.960007933879,0.2904077711557454,1.355493260097714,1.0,1.0,0.0,1.0,0.0
10.210202707003008,0.146247913144622,0.2414126647027805,1.0,1.0,0.0,1.0,0.0
14.33126226345939,12.170404140323294,0.2882635815033684,1.0,1.0,0.0,0.0,0.0
7.779394221796885,1.836199288741613,3.064231583966395,1.0,0.0,0.0,1.0,0.0
4.032753935327069,3.183528769033145,1.296192739665614,1.0,0.0,0.0,1.0,0.0
1.6109465690682343,4.678934519317125,1.2698059437877884,0.0,1.0,0.0,1.0,0.0
3.605395658752688,0.4508885312448084,1.6040742908338268,1.0,0.0,0.0,1.0,0.0
4.070055530965909,0.0988012815611675,6.113708588832774,1.0,1.0,0.0,1.0,1.0
107.36702415797726,0.4014857115445923,5.008412884652836,1.0,0.0,0.0,1.0,1.0
15.812265234136504,269.16270584320307,1.8610731602058463,1.0,0.0,0.0,0.0,0.0
2.5579161800032346,0.0865175164891933,0.8068948673968582,1.0,1.0,0.0,0.0,0.0
35.63009511662763,0.3188554558939092,2.206745881535149,1.0,0.0,0.0,0.0,0.0
33.346075246292095,0.6234365004510637,0.0929822071634216,1.0,1.0,0.0,0.0,0.0
22.361569399224955,0.2725409595409998,1.0306325044429503,1.0,0.0,0.0,1.0,0.0
16.47535060698206,103.41224701277012,0.1324491101099585,1.0,0.0,0.0,1.0,1.0
2.354308346449768,0.2463251159986222,1.7519680134908011,1.0,0.0,0.0,1.0,0.0
10.312459422960648,4.479183883089668,0.3365434836972409,1.0,0.0,0.0,0.0,0.0
8.916731869112283,0.1740618966371829,0.3292578305738641,1.0,1.0,0.0,1.0,0.0
34.53629332481257,0.2308411644362374,1.4889094346722014,1.0,0.0,0.0,1.0,0.0
60.25884119344668,14.818300060681684,0.2022910909143747,1.0,1.0,0.0,1.0,0.0
4.90975339452795,2.39494790810691,0.8342344397997071,1.0,0.0,0.0,1.0,0.0
3.5547067561684047,0.4395998987323993,0.3000320819346356,1.0,0.0,0.0,1.0,0.0
1.359886533397859,5.07449125299717,3.4870719591883894,0.0,0.0,0.0,1.0,0.0
15.493327543836884,26.950192298429112,0.5036893766250689,1.0,1.0,0.0,1.0,0.0
12.69408843116958,0.1181545467801543,1.9819723043216928,1.0,0.0,0.0,1.0,0.0
8.159126150805047,0.0706381984643253,0.4089296399341727,1.0,0.0,0.0,0.0,0.0
442.3743505601376,0.1539837514614568,3.302933510850506,1.0,0.0,0.0,1.0,1.0
2.966674305549604,0.1564675795063136,2.259392112546523,1.0,0.0,0.0,1.0,0.0
8.05687643792101,0.0956028457492297,5.167311796516191,1.0,1.0,0.0,1.0,1.0
18.411609665191524,0.4244260137051961,2.193578352240504,1.0,1.0,0.0,1.0,0.0
85.79865964839564,0.0711539960668414,0.2878936817800931,1.0,0.0,0.0,1.0,0.0
14.107103791565972,7.501798835780282,0.9197562517483984,1.0,0.0,0.0,0.0,0.0
61.12910364850598,0.6068033602064055,0.9773933668234808,1.0,0.0,0.0,1.0,0.0
0.9513609105424504,0.2218890735906945,0.2962846616866183,0.0,0.0,0.0,0.0,0.0
9.707408154701104,127.17911950733809,2.1722263758895988,1.0,0.0,0.0,1.0,1.0
2.452398968797328,1.5224216081278068,1.751440825045214,1.0,0.0,0.0,1.0,0.0
18.34415795739069,0.652382360173363,0.4444203575212104,1.0,1.0,0.0,0.0,0.0
3.334222805507615,24.35505772668854,1.2433736776471171,1.0,0.0,0.0,1.0,0.0
4.544062311467978,0.5845388673576996,0.46595802472927,1.0,0.0,0.0,1.0,0.0
15.608204517619,0.4620297028547075,2.915675340508374,1.0,0.0,0.0,1.0,0.0
2.7753718156026204,0.5883399219091693,0.9134104640867606,1.0,0.0,0.0,1.0,0.0
6.797844719134593,0.0297313931408412,0.1477064483148366,1.0,0.0,0.0,0.0,0.0
9.757134139942178,0.0140571307218627,0.3333761901356514,1.0,1.0,0.0,0.0,0.0
15.08511744216486,2.330688042183704,0.9399224852640248,1.0,1.0,0.0,1.0,0.0
20.932510103442887,2.329525249946347,0.0692021001675562,1.0,1.0,0.0,0.0,0.0
34.17962215713556,0.3777294105603478,1.7553683179306605,1.0,1.0,0.0,1.0,0.0
28.431107671814956,32.99309896389288,0.5399750030546,1.0,1.0,0.0,1.0,0.0
17.09640221050317,7.827416261755554,2.551348841232345,1.0,0.0,0.0,1.0,0.0
72.76621621513439,0.0329265167094796,0.5824621611297452,1.0,1.0,1.0,1.0,0.0
15.729106225978075,6.65620535748825,5.335892332108892,1.0,1.0,0.0,1.0,1.0
5.03779643711418,4.387068186696241,0.9007771247489632,1.0,1.0,0.0,1.0,0.0
2.14731575019494,0.0221226696419827,1.2158024350642815,1.0,0.0,0.0,0.0,0.0
12.181930455165228,0.8132442851879659,1.3823024937281956,1.0,0.0,0.0,1.0,0.0
47.01482591567675,1.097119194348093,1.0413584058529035,1.0,0.0,1.0,1.0,0.0
19.128196026409917,0.1230644031567983,0.3006349775621477,1.0,1.0,0.0,0.0,0.0
9.823534694477244,1.132815945348976,0.2682241140760196,1.0,0.0,1.0,0.0,0.0
4.372693057312416,0.2820591235150527,0.2342570165399346,1.0,0.0,0.0,1.0,0.0
2.557557452819571,3.571394472018216,1.0517682702494378,1.0,1.0,0.0,0.0,0.0
17.085820986576493,0.0212098508717525,0.8035848314116298,1.0,0.0,0.0,0.0,0.0
24.4616625205068,0.5644538527301187,1.3819206830477486,1.0,0.0,0.0,1.0,0.0
3.103841002386205,7.551922409497638,0.1728900605541182,1.0,1.0,0.0,1.0,0.0
14.633859017106992,7.215955750264714,0.8938193555802092,1.0,0.0,0.0,0.0,0.0
1.6307871435884254,0.2080936592231796,2.9021925185659514,0.0,0.0,0.0,1.0,0.0
17.464115406046975,0.3168839615717985,0.1948255955812404,1.0,1.0,0.0,0.0,0.0
10.180588850378143,0.431005239585592,3.107285358752583,1.0,0.0,0.0,1.0,0.0
1.2003215111364904,2.853228704444449,0.7227045103429902,0.0,0.0,0.0,0.0,0.0
16.26771894800524,1.8142302960677736,1.3568199129069918,1.0,0.0,0.0,0.0,0.0
5.704008380031793,7.532259778263846,0.9083998209979794,1.0,0.0,0.0,0.0,0.0
21.633598625576656,6.0684117760376735,0.484591475045535,1.0,0.0,0.0,1.0,0.0
6.113304302278675,4.167088551556398,2.4770834616349373,1.0,0.0,0.0,1.0,0.0
53.74006741748181,2.460588850315055,0.8046791813529693,1.0,0.0,0.0,1.0,0.0
8.73716309457056,10.338873020157893,5.121209145426725,1.0,0.0,0.0,1.0,1.0
63.70761305980366,0.537654840339264,3.1839676377721657,1.0,1.0,0.0,1.0,0.0
58.41774288543798,0.0975433113398425,0.6326928413828841,1.0,0.0,0.0,0.0,0.0
29.162697857805806,0.4146641649263177,5.224027973034641,1.0,1.0,1.0,1.0,0.0
91.19420571041223,0.3190869003504985,1.038831848466938,1.0,0.0,0.0,1.0,0.0
1.250937099658808,0.3193192800073735,2.56939109102817,0.0,0.0,0.0,0.0,0.0
0.7665665986904056,8.165568600464324,0.4997121673296119,0.0,1.0,0.0,1.0,0.0
9.061955364396612,1.206394706541048,5.533257933855566,1.0,0.0,0.0,1.0,1.0
52.37764979281714,2.0180197035083367,0.7837562466944401,1.0,0.0,0.0,1.0,0.0
3.617130408603728,0.1292020197634392,0.98467874483953,1.0,0.0,0.0,1.0,0.0
53.28554948545749,0.3383500319901538,0.4446364215993706,1.0,0.0,0.0,0.0,0.0
2.0776366402986786,0.9054726033848152,2.727655774569677,1.0,0.0,0.0,1.0,0.0
18.813847105816382,3.9729503333125455,2.5169630619350785,1.0,0.0,0.0,0.0,0.0
84.96408555472871,0.1543732286047071,4.408155423399595,1.0,0.0,0.0,1.0,1.0
8.942371472633265,0.0503113813021933,0.3382527574075605,1.0,0.0,0.0,1.0,0.0
55.97481240046088,3.576851720638062,3.4283112871877357,1.0,1.0,0.0,1.0,0.0
47.06917873881892,0.0363982588588138,0.8406230779439477,1.0,0.0,0.0,0.0,0.0
20.788534219822346,0.2148900006765919,0.2587955499121501,1.0,0.0,0.0,1.0,0.0
36.010038870545344,3.963712977603608,3.1763380681180733,1.0,1.0,0.0,1.0,0.0
17.761642783058175,0.59938011047562,3.0285910538140954,1.0,0.0,0.0,1.0,0.0
8.111777634675562,0.0492951365415935,0.0253577986955349,1.0,0.0,0.0,1.0,0.0
13.829136686195286,0.0718230941257816,0.4448070264263669,1.0,0.0,0.0,1.0,0.0
17.631530120503065,0.2324128076304691,2.288500948567258,1.0,0.0,0.0,0.0,0.0
647.701559947685,10.542997943600158,0.6826553278074655,1.0,0.0,0.0,1.0,1.0
6.838042648013892,0.0725415568344418,0.8613385816515083,1.0,0.0,0.0,0.0,0.0
18.73350063548919,0.2633904525348326,0.4625507439210314,1.0,1.0,0.0,1.0,0.0
3.330232352156117,0.0850906111626793,0.656205494412618,1.0,0.0,0.0,1.0,0.0
20.889822444788216,0.6316512405707851,0.5681931318847739,1.0,1.0,0.0,1.0,0.0
1.397538172532548,0.0337973167435809,1.158288455355287,0.0,1.0,0.0,1.0,0.0
11.672764059552737,5.935887957986631,1.949893095457368,1.0,0.0,1.0,0.0,0.0
22.12581823292744,2.9800685722852545,0.848328884431519,1.0,0.0,0.0,0.0,0.0
1.3950668219138294,4.119866484545264,1.17455970833189,0.0,0.0,0.0,1.0,0.0
5.938767168408818,0.5478303388224097,1.608602533461247,1.0,0.0,0.0,1.0,0.0
0.9314635781510586,2.621922102525517,2.067387040337728,0.0,1.0,0.0,0.0,0.0
13.128198464700022,0.3225846089744583,0.4324168018317754,1.0,1.0,0.0,1.0,0.0
1.5202543667967945,0.4623073358912395,0.314166024338826,0.0,0.0,0.0,0.0,0.0
5.369830020190744,0.071547076405727,2.0244685143413825,1.0,0.0,0.0,1.0,0.0
2.6584340174504786,0.3747051489254826,23.53453542442426,1.0,1.0,0.0,1.0,1.0
6.730835990459227,0.2575186665946659,0.4902196418157963,1.0,0.0,0.0,1.0,0.0
20.87899177802977,0.7314390851490535,0.6939063404457848,1.0,1.0,0.0,1.0,0.0
55.83991698626495,0.3190228411399405,0.0610709913407395,1.0,1.0,1.0,0.0,0.0
7.158216059327273,5.596138300263342,0.8146683661001649,1.0,0.0,0.0,1.0,0.0
3.238594602714291,32.9141681103332,0.4672000907917658,1.0,1.0,0.0,1.0,0.0
4.352102281861767,19.663474940404814,1.0762431937589452,1.0,0.0,0.0,1.0,0.0
7.130834960454227,0.939846744830783,0.3866590682149487,1.0,0.0,0.0,1.0,0.0
96.95650907862436,0.6358046907061776,8.961333770719298,1.0,1.0,0.0,0.0,0.0
22.940117896675783,2.5791346679585128,0.4845173441256801,1.0,0.0,0.0,1.0,0.0
18.80955071120361,2.9581050477138917,0.6583856760235355,1.0,0.0,0.0,1.0,0.0
2.6806735285156287,4.4955149092592,0.5485364916604495,1.0,1.0,1.0,1.0,0.0
3.1736654025221807,0.3093585577893575,0.4065641708733369,1.0,1.0,0.0,0.0,0.0
21.36554392242016,3.867649254100011,1.382649778197334,1.0,0.0,0.0,0.0,0.0
4.742098336457216,0.3947110972274482,0.1963896295567163,1.0,0.0,0.0,0.0,0.0
5.342698116039903,3.357049195249197,0.3015093674534084,1.0,0.0,0.0,1.0,0.0
3.079187659260935,3.681568740475172,1.3716857300429186,1.0,1.0,0.0,1.0,0.0
1.9148744281249377,13.339811974077842,1.672070337409851,1.0,1.0,0.0,1.0,0.0
23.79890473690004,0.4380960814181989,1.2876223941475409,1.0,0.0,1.0,1.0,0.0
0.6512064569842562,0.5059107722672809,1.4219046604968284,0.0,0.0,0.0,1.0,0.0
15.74712035593742,0.2829234623975387,10.709568229716648,1.0,0.0,0.0,1.0,1.0
10.165552086698062,17.360195380892332,2.866852450625612,1.0,1.0,0.0,1.0,0.0
13.243999586193224,0.1750881311744539,1.651425488732614,1.0,1.0,0.0,1.0,0.0
10.715969880843083,47.56510334716055,0.4628792401125616,1.0,1.0,0.0,1.0,0.0
5.763611253738238,10.756699686771508,1.3419185580323598,1.0,0.0,0.0,1.0,0.0
21.666740448198876,0.0025748861442074,0.5876767911106154,1.0,1.0,0.0,0.0,0.0
1.5652953114462755,0.7216921161820853,0.5904556241676718,0.0,1.0,0.0,0.0,0.0
6.573200706327358,0.5391190476071465,1.3321945540263649,1.0,1.0,0.0,1.0,0.0
28.427375313150115,0.9410702487217436,1.8738726456298709,1.0,0.0,0.0,0.0,0.0
23.55093680254505,0.8917164772870938,8.788617155535547,1.0,1.0,0.0,1.0,1.0
107.1736566923403,14.232734726124718,0.2848188686782479,1.0,1.0,0.0,1.0,0.0
25.51644870756376,1.3642815541780149,0.7574143342186299,1.0,0.0,0.0,0.0,0.0
1.4689975794870702,0.5540248394697416,2.4552458065971656,0.0,0.0,0.0,1.0,0.0
18.72703821457981,2.847325964627017,0.4268200345577904,1.0,0.0,0.0,1.0,0.0
31.03214455096516,1.8798980297043195,0.5089474360248412,1.0,0.0,1.0,0.0,0.0
5.236473724377484,0.5240029716681228,0.0589040480171463,1.0,0.0,0.0,1.0,0.0
23.14012869747245,2.922026485143854,2.48258558856907,1.0,0.0,0.0,1.0,0.0
8.561963987228062,1.536468744863532,1.0525244553303887,1.0,1.0,0.0,0.0,0.0
12.631029201303194,12.4132285629698,0.2603932404539475,1.0,1.0,0.0,0.0,0.0
23.86510524320001,0.07361678670378,1.41744131673429,1.0,0.0,0.0,0.0,0.0
235.69298167643336,1.841536889745948,3.68102144948128,1.0,0.0,0.0,1.0,1.0
13.49713001382972,0.2502301192454388,0.086331709536633,1.0,1.0,0.0,1.0,0.0
12.363150772385769,0.683802182805159,3.484454371082497,1.0,1.0,1.0,1.0,0.0
11.8392519728154,0.1980935039557108,3.118307949121613,1.0,0.0,0.0,1.0,0.0
25.212191507622933,38.48226616060638,0.3854247506224859,1.0,0.0,0.0,1.0,0.0
3.296239944511177,13.683878720623946,1.7232094519394812,1.0,1.0,0.0,1.0,0.0
10.821871547530396,0.2740757892600136,0.6662455957077865,1.0,0.0,0.0,1.0,0.0
0.7065320980724252,0.4937420961510059,0.2937530526625878,0.0,0.0,1.0,1.0,0.0
6.034225698104219,0.0758791605626191,0.5011584245210328,1.0,1.0,0.0,1.0,0.0
38.5310192636612,0.063932654823251,0.4830940312605481,1.0,0.0,0.0,0.0,0.0
9.969942288768047,2.089431846854371,0.1961604573902087,1.0,0.0,0.0,0.0,0.0
3.8849677979169535,2.503904439862039,0.476006420256274,1.0,0.0,0.0,1.0,0.0
94.28927978542984,0.5351483379027293,0.5247055010639468,1.0,0.0,0.0,0.0,0.0
35.97564104698455,40.40452443896512,1.25846901530962,1.0,0.0,0.0,1.0,0.0
16.130539449123145,2.3715998547694013,0.2187421015054307,1.0,0.0,0.0,1.0,0.0
9.99588448885454,0.982366165780955,1.5209352686725175,1.0,0.0,0.0,1.0,0.0
46.50940288334992,641.4957517549875,0.6519373225107558,1.0,0.0,0.0,0.0,0.0
1.062552129698196,1.8911074088365727,2.470635263914392,0.0,0.0,0.0,0.0,0.0
13.979940717986434,1.012285357543111,0.228348558329716,1.0,0.0,0.0,0.0,0.0
22.378137079251918,1.7141702804012025,0.3888239260997422,1.0,0.0,0.0,1.0,0.0
2.389279279315584,1.792770614164793,0.5594313077717578,1.0,0.0,0.0,1.0,0.0
21.122105261054244,1.577282776527945,0.0405589053812928,1.0,0.0,1.0,1.0,0.0
5.862175166686922,0.7436590083258029,1.1489084141328565,1.0,1.0,0.0,1.0,0.0
913.944415821123,3.788264661699704,0.5893043688125172,1.0,0.0,0.0,0.0,0.0
0.8985587399905843,0.3387828765368695,1.2633978946980295,0.0,0.0,0.0,1.0,0.0
23.061866502660592,0.0080317319620403,9.21452849737467,1.0,0.0,0.0,0.0,0.0
9.441918016403138,0.5473740721134734,9.953553000965398,1.0,0.0,0.0,1.0,1.0
14.934006610799434,5.259378028261606,0.5534735972748429,1.0,0.0,0.0,1.0,0.0
21.12782570468984,0.0899196354096009,0.754028126894501,1.0,0.0,0.0,1.0,0.0
15.960623584601777,3.071074941923128,0.6992093602519521,1.0,0.0,0.0,0.0,0.0
12.67185406187174,2.6266919914129647,0.8239202464448424,1.0,0.0,0.0,0.0,0.0
51.43226434969797,3.726679178577749,1.9069615707187748,1.0,0.0,0.0,0.0,0.0
0.5178660368605018,2.817148568910925,0.603914836681613,0.0,1.0,0.0,0.0,0.0
12.075677238580685,0.3189285813372678,0.4915854481829079,1.0,1.0,0.0,1.0,0.0
6.108569624913313,2.8029917179033723,0.1324523487497606,1.0,0.0,1.0,0.0,0.0
2.9745902933355604,5.500321883910906,0.3936581739338756,1.0,0.0,0.0,1.0,0.0
2.9418952087913945,1.3474101373536922,2.6103662195053587,1.0,0.0,1.0,0.0,0.0
4.002458876391616,0.0251399464930334,0.3109526750041458,1.0,1.0,0.0,0.0,0.0
28.03230669874754,0.383214367602724,0.9940053966266124,1.0,1.0,0.0,1.0,0.0
37.68118188932085,6.642010181287454,4.059498454417325,1.0,0.0,0.0,1.0,1.0
2.1781981217387365,12.107985704351044,8.221075363950462,1.0,1.0,0.0,0.0,0.0
5.712181353021803,0.2619533605911321,0.9077713161976028,1.0,1.0,0.0,1.0,0.0
57.198830370419145,0.9533014359505592,2.063522231806027,1.0,0.0,0.0,1.0,0.0
3.719201337586693,0.1208733808203922,1.2803264761698607,1.0,0.0,0.0,1.0,0.0
28.83292023984023,0.1016809770387587,1.2879181797153134,1.0,0.0,0.0,1.0,0.0
2.512089324241463,0.2160557122738189,0.9499075810892612,1.0,0.0,0.0,1.0,0.0
10.701481135179732,1.2985597372910052,2.739689187610319,1.0,1.0,0.0,1.0,0.0
14.79735442400041,1.249537705961752,0.2816196018332844,1.0,0.0,0.0,0.0,0.0
4.151956253258874,7.697748631893189,0.7565505095513938,1.0,0.0,0.0,1.0,0.0
46.83652490021867,0.5452085936477639,3.805341930942357,1.0,1.0,0.0,1.0,0.0
3.154349664817013,2.584586644197884,3.0861951017476423,1.0,0.0,0.0,1.0,0.0
3.234987234529308,1.2450821619021444,2.0807109570757247,1.0,1.0,0.0,1.0,0.0
1.3603512698676694,0.44801463976633,2.4079948690525037,0.0,1.0,0.0,0.0,0.0
3.304660178760652,0.0719664925787344,0.1698073215097402,1.0,0.0,0.0,1.0,0.0
0.9064037306807076,1.3012856093518113,0.7995324362607408,0.0,0.0,0.0,0.0,0.0
2.7047098844386457,1.1921407806312037,1.970533886480338,1.0,1.0,0.0,0.0,0.0
11.77609293591162,4.41592459391833,0.7984336846682918,1.0,0.0,0.0,1.0,0.0
27.92526533794724,21.21106486369416,0.4887474205545135,1.0,0.0,1.0,1.0,0.0
58.44672058050568,0.1519655034961353,0.9449085375478988,1.0,0.0,0.0,1.0,0.0
41.03070700476432,0.1066694841927147,0.9245297742121924,1.0,0.0,0.0,0.0,0.0
16.042779859059966,34.17378059213678,0.8441609318679587,1.0,0.0,0.0,1.0,0.0
0.4873354652480926,2.6266038743715696,2.293990211532762,0.0,0.0,0.0,1.0,0.0
49.05456301043318,0.3561285141086558,2.15978735503616,1.0,1.0,0.0,1.0,0.0
18.42083665964865,3.438872654715155,1.3861803575345684,1.0,1.0,0.0,0.0,0.0
5.27352931398446,0.0632296084274127,0.797261542739688,1.0,1.0,0.0,1.0,0.0
3.14763714964192,2.875694157777543,2.9630091529867197,1.0,0.0,0.0,0.0,0.0
32.41520410868498,0.0307378255978054,0.2754461175060732,1.0,0.0,0.0,0.0,0.0
7.057028032829594,0.1722474450334126,4.670402046839436,1.0,0.0,0.0,1.0,1.0
1.9018068857858,14.155694399000758,2.273719080133537,1.0,0.0,0.0,1.0,0.0
1.6737482566632025,60.78969466631809,0.1233763300385494,0.0,0.0,0.0,1.0,1.0
1.1292309580424535,4.85569116909294,2.125463440560173,0.0,0.0,0.0,1.0,0.0
0.4236477703606137,0.140171284874315,0.0691542641012685,0.0,0.0,0.0,0.0,0.0
0.995205070180706,0.3834368485590051,0.2286313452020827,0.0,0.0,0.0,0.0,0.0
4.924097903116983,14.013686803879065,3.2850597166579694,1.0,0.0,0.0,1.0,0.0
10.88442734653083,8.344233488155218,1.9921306320534569,1.0,0.0,0.0,1.0,0.0
9.593920719583265,0.10411961745776,1.666567907429675,1.0,1.0,0.0,0.0,0.0
3.9805273978992255,0.0432447580804866,1.8957059499388893,1.0,1.0,0.0,1.0,0.0
16.832576087380215,1.0139400087715644,0.7752956519765287,1.0,1.0,0.0,1.0,0.0
35.458093621640245,0.855496562176794,0.2072507193239991,1.0,0.0,0.0,0.0,0.0
5.602637834940122,1.3387740011107947,0.3283581481680977,1.0,1.0,0.0,1.0,0.0
18.606782227751296,0.1007983855696218,0.0796692888311211,1.0,1.0,0.0,1.0,0.0
10.090769036718562,0.3030575526383195,0.7742912974318561,1.0,1.0,0.0,1.0,0.0
0.3048508970107287,0.0392174947055414,2.137391628676734,0.0,0.0,0.0,0.0,0.0
5.762371711315105,0.5787035370252273,2.3098459655058727,1.0,0.0,0.0,1.0,0.0
34.43205192546651,1.3366621462058377,0.101521985366799,1.0,1.0,0.0,1.0,0.0
106.95628936601398,2.326758167364428,1.535080962301333,1.0,0.0,0.0,1.0,1.0
101.5526609926723,1.3145250521920178,1.1909010374362894,1.0,1.0,0.0,1.0,0.0
10.221983397917988,0.2739875998517773,0.8127603287177401,1.0,0.0,0.0,1.0,0.0
26.82357872097891,14.345794652113495,0.4147744892620154,1.0,0.0,0.0,0.0,0.0
2.5951278507779847,0.8130275762191014,4.225523159887225,1.0,1.0,0.0,0.0,0.0
12.598856336209996,0.287626425149912,1.1769333122596823,1.0,1.0,0.0,1.0,0.0
4.298810716917832,17.15969443871062,2.350917636496382,1.0,1.0,0.0,1.0,0.0
14.496705749385654,0.436086049789825,0.1258112331696874,1.0,1.0,0.0,1.0,0.0
40.69535347280164,0.2185657435119264,0.6046049743808528,1.0,0.0,0.0,1.0,0.0
13.691014844456303,0.0178963090367512,1.1765170309554829,1.0,1.0,0.0,1.0,0.0
13.393767504729407,2.254412095676379,0.9877041381425248,1.0,0.0,0.0,1.0,0.0
15.626496429427554,0.6005599182002979,4.791862254668219,1.0,1.0,0.0,0.0,0.0
14.684973950251187,13.128452832605902,0.6871201019668741,1.0,0.0,0.0,1.0,0.0
363.5486522206399,3.798760803293777,1.1593720093814182,1.0,0.0,0.0,1.0,1.0
3.3542930211435307,8.932799870805002,0.4541627360114068,1.0,0.0,0.0,1.0,0.0
1.8905056262053697,7.539223303682119,0.1780411008687512,0.0,0.0,0.0,0.0,0.0
16.145359745991634,11.20024739670774,0.7976128008020676,1.0,0.0,0.0,1.0,0.0
14.64571610121293,6.103309850111603,1.1375755867927506,1.0,1.0,1.0,1.0,0.0
57.44812674401863,3.696801169876241,0.7950848269919903,1.0,1.0,0.0,1.0,0.0
1.5019842789173772,2.099641009829058,3.1160086417715096,0.0,1.0,1.0,1.0,0.0
10.364318442947864,9.96150888984433,0.3776301094516969,1.0,0.0,0.0,0.0,0.0
1.8777105566839587,0.9717726579989504,1.5590570734068905,0.0,1.0,0.0,1.0,0.0
91.14802711915488,0.2159635608005303,4.642170447079063,1.0,1.0,0.0,1.0,1.0
9.547598004730634,0.259330155850005,1.06007887990713,1.0,1.0,0.0,1.0,0.0
7.019325197484015,0.2110309078415717,1.241062769518008,1.0,0.0,0.0,1.0,0.0
10.13747889603397,2.440150247646499,0.2097107405462042,1.0,1.0,0.0,1.0,0.0
20.40667856372491,2.2591061240829817,0.5267471991659977,1.0,0.0,0.0,1.0,0.0
7.343453710037378,0.4611224633138097,1.337069880360727,1.0,0.0,0.0,0.0,0.0
50.881629930644095,6.512275576670623,0.5944920334707705,1.0,0.0,0.0,0.0,0.0
86.46507828445644,1.8494254376477608,1.2341747799227163,1.0,0.0,0.0,1.0,0.0
4.538521032984641,0.4826404258705392,1.298700801059533,1.0,0.0,0.0,1.0,0.0
226.44125535438545,2.7994861062115097,0.5215682328889302,1.0,0.0,0.0,0.0,0.0
23.686303177274016,3.061556079069601,0.3023104571763122,1.0,0.0,0.0,1.0,0.0
1.1029102968164586,1.5625770060483235,1.2744862273407376,0.0,1.0,1.0,0.0,0.0
2.2714429279848423,0.5435342247252266,2.3549634146788394,1.0,1.0,0.0,1.0,0.0
9.60770004910446,0.2385434839552974,0.0716341236990053,1.0,1.0,1.0,0.0,0.0
3.1236681043569483,1.1723913457732709,0.2761291627076701,1.0,1.0,0.0,0.0,0.0
34.07969715463081,11.08174228571304,4.670994513353231,1.0,0.0,0.0,1.0,1.0
1.8923049905036515,2.924617586817716,0.3404782539680818,0.0,0.0,0.0,1.0,0.0
1.9418405647101165,5.696671965262981,3.5215939415469943,1.0,0.0,0.0,1.0,0.0
6.100050221839703,2.048532104401584,0.862077246397579,1.0,0.0,1.0,1.0,0.0
36.74550688344632,1.6598453331618228,3.1532757155023488,1.0,1.0,0.0,1.0,0.0
1.8435441915783135,0.0959564174338808,1.8107537259432245,0.0,0.0,0.0,1.0,0.0
3.3679430178525096,23.06212545644978,1.3768560079811225,1.0,0.0,0.0,1.0,0.0
4.669433442912783,0.1412173422983027,7.806493033318429,1.0,0.0,0.0,1.0,1.0
2.603862391949108,0.0835411932971109,0.2770879352190073,1.0,0.0,0.0,1.0,0.0
3.113609855860995,5.1797045022592645,1.203955928876738,1.0,0.0,0.0,0.0,0.0
33.036152047018085,1.937104697711708,0.6641106187095607,1.0,0.0,0.0,0.0,0.0
3.385095175111783,6.440449167027638,2.5162219467945404,1.0,0.0,0.0,1.0,0.0
4.204610541909839,5.343622465248295,2.2332024699670137,1.0,1.0,0.0,1.0,0.0
16.070074027234142,1.8275830649859257,2.9213449619366187,1.0,0.0,0.0,0.0,0.0
9.288086903574808,1.4567476132428947,0.6441104847455646,1.0,0.0,0.0,1.0,0.0
2.2778790519953693,19.01965447629493,1.9815393883329868,1.0,0.0,1.0,0.0,0.0
20.40328952700569,0.2433679578179296,0.1014694666984039,1.0,0.0,0.0,1.0,0.0
5.296143570960378,0.0198971864296552,1.2722521902850006,1.0,0.0,0.0,1.0,0.0
4.882029985127716,7.731115399064053,0.5858281370599908,1.0,1.0,0.0,1.0,0.0
18.996568808198536,1.942275757803953,0.4263183350035784,1.0,0.0,0.0,1.0,0.0
2.289601749839586,11.244961448522696,0.3949447030733106,1.0,0.0,0.0,1.0,0.0
29.12116408595672,2.417594650503015,1.168043991315917,1.0,0.0,0.0,1.0,0.0
0.8274166129829492,0.1003581691395345,0.4709055923678763,0.0,1.0,0.0,1.0,0.0
3.594670847679428,0.1593879854705844,1.7924826494437012,1.0,0.0,0.0,1.0,0.0
2.412460950001702,8.200450216763716,0.9960250266718568,1.0,0.0,0.0,1.0,0.0
15.448001450777967,1.7032804695981043,0.8494066807401527,1.0,1.0,0.0,0.0,0.0
26.311373906562583,0.1198973192163383,6.227088134464315,1.0,0.0,0.0,1.0,1.0
1.6318476666229775,1.26590394334195,6.502185692682286,0.0,1.0,0.0,0.0,0.0
13.104417842850449,1.4500086911187002,0.1350659975109775,1.0,0.0,0.0,1.0,0.0
5.809236603460397,4.110880110234429,0.4992879529656254,1.0,1.0,0.0,1.0,0.0
0.9250482119230156,0.0913836976914033,0.8665562301348818,0.0,0.0,0.0,1.0,0.0
8.815966157525295,0.3418403607111036,0.0902218571140818,1.0,1.0,0.0,1.0,0.0
4.404353169917253,0.0733280808173485,0.3003497100658713,1.0,1.0,0.0,1.0,0.0
1.0731455193290882,0.3282803916388225,2.4691544277965902,0.0,0.0,0.0,1.0,0.0
3.2645942914209627,0.4581492887772802,4.5045823360409445,1.0,0.0,0.0,0.0,0.0
22.417509433718237,0.0544823995436428,0.9958853948244464,1.0,0.0,0.0,1.0,0.0
22.767798166453986,9.246712817566689,0.3119300715416784,1.0,0.0,1.0,1.0,0.0
66.15809757355407,0.1689444693206936,0.2562467396536408,1.0,1.0,0.0,1.0,0.0
74.19514607771352,6.378046352454416,0.1246528073694954,1.0,0.0,0.0,1.0,0.0
11.852957761625268,0.1423832340602717,0.9703272794015594,1.0,0.0,0.0,0.0,0.0
102.60251818014676,0.2303860170298798,4.7542797783501385,1.0,0.0,0.0,1.0,1.0
4.792630226315434,2.004150117635251,0.6504851750758,1.0,1.0,0.0,1.0,0.0
33.94433158428598,1.1446278244270591,0.5185527685392651,1.0,0.0,0.0,1.0,0.0
43.82085926769054,0.7916758960014765,0.6373686673156947,1.0,1.0,0.0,0.0,0.0
8.660371327778115,0.2136944846051345,1.1619404525557009,1.0,0.0,0.0,1.0,0.0
29.43488750211886,2.6998613733117454,1.0162374230186442,1.0,0.0,0.0,1.0,0.0
1.2196686294513943,0.0350487622993534,2.085003198732176,0.0,0.0,0.0,1.0,0.0
3.2576442902424603,2.4902784623755787,0.9903641028501224,1.0,1.0,1.0,0.0,0.0
69.47046929383083,0.1481672409038777,0.2471396245952213,1.0,0.0,0.0,1.0,0.0
19.67266490130083,0.6071986061382112,1.002385859887314,1.0,1.0,0.0,1.0,0.0
13.817245257738003,0.0337943552409032,4.899328920238306,1.0,0.0,0.0,1.0,1.0
21.451574475324417,0.253367532469357,2.3230287086835166,1.0,0.0,0.0,0.0,0.0
40.982379028325305,2.1343340961205586,1.3600067475777344,1.0,1.0,1.0,1.0,0.0
19.96250043790165,44.26699006420861,2.896055752867764,1.0,0.0,0.0,1.0,0.0
34.36082878131342,0.1710659427944413,2.420950732155861,1.0,1.0,0.0,1.0,0.0
1.727298102255468,0.27460650491582,1.0397678489686113,0.0,0.0,0.0,1.0,0.0
13.14641953307244,2.662898385109885,1.4590925944967468,1.0,1.0,0.0,1.0,0.0
37.4936197551714,3.416513322585631,1.8788903026344013,1.0,1.0,1.0,0.0,0.0
31.610590410692087,3.3834039252679555,0.3733158697938696,1.0,1.0,1.0,0.0,0.0
12.515018507520098,0.0152252832917162,0.2947527182961982,1.0,1.0,0.0,1.0,0.0
2.802831013307133,1.1137389243639788,0.7677259482571861,1.0,0.0,0.0,1.0,0.0
9.801457365833135,37.31497727379769,12.137601516625844,1.0,0.0,0.0,1.0,1.0
8.211303979919727,1.8132413044440736,0.97340536147423,1.0,0.0,0.0,1.0,0.0
17.174268033836835,1.49986411616664,0.4883743114213998,1.0,0.0,0.0,0.0,0.0
0.5236216032727264,14.690472358393494,3.941355553767786,0.0,1.0,0.0,1.0,0.0
31.406442826708457,0.1979108337596399,0.1408046784268184,1.0,1.0,0.0,0.0,0.0
47.05870147390171,0.2447305757791553,2.255820268946046,1.0,0.0,0.0,1.0,0.0
3.3838144904197454,0.1736933497217955,0.6443337158501562,1.0,0.0,0.0,1.0,0.0
26.055175358137596,0.4774257772046856,0.4186409160826687,1.0,0.0,0.0,0.0,0.0
9.299248347184092,0.1517597625161001,1.1389801188749666,1.0,0.0,0.0,0.0,0.0
8.521056982692379,0.094121830711725,1.4266588147546375,1.0,0.0,0.0,0.0,0.0
1.5299272074773855,0.3104428626428719,0.6652021058507578,0.0,1.0,0.0,1.0,0.0
18.077188735166708,0.6578445716994075,2.408504376466572,1.0,0.0,0.0,1.0,0.0
2.268652832468789,0.5433884187461622,32.756894830476696,1.0,0.0,1.0,0.0,0.0
11.865008242442078,7.099342635930029,0.9654121846667816,1.0,1.0,0.0,0.0,0.0
3.586609940999604,0.4420448965451453,0.954698923176767,1.0,0.0,0.0,0.0,0.0
0.9706375195218524,3.4617580191592072,1.272465121631334,0.0,0.0,0.0,1.0,0.0
1.4900652559980057,0.7991566004250406,0.3771269361332924,0.0,0.0,0.0,0.0,0.0
4.814192415456773,0.5597991093888747,0.7343422825596431,1.0,1.0,0.0,1.0,0.0
5.283436347557788,0.6727451279402306,2.1851982302731274,1.0,0.0,0.0,0.0,0.0
12.521319963165446,1.1698673164611602,5.789525755699046,1.0,0.0,0.0,0.0,0.0
3.935851436190972,11.358725578929214,0.2377885220319759,1.0,0.0,0.0,0.0,0.0
15.462632715639058,0.7818340605256793,0.2646193567124141,1.0,0.0,0.0,1.0,0.0
68.51263613306163,5.049763928263236,3.4807977233992107,1.0,0.0,0.0,0.0,0.0
3.096297889681908,0.2131522820977537,5.562603505324337,1.0,0.0,1.0,1.0,0.0
4.716463842811357,0.4873439324332882,0.5203405450818596,1.0,1.0,0.0,0.0,0.0
57.57298233007244,0.6950747390352021,1.793034808033433,1.0,0.0,0.0,1.0,0.0
34.698053650133865,1.4145015545983273,4.397286274438229,1.0,0.0,0.0,1.0,1.0
11.509227086268067,3.434190094636154,0.4124299564409679,1.0,1.0,0.0,0.0,0.0
26.649059516300017,0.0271370398698488,9.7739413855139,1.0,1.0,0.0,0.0,0.0
8.873428148338654,1.1933590578737006,0.9172551553138965,1.0,1.0,0.0,1.0,0.0
4.854854486608329,7.732422717302425,0.1253023992127867,1.0,1.0,0.0,1.0,0.0
31.81928788551404,0.1200573756169414,3.374901165797084,1.0,1.0,0.0,0.0,0.0
9.486098198038896,0.0373625103725115,1.120727116691537,1.0,1.0,0.0,1.0,0.0
10.41977904535112,2.925972227376476,0.4905635024476124,1.0,0.0,0.0,1.0,0.0
12.45728780781856,0.3103160104962993,0.5223067259025362,1.0,0.0,0.0,1.0,0.0
19.679610143888947,18.3678727359768,0.6476121858656073,1.0,0.0,0.0,1.0,0.0
5.742389731162612,2.8286179368314017,0.3303931445231388,1.0,1.0,0.0,1.0,0.0
40.5275193353075,0.0798530731046655,0.265067451023327,1.0,1.0,0.0,1.0,0.0
0.839717360028675,0.7025690749803611,1.5935878035015656,0.0,0.0,0.0,0.0,0.0
2.120717570071793,0.0671780683461786,0.893028289459457,1.0,0.0,0.0,1.0,0.0
0.3534028619156816,1.8532097462367223,2.410783461919133,0.0,0.0,0.0,1.0,0.0
5.980320367603985,0.0457751228277431,1.131891832517438,1.0,1.0,1.0,0.0,0.0
28.895060721110024,10.909876362871264,1.7960785518935334,1.0,1.0,0.0,1.0,0.0
7.127056737689832,4.301839414375116,2.3063483849621598,1.0,0.0,0.0,1.0,0.0
17.40098751771527,29.33120297925428,1.9239978331711969,1.0,0.0,0.0,1.0,0.0
4.714417862470729,38.11191517164176,1.193430305909877,1.0,1.0,0.0,1.0,0.0
88.6362297473666,3.2285731574762324,0.950479902610633,1.0,0.0,0.0,1.0,0.0
25.028415748329262,4.300622058650336,0.9712271263332988,1.0,1.0,0.0,1.0,0.0
3.050278301674249,1.5792065088877398,2.213063881475628,1.0,1.0,0.0,0.0,0.0
9.57866025124836,0.0999912387399132,3.365566280059653,1.0,1.0,0.0,1.0,0.0
2.032994561647043,0.9963102367871464,0.8084863652812796,1.0,0.0,0.0,1.0,0.0
16.89714948636913,2.71111475651332,0.8307521720046347,1.0,0.0,0.0,1.0,0.0
10.269800598206,3.375613461095145,1.61736620971276,1.0,0.0,0.0,1.0,0.0
33.16194475312537,0.3214818762299791,0.1904231689414975,1.0,1.0,0.0,0.0,0.0
4.529022192751392,0.5029745427786759,4.609339045088017,1.0,1.0,1.0,1.0,0.0
3.0747965470729937,4.493265130212492,1.5884083848999802,1.0,1.0,0.0,1.0,0.0
20.397610893126107,1.814540712657102,1.9418971545718635,1.0,0.0,0.0,0.0,0.0
7.54443223065918,0.7266166376904203,0.6531204342283846,1.0,0.0,0.0,1.0,0.0
4.353831881576197,8.155294469056647,1.7089542647754146,1.0,0.0,0.0,1.0,0.0
22.8893208464798,0.2235316382224999,1.5105882331801204,1.0,0.0,0.0,0.0,0.0
9.430213085946107,3.350040734430891,0.4808020800169666,1.0,0.0,0.0,1.0,0.0
10.860980145154802,2.5591670694768958,0.6909599347469534,1.0,0.0,0.0,1.0,0.0
32.72899150531258,0.5086872362892418,11.498058054395022,1.0,0.0,1.0,0.0,0.0
48.79805352923397,0.1299256343517197,0.6756843548382083,1.0,0.0,1.0,0.0,0.0
3.814951634720124,0.6208279003290613,0.2794135914318228,1.0,0.0,0.0,0.0,0.0
4.488990725060888,4.809574208277031,0.6309808230263159,1.0,0.0,0.0,1.0,0.0
15.794112331170403,0.0253957781807377,0.2729442292348313,1.0,0.0,0.0,0.0,0.0
16.15124348631738,0.6522897974403193,6.52787521444067,1.0,0.0,1.0,0.0,0.0
81.62005656690538,3.341044451969994,1.008228634596435,1.0,0.0,1.0,0.0,0.0
22.632682081978484,0.2233697361654998,0.2965287301815297,1.0,0.0,0.0,1.0,0.0
5.88295240130077,0.7495081640115967,1.052850200039063,1.0,0.0,1.0,0.0,0.0
5.555706168735169,1.0122770747864978,0.5523301480867042,1.0,1.0,0.0,1.0,0.0
24.61596732662078,1.194646060610598,0.2744324468492586,1.0,1.0,1.0,1.0,0.0
12.860894420883076,0.180360039054706,0.5199746504331003,1.0,0.0,1.0,0.0,0.0
1.4108161120971634,1.3346579129202454,0.7838417802900098,0.0,0.0,0.0,1.0,0.0
1.2843447718128391,41.35248891509249,0.1925899278326671,0.0,1.0,0.0,1.0,0.0
39.70712470486924,0.0246223336354965,6.401516936375029,1.0,0.0,0.0,1.0,1.0
14.432323618350786,0.1026245776559856,2.0099979238922283,1.0,1.0,0.0,0.0,0.0
13.56470178385273,1.4751298278947225,0.6207257842859841,1.0,0.0,0.0,1.0,0.0
2.537332177547222,0.2334835554426329,20.96601119199331,1.0,1.0,0.0,0.0,0.0
6.490646038932575,3.664499032983901,1.4374312172102708,1.0,0.0,0.0,1.0,0.0
0.8709239391470146,0.2586708501538306,2.097258531795311,0.0,1.0,0.0,1.0,0.0
12.454461411116617,31.4995501506637,0.4160491099510507,1.0,1.0,0.0,0.0,0.0
2.8202308312269286,0.0547813344124992,1.5522558556258834,1.0,1.0,0.0,1.0,0.0
5.83935542290127,0.2399789267584654,1.7861122423738498,1.0,0.0,1.0,0.0,0.0
24.40221084311373,1.0471466142748986,0.535110166975341,1.0,1.0,0.0,1.0,0.0
20.210714455232875,0.0134809102744135,1.0022223276686624,1.0,0.0,0.0,0.0,0.0
1.4386704229828708,4.803649627176745,1.313032042976309,0.0,0.0,0.0,0.0,0.0
6.584896660310424,1.1949846979965868,0.4283285216574424,1.0,0.0,0.0,1.0,0.0
10.925252045525458,0.3365322073229529,26.29251451173453,1.0,0.0,0.0,1.0,1.0
79.34632606377988,0.2715980703492148,1.258011013309822,1.0,0.0,0.0,0.0,0.0
8.23703717345345,18.366015971477733,1.3322793073506731,1.0,0.0,0.0,1.0,0.0
1.5349133830796051,0.0718246728527988,0.2720398509020489,0.0,1.0,0.0,1.0,0.0
0.5339845364165977,0.4789792776151536,2.235465368374073,0.0,0.0,0.0,0.0,0.0
18.06435073035833,1.7027504507443294,3.254869554427793,1.0,1.0,0.0,0.0,0.0
6.752318201021776,0.117844184567978,2.0581073573401336,1.0,1.0,0.0,1.0,0.0
9.500572457599755,0.0377230798804406,0.839127254672722,1.0,0.0,0.0,1.0,0.0
5.377927231405912,71.57517591117897,1.062339435386532,1.0,0.0,0.0,0.0,0.0
83.36760331081298,4.209634849186075,1.3199007321899996,1.0,1.0,0.0,1.0,0.0
1.2900846315275996,1.8735404355845844,2.0401541726211017,0.0,0.0,0.0,1.0,0.0
2.745478740611446,16.11553846710381,0.2935157245575892,1.0,1.0,0.0,1.0,0.0
4.385667535003101,0.985253881500888,3.887553521727257,1.0,0.0,0.0,1.0,0.0
11.298316564562986,1.6941629652355954,2.208742354193149,1.0,0.0,0.0,0.0,0.0
6.562582547179424,4.159561960174603,1.7571826113173243,1.0,0.0,0.0,1.0,0.0
5.743897880881496,0.8084032216848417,0.8483444962515511,1.0,1.0,0.0,1.0,0.0
0.4242676845536429,0.1118728102783726,1.0818051708256484,0.0,1.0,0.0,0.0,0.0
12.52803582225044,4.1551083421748105,4.399120794111519,1.0,0.0,0.0,0.0,0.0
70.98538775211095,0.8216264828452843,0.2553314485431179,1.0,0.0,0.0,0.0,0.0
8.916003750500026,0.342737849143338,0.8185463546573706,1.0,1.0,0.0,1.0,0.0
8.357886738104835,4.705315591525827,0.4844719178184412,1.0,0.0,0.0,0.0,0.0
116.6586365679405,1.4930989993668236,2.262192839529446,1.0,0.0,0.0,1.0,1.0
3.4242456726856143,0.1961029508662155,4.50844974877972,1.0,1.0,0.0,1.0,1.0
11.27408789437152,1.6368929708494455,4.921584053355159,1.0,1.0,0.0,1.0,1.0
2.129761718046455,0.4098999419448261,0.3188758602295166,1.0,0.0,0.0,0.0,0.0
9.41112302903712,2.6195465723767417,0.3669164801073879,1.0,1.0,0.0,1.0,0.0
161.33245962046473,0.1456996811399467,1.2516052621138416,1.0,0.0,1.0,1.0,0.0
11.607890267820247,2.008873702339128,1.5591677372574655,1.0,1.0,0.0,0.0,0.0
27.98265953900962,0.418900615215983,0.1196994078414791,1.0,0.0,0.0,0.0,0.0
40.75665742402101,1.6271785491181163,0.2707806052686464,1.0,0.0,0.0,0.0,0.0
4.45401868316992,3.4591089916730557,0.714382072754894,1.0,1.0,0.0,1.0,0.0
0.9846545072700658,3.268702275220896,0.9563872675403856,0.0,1.0,0.0,1.0,0.0
2.832044402592921,0.5296499598288905,0.6231205947381795,1.0,0.0,0.0,1.0,0.0
28.990287955516937,1.5660071801498088,1.1906500269326787,1.0,1.0,0.0,1.0,0.0
31.103325610526344,5.094304501924047,4.866640454270138,1.0,0.0,0.0,1.0,1.0
0.5159138950555694,1.507469974996446,0.9270474576445086,0.0,0.0,0.0,0.0,0.0
14.597005197498673,1.4433286826513387,0.4495898589291131,1.0,0.0,0.0,1.0,0.0
10.944377045211258,0.0448230223899837,1.142575341896888,1.0,0.0,0.0,1.0,0.0
8.588889426687476,0.1260749854120342,3.0753058073098627,1.0,0.0,0.0,0.0,0.0
24.150404904160865,1.270901999759546,2.323013655172702,1.0,1.0,0.0,1.0,0.0
76.13187070830567,5.656953043949772,0.5597563241258126,1.0,1.0,0.0,1.0,0.0
16.18602486918715,5.949305288724886,0.3534229011948402,1.0,0.0,1.0,1.0,0.0
49.142415792191386,13.429054761402206,2.141692356548492,1.0,0.0,0.0,1.0,0.0
1.7054979603747695,0.4640920712781363,0.9665364994650568,0.0,1.0,0.0,1.0,0.0
22.91643785353647,0.1231514757881332,15.298910365514848,1.0,0.0,0.0,1.0,1.0
2.5426074904783844,0.4341305968935925,0.5110597045602772,1.0,0.0,0.0,1.0,0.0
3.5864305387301427,3.411173588344976,1.3575212464552988,1.0,1.0,0.0,1.0,0.0
15.533643412935808,1.2900624175385145,3.901605874478427,1.0,1.0,0.0,0.0,0.0
43.99541887054461,3.0654525576615974,0.4002839799546644,1.0,0.0,0.0,1.0,0.0
8.742223568873415,0.472576524213746,2.553476291414182,1.0,0.0,0.0,0.0,0.0
20.631663382673164,8.53983230733573,0.4012670809384892,1.0,0.0,0.0,0.0,0.0
9.10465831876681,4.018047515342105,0.3645008662333492,1.0,0.0,0.0,1.0,0.0
36.67665258744383,3.473980396317734,0.839301000544387,1.0,1.0,0.0,0.0,0.0
11.379392575311623,51.822733956046925,0.7928541880189727,1.0,0.0,0.0,0.0,0.0
2.3858617607346555,0.1713720775153542,1.6757441564603817,1.0,1.0,0.0,1.0,0.0
57.05299987244503,2.876662693746699,0.089113171563305,1.0,1.0,0.0,0.0,0.0
6.015523995624083,2.2948942105968757,0.1459509611726274,1.0,0.0,0.0,1.0,0.0
7.759290400962277,325.6041386790708,0.1552694567578565,1.0,0.0,0.0,0.0,0.0
26.004002375843083,0.040103560051125,1.2102644581514534,1.0,0.0,1.0,1.0,0.0
2.54326093166124,2.910136138192873,0.2915801400503053,1.0,1.0,0.0,0.0,0.0
5.312341694169312,1.641107438812805,0.6027624782487625,1.0,0.0,0.0,0.0,0.0
44.13963029580064,0.1593481603819151,1.8846651548769355,1.0,0.0,0.0,0.0,0.0
38.01199389120192,0.5921736816184382,3.631846871263892,1.0,1.0,0.0,1.0,0.0
6.194402928241501,4.980604104407339,1.9050751045888568,1.0,1.0,0.0,0.0,0.0
1.190019604555936,0.0352728133444349,5.152714977488225,0.0,0.0,0.0,1.0,1.0
25.438343571379093,0.2517520695853312,1.237124596512842,1.0,1.0,0.0,1.0,0.0
1.951675646814485,1.1644281199794455,0.7639890496013786,1.0,0.0,1.0,1.0,0.0
11.022649670344029,0.3265849982794675,0.2008672051102341,1.0,1.0,0.0,0.0,0.0
1.9192010097026293,7.868354353490152,19.66469662043677,1.0,0.0,0.0,1.0,1.0
92.61565772096084,2.4222705150389823,0.4875211878702394,1.0,1.0,0.0,1.0,0.0
14.804080013890246,4.66122493734812,0.4663966961572829,1.0,0.0,0.0,1.0,0.0
4.470950840977553,1.801629120494341,1.7827750316267168,1.0,0.0,1.0,1.0,0.0
9.54584846964075,0.2883308938238139,4.548511307290486,1.0,1.0,1.0,1.0,0.0
36.478134415217006,6.449417166772471,0.9293218795175509,1.0,0.0,1.0,1.0,0.0
15.38037501369002,0.1212622989875247,0.966066129944812,1.0,1.0,0.0,1.0,0.0
5.131468213758709,0.8813181939400166,1.876513058168748,1.0,0.0,0.0,0.0,0.0
11.301694995885873,3.600996995288288,0.2529909491484703,1.0,0.0,0.0,0.0,0.0
1.2559841807432075,0.9237097668916402,0.3008670692604665,0.0,0.0,0.0,0.0,0.0
16.71260488028714,0.0457788976026061,4.81358454252296,1.0,1.0,0.0,0.0,0.0
3.5772030658873084,3.922302767765656,0.8250553733582453,1.0,0.0,0.0,1.0,0.0
13.42687202962469,0.2017141289266615,1.501292435080869,1.0,0.0,0.0,0.0,0.0
2.161351310859541,0.6823599001427662,0.8525367760655898,1.0,0.0,0.0,1.0,0.0
2.2290824824599915,0.1907938070829483,3.3746141545220274,1.0,0.0,0.0,0.0,0.0
2.2858940993155503,0.9846754602674566,3.0617046122171154,1.0,0.0,0.0,1.0,0.0
64.25749881557032,1.0742899142547893,13.476401175355212,1.0,0.0,0.0,1.0,1.0
16.411773246740683,0.3393561569317488,2.626559624673567,1.0,0.0,0.0,1.0,0.0
1.4019080938061457,0.0250825684006874,0.7708974021183898,0.0,1.0,0.0,0.0,0.0
10.27651491833034,0.2849117350883356,0.685756877912187,1.0,0.0,0.0,1.0,0.0
5.3826570405077,1.163369813367917,2.5269894371108164,1.0,0.0,0.0,1.0,0.0
4.501432086643286,0.6108038106539645,22.630259718320332,1.0,1.0,0.0,1.0,1.0
40.89080396660928,4.2184315006543205,1.2771870864164292,1.0,0.0,0.0,1.0,0.0
30.208108964807,29.68235648984733,1.245222219172187,1.0,1.0,0.0,1.0,0.0
22.40338359625745,0.2656092245949675,5.210752554199402,1.0,1.0,0.0,0.0,0.0
0.4458778872522391,0.5730791527243908,2.4342583282496624,0.0,0.0,0.0,0.0,0.0
6.14257836658881,6.173745223239013,4.34954306843175,1.0,1.0,0.0,1.0,1.0
0.8150392632332607,0.8187161655823775,0.7674244719673486,0.0,0.0,0.0,0.0,0.0
1.523016016916606,1.0849753292248565,0.6549421388823213,0.0,0.0,0.0,1.0,0.0
18.403713575425837,7.074639320261591,0.588887592825444,1.0,1.0,0.0,1.0,0.0
18.260351200330412,1.2143593471139995,0.4346010089755928,1.0,1.0,0.0,1.0,0.0
1.387960395846815,0.1716336442717969,0.7444016780873144,0.0,1.0,0.0,1.0,0.0
0.9485225016202468,0.0588813117493915,2.785185529130126,0.0,0.0,0.0,1.0,0.0
1.0817198707090523,0.4912832125250321,4.819574333686422,0.0,0.0,0.0,1.0,1.0
1.6410075853839563,28.55433699708532,0.8084383420648207,0.0,0.0,0.0,1.0,0.0
7.203182771229038,6.477106771428597,1.5887730044779644,1.0,1.0,0.0,1.0,0.0
0.5695234736798251,0.0434530215393923,0.5638393736256099,0.0,0.0,0.0,0.0,0.0
6.47858298463157,0.2391548908933674,0.5990928676380316,1.0,1.0,0.0,1.0,0.0
5.794386084283913,11.898894724981972,1.8344859022016864,1.0,0.0,0.0,1.0,0.0
2.5504250878061847,8.515346584206448,0.4802192777712847,1.0,0.0,0.0,0.0,0.0
318.0401893176492,0.3749345912387549,0.4870106641216808,1.0,1.0,0.0,0.0,0.0
26.389590094819752,36.0555631537347,2.37745678028117,1.0,1.0,0.0,1.0,0.0
2.288453750132993,1.8154305717607648,1.1723834649535336,1.0,1.0,1.0,1.0,0.0
1.50319922159383,11.343829608338462,2.59790819374,0.0,0.0,0.0,1.0,0.0
14.22611016607449,0.379781607435333,1.4420473231317452,1.0,0.0,0.0,1.0,0.0
4.7231201193469525,0.1944856849049909,0.7222819328549152,1.0,0.0,0.0,1.0,0.0
20.058477176728545,0.3772861910242839,0.7677899720474545,1.0,1.0,0.0,1.0,0.0
2.3115683580667827,0.3726185604286334,0.4218822012065943,1.0,0.0,0.0,0.0,0.0
1.6296240425373965,3.17546416111197,2.184109608578725,0.0,0.0,0.0,1.0,0.0
0.7422327301724595,16.04419359290654,2.995829773500006,0.0,0.0,0.0,0.0,0.0
6.879707649656164,1.7636498960947973,0.2414643817798227,1.0,1.0,0.0,1.0,0.0
6.848241221133688,6.243942980273225,1.3781503468692269,1.0,0.0,0.0,1.0,0.0
7.492830934734325,1.1108213438994463,6.245232220684665,1.0,1.0,0.0,1.0,1.0
16.01708595927717,0.0922624362602368,0.3820632888314817,1.0,0.0,0.0,0.0,0.0
30.190592310067167,0.4873656792280997,1.33888521244258,1.0,1.0,0.0,1.0,0.0
8.334599048936669,1.4869363241694151,0.5916417753260715,1.0,0.0,0.0,0.0,0.0
8.755655912260417,6.542932777351486,1.321096224605992,1.0,0.0,0.0,0.0,0.0
3.725260613981976,0.1304851666571069,0.1330883279416516,1.0,1.0,0.0,1.0,0.0
42.10461620928117,5.186236898098612,1.9322565362565824,1.0,0.0,0.0,1.0,0.0
4.453357685022295,0.6191100508381738,0.6468122265056847,1.0,0.0,0.0,1.0,0.0
74.50236343412196,0.193468374957812,1.2524416760723756,1.0,1.0,0.0,1.0,0.0
16.889516630214533,2.55595150923062,1.0267793774232326,1.0,1.0,0.0,0.0,0.0
1.4914523510764213,2.2498200018185024,5.4883825598819085,0.0,1.0,0.0,1.0,1.0
93.09460376994342,0.1382686454013288,1.2611475334230822,1.0,0.0,0.0,1.0,0.0
6.096016038828369,0.4614248644603061,1.524212080807657,1.0,0.0,0.0,1.0,0.0
21.109998024980897,0.0637940174321532,1.1365153281448934,1.0,1.0,0.0,1.0,0.0
6.447167146861768,28.15229274394462,0.6905442791807656,1.0,1.0,0.0,1.0,0.0
11.520313991114604,0.8417762546109523,0.9311139646282116,1.0,0.0,0.0,1.0,0.0
15.837766954140024,0.1103529111978161,2.014243614325764,1.0,0.0,0.0,0.0,0.0
0.8753675796228334,0.1234309202329517,0.2931399488397345,0.0,0.0,0.0,1.0,0.0
11.563943118926376,0.2399940190657063,0.7525757721270991,1.0,1.0,0.0,0.0,0.0
1.9319311298164847,0.4325238382143086,0.5189183432891806,1.0,0.0,0.0,0.0,0.0
1.4670801312795383,0.3504288456089847,1.1656730907752284,0.0,0.0,0.0,0.0,0.0
44.39508478743232,0.1903381414693161,1.0417323944955146,1.0,0.0,0.0,0.0,0.0
36.23874016486688,0.3327823448803043,0.8266184444948657,1.0,1.0,0.0,0.0,0.0
4.259091078356461,0.9450268210219628,7.62103817925647,1.0,0.0,0.0,1.0,1.0
10.983056228714409,0.4283233006542189,0.5806480723656716,1.0,0.0,0.0,0.0,0.0
1.1098810241410726,6.086166314030665,0.1996969142073433,0.0,0.0,0.0,0.0,0.0
44.30337716599334,34.14132297944416,0.4490853960105302,1.0,1.0,0.0,0.0,0.0
11.495803247634266,1.1734621883077336,0.7580851840326358,1.0,1.0,0.0,0.0,0.0
25.037104588787397,0.8269282465949942,0.6623845131152287,1.0,0.0,0.0,0.0,0.0
1.1345100124990106,10.703641033032474,0.8918160376240231,0.0,0.0,1.0,1.0,0.0
6.409936657535733,1.3668662949687913,0.9996988470754644,1.0,0.0,0.0,0.0,0.0
1.0088929838700187,2.92358438011592,3.271715056928991,0.0,0.0,0.0,0.0,0.0
179.66345552173144,0.2413132083610564,0.8257572536096524,1.0,0.0,0.0,0.0,0.0
2.757403334752613,0.0280901023815588,0.6470493389432422,1.0,1.0,0.0,0.0,0.0
4.485791838925234,0.0491340178436054,1.014642444539751,1.0,0.0,1.0,1.0,0.0
12.553637137784968,0.0926987127261773,0.0615847338552291,1.0,0.0,1.0,1.0,0.0
4.624209675125472,0.0621080858088929,3.725330880615253,1.0,1.0,0.0,1.0,0.0
41.76205360305745,0.0209920682893673,2.249024202100201,1.0,0.0,0.0,1.0,0.0
1.307692094626494,0.5084213458340398,0.4848509852142915,0.0,0.0,0.0,1.0,0.0
41.102160066399314,19.588400492554943,3.269537895126819,1.0,1.0,0.0,1.0,0.0
37.1232901274516,10.40900363329214,2.061929308498868,1.0,0.0,0.0,0.0,0.0
13.530138562685323,2.5724770137260204,1.2396730325970728,1.0,1.0,0.0,0.0,0.0
43.32878700080445,0.2691532289774017,0.3519952145422609,1.0,0.0,0.0,1.0,0.0
0.5941378432379578,2.271674866248921,1.81877387277824,0.0,0.0,0.0,1.0,0.0
12.713410471381472,0.2367373748470619,1.2057163328061884,1.0,0.0,0.0,0.0,0.0
1.416493006137563,0.1987423068191983,5.214915362760959,0.0,0.0,0.0,1.0,1.0
16.85819856089409,0.9292951845131918,0.3245606546806409,1.0,0.0,0.0,1.0,0.0
11.559734913075518,0.1686962994983103,0.4110273598630009,1.0,0.0,1.0,1.0,0.0
1.7449546696391265,0.3892789016253148,0.4572209651489684,0.0,0.0,0.0,0.0,0.0
10.154124430492804,1.993385694037345,1.703462107964324,1.0,1.0,0.0,0.0,0.0
21.831465777431365,0.0648305111387387,1.1299859613882932,1.0,1.0,0.0,1.0,0.0
8.07393426193847,0.2295518531745434,1.0599172018003489,1.0,0.0,0.0,1.0,0.0
3.3402153163322774,6.818707859205187,4.512168295425522,1.0,1.0,0.0,1.0,1.0
1.2588395098661989,13.518687951190174,1.1999661560176549,0.0,0.0,0.0,1.0,0.0
1.5380709200036864,0.3504963949637298,3.400185266686587,0.0,0.0,0.0,0.0,0.0
12.303204882233706,11.811191192089469,0.2121343485182291,1.0,0.0,0.0,1.0,0.0
27.789451755958357,0.0502812689776067,1.389496249311572,1.0,0.0,0.0,1.0,0.0
17.679205272824458,6.019736736656474,1.3320190147812443,1.0,0.0,0.0,0.0,0.0
2.161397882751321,0.0377379163345885,1.353488280537222,1.0,0.0,1.0,1.0,0.0
21.03930531319589,0.007665883926698,3.884133777649303,1.0,0.0,0.0,1.0,0.0
5.549367919496924,6.997779298556389,0.6271950788219133,1.0,0.0,0.0,1.0,0.0
1.5733857979672772,3.411455125653754,1.6136868691428152,0.0,0.0,0.0,1.0,0.0
17.99603588371981,0.4962126892183271,0.2776988958882435,1.0,1.0,0.0,1.0,0.0
1.6490595365363698,0.0273433374169123,0.1903093700466395,0.0,1.0,0.0,1.0,0.0
15.83275239399378,0.0620852542166656,0.7467120626439322,1.0,1.0,0.0,1.0,0.0
5.818388632522195,0.0374589505866782,8.026632922563952,1.0,0.0,0.0,0.0,0.0
5.680085353512768,0.0378367966380553,0.8071463963311328,1.0,0.0,0.0,0.0,0.0
40.138429659105945,38.99509447524211,11.23561958303104,1.0,0.0,0.0,1.0,1.0
619.9312725859195,0.4832937108997786,6.176459440554755,1.0,0.0,0.0,0.0,1.0
9.03376994415244,0.5875560547789863,1.251965839737443,1.0,0.0,0.0,1.0,0.0
124.94255854119106,0.0600304140135908,0.5958631179233791,1.0,0.0,0.0,1.0,1.0
6.516072680430971,1.554507971573139,0.7009729642639968,1.0,0.0,0.0,0.0,0.0
45.90651437352943,3.7171029449175066,0.9580273549033173,1.0,0.0,0.0,0.0,0.0
64.56845006027226,11.91007276765498,1.1422997909780748,1.0,1.0,0.0,1.0,0.0
26.70719818110912,0.4830031815930625,0.9969231480081568,1.0,1.0,0.0,0.0,0.0
4.603055716412741,27.359595876138208,0.8086088749467716,1.0,0.0,0.0,1.0,0.0
36.68694212905916,1.4857425084624547,4.925291395894071,1.0,0.0,0.0,1.0,1.0
8.05902787162864,0.1742504426603171,0.8491719803251566,1.0,1.0,0.0,1.0,0.0
11.766205003568018,0.2477885315355039,1.1935774825507863,1.0,0.0,0.0,1.0,0.0
0.381684158781113,0.0508268706100166,1.5158190045167013,0.0,0.0,0.0,0.0,0.0
14.401207689557983,0.1116316504223927,1.2543303606512295,1.0,0.0,0.0,1.0,0.0
54.00101824806013,0.3115837752213271,1.1093664508258247,1.0,0.0,1.0,0.0,0.0
0.6004920549192124,3.962087499492399,0.3904127646317764,0.0,0.0,0.0,0.0,0.0
0.6148699272732214,0.2205916089270339,0.7288909774934832,0.0,0.0,0.0,0.0,0.0
29.176689038131663,0.1848708338153347,0.3164468908928585,1.0,1.0,0.0,1.0,0.0
7.325983950681866,5.523483427874598,3.1473619909610626,1.0,0.0,0.0,1.0,0.0
251.82958977733568,0.1551483201607267,1.6521737831309184,1.0,0.0,0.0,1.0,1.0
0.76772760781708,2.0323265210192654,0.5967300162022803,0.0,0.0,0.0,0.0,0.0
48.32575666548525,0.4289639905221927,0.6531282589188769,1.0,0.0,0.0,0.0,0.0
60.22649258306612,30.81406373865436,0.3435393756162746,1.0,0.0,0.0,0.0,0.0
1.278750106275346,0.1604585689961782,2.679063903795856,0.0,0.0,0.0,0.0,0.0
6.02430261650747,2.8793638358022413,2.726513973283769,1.0,0.0,0.0,0.0,0.0
7.2051895457700805,0.1867393939506193,0.6984670853063417,1.0,1.0,0.0,0.0,0.0
3.0581417866160385,0.057770123479672,0.0879916934394607,1.0,1.0,0.0,0.0,0.0
22.011955283036222,1.2172788388472158,4.150389936955826,1.0,1.0,0.0,1.0,1.0
9.696250569605803,0.0244797716065544,3.20337954464117,1.0,1.0,0.0,1.0,0.0
12.789495474880152,0.0701812108083629,0.660003829227258,1.0,1.0,0.0,1.0,0.0
84.84679803197761,2.5342428187769026,0.5912812056163462,1.0,0.0,0.0,1.0,0.0
20.34860077926362,0.4838817519684235,5.431148365207072,1.0,0.0,0.0,1.0,1.0
30.863021002577312,0.3464730778108435,1.7764489087609188,1.0,0.0,0.0,0.0,0.0
168.5534549619087,1.1773488923523787,0.9396282131689592,1.0,0.0,0.0,1.0,1.0
6.456772707248547,5.583134986545557,0.364677871065106,1.0,1.0,0.0,1.0,0.0
2.083196026773434,0.1469401272436185,1.5337860654524382,1.0,1.0,0.0,0.0,0.0
3.1414228759269207,3.2057816538373007,1.242584294939141,1.0,0.0,0.0,1.0,0.0
4.562811379034061,5.470406691143651,1.0900526925202292,1.0,1.0,0.0,1.0,0.0
14.547988300089132,18.644795929611053,0.2593327932904955,1.0,0.0,0.0,0.0,0.0
13.01751550798028,0.6076909761249881,0.9414430920096082,1.0,0.0,0.0,1.0,0.0
5.019776239768188,0.303526734810728,0.9868864694682278,1.0,0.0,0.0,1.0,0.0
92.03237888736108,5.343799907281661,1.5637461177870202,1.0,0.0,0.0,1.0,0.0
30.6425086628708,0.0485652835881651,1.8024663537419676,1.0,0.0,1.0,0.0,0.0
17.03132539526884,1.824383693375743,1.4690545920602254,1.0,0.0,1.0,0.0,0.0
10.863741734479108,7.0177027493704776,1.4252149699951138,1.0,0.0,1.0,0.0,0.0
3.736468835042292,1.4249281108791645,0.283298759081658,1.0,0.0,0.0,1.0,0.0
9.008459846349558,74.61643478592754,0.8745184326131986,1.0,1.0,0.0,0.0,0.0
8.777920017442108,12.516732145419711,0.284670746398632,1.0,0.0,0.0,1.0,0.0
5.002101600759545,1.7310103710880205,2.072636880784116,1.0,0.0,1.0,0.0,0.0
170.5546938605144,2.2930719668649835,2.3896395861893303,1.0,0.0,0.0,1.0,1.0
4.2881509094784045,0.5788369414605792,0.9492888904288278,1.0,0.0,0.0,0.0,0.0
39.75536397084075,10.221169138162132,1.0916658239718129,1.0,1.0,0.0,1.0,0.0
75.17436956655989,0.744214521881196,0.4115558593658742,1.0,0.0,0.0,1.0,0.0
45.31376556534445,8.712373763896196,4.792808083234325,1.0,0.0,0.0,1.0,1.0
7.544641179998936,2.9496812334979623,3.9119208565176704,1.0,0.0,0.0,1.0,0.0
2.481262411463248,0.7460614239186726,0.6986538465336047,1.0,1.0,0.0,1.0,0.0
19.316126108729325,1.116274038571528,4.941598993923921,1.0,0.0,0.0,1.0,1.0
11.608659744028865,6.524058277141309,0.7500478804789358,1.0,0.0,0.0,1.0,0.0
24.276610543593048,0.2173425112817994,0.93558901308633,1.0,1.0,0.0,1.0,0.0
6.696334321598767,0.4037855483116412,1.3737024001093945,1.0,0.0,0.0,1.0,0.0
11.21906411260154,0.7370278843087814,0.4529655645079038,1.0,1.0,0.0,1.0,0.0
107.61459851489536,4.914140363919527,0.6146341427311918,1.0,0.0,0.0,1.0,1.0
8.775324065417966,0.9947892646033664,0.3236485057990846,1.0,0.0,0.0,0.0,0.0
5.985319232768163,0.3049192876845302,0.927236841847014,1.0,0.0,0.0,1.0,0.0
1.4855457660027258,2.7836307377465563,0.489709799141387,0.0,0.0,0.0,1.0,0.0
38.38820104916423,0.6411329275140509,1.11722939232967,1.0,1.0,0.0,0.0,0.0
6.386791421985532,8.28778085469933,0.881291823963716,1.0,0.0,0.0,0.0,0.0
51.04457721367295,0.1607058601572943,0.5363945038445495,1.0,1.0,0.0,0.0,0.0
0.497465384442068,0.1034728980807328,1.595647714487065,0.0,0.0,0.0,0.0,0.0
10.659612429596436,1.2219146326420454,0.8242443889814114,1.0,0.0,0.0,1.0,0.0
1.262348821032908,3.148331557123357,0.1740426534180066,0.0,0.0,0.0,1.0,0.0
13.008048117335148,0.1057876844623528,0.5176578316996211,1.0,0.0,0.0,1.0,0.0
1.4250064413076542,0.6759928942815127,0.7028774690413357,0.0,1.0,1.0,1.0,0.0
3.1469862999441958,0.7589704599120883,0.8874738973411546,1.0,0.0,0.0,1.0,0.0
1.75843109384972,4.482061841538548,0.2702133244440168,0.0,0.0,0.0,0.0,0.0
4.79843411282522,25.277255938395047,6.149756688741409,1.0,0.0,0.0,0.0,0.0
3.0143630674826163,6.29832368736597,2.33466602236446,1.0,0.0,0.0,0.0,0.0
24.34013626531329,0.4007177212389102,0.7816475708918077,1.0,1.0,0.0,0.0,0.0
1.768451782367099,0.3900347792558973,2.390646041080628,0.0,0.0,0.0,1.0,0.0
23.37335688783121,0.0427742312528074,0.1477818789843705,1.0,0.0,0.0,0.0,0.0
13.89902673897142,0.2324373984950488,0.9333132488749032,1.0,0.0,0.0,0.0,0.0
0.1115064304167123,0.193707888764277,3.1015808190982512,0.0,1.0,0.0,1.0,0.0
43.9964075015999,1.2495837604227351,4.929187969381032,1.0,1.0,0.0,0.0,0.0
17.25907953104604,1.6234328140243817,0.496263932442465,1.0,0.0,0.0,0.0,0.0
12.840850565856332,16.61006687453776,1.2829360715804263,1.0,1.0,0.0,1.0,0.0
4.821704886309461,0.0552169737786626,0.2102320280105851,1.0,0.0,0.0,0.0,0.0
2.810853320265618,20.12310434661859,1.7161699438245617,1.0,0.0,0.0,1.0,0.0
16.61613780613667,0.5298844592645343,2.301427742742479,1.0,0.0,0.0,1.0,0.0
67.12306823327263,3.0931866608276475,1.0041348496494082,1.0,0.0,0.0,1.0,0.0
34.89755296338072,1.617737103311849,2.075086512959624,1.0,0.0,0.0,1.0,0.0
161.01112030075134,0.5912089595581996,1.408383687243478,1.0,0.0,0.0,1.0,1.0
108.33858495193502,2.2241364805838515,1.7867962826829236,1.0,0.0,0.0,1.0,1.0
6.846101627531174,1.0111948063014582,2.125606196223853,1.0,1.0,0.0,1.0,0.0
32.64968717003253,0.5967226312071016,1.6611793794124552,1.0,0.0,0.0,1.0,0.0
2.4562648671404506,6.716165265347393,1.0261948635461673,1.0,1.0,0.0,1.0,0.0
6.120775464090819,0.3134961130536507,0.5559939814239568,1.0,0.0,0.0,1.0,0.0
8.698487518243342,0.4868602261237533,0.3072135537255146,1.0,1.0,0.0,0.0,0.0
53.75433495528398,3.5401711053174947,3.881246525882368,1.0,1.0,0.0,0.0,0.0
18.563761687650278,9.897954548324812,1.238642004449904,1.0,0.0,0.0,1.0,0.0
7.960620961366135,7.026989059705825,8.755277001892102,1.0,1.0,0.0,0.0,0.0
5.676834799790279,4.415613563775276,3.3289975483237977,1.0,0.0,0.0,0.0,0.0
10.2678273966418,1.228827789126599,0.6242767911755399,1.0,0.0,1.0,0.0,0.0
116.81273033409995,0.382268040891416,1.1353348843387707,1.0,1.0,0.0,1.0,0.0
25.62885313098157,0.1714950741848015,1.9077970308379293,1.0,0.0,1.0,0.0,0.0
6.804620524996145,0.3170426781655808,0.2219226242152039,1.0,1.0,0.0,0.0,0.0
46.03569925963307,40.35303459924128,6.192912676769914,1.0,1.0,0.0,0.0,0.0
1.994967423894341,12.94374469910997,3.537592253405581,1.0,1.0,0.0,1.0,0.0
3.377907552626937,8.132180788822865,2.040395813184157,1.0,0.0,0.0,1.0,0.0
19.220138667477563,7.057624032437694,0.3873788979109856,1.0,1.0,0.0,1.0,0.0
0.4177339647309099,1.7713100814659162,0.3354157626537956,0.0,0.0,0.0,0.0,0.0
8.361639777473197,1.286623063421097,0.5421719398266485,1.0,1.0,0.0,1.0,0.0
4.670149522740938,1.0059413529558197,5.288208504649368,1.0,0.0,0.0,1.0,1.0
20.195083665375886,2.060777500756036,0.7171615803858026,1.0,0.0,0.0,1.0,0.0
5.296702589934092,1.1700610646566496,1.2558318247350342,1.0,0.0,0.0,1.0,0.0
7.293227087836361,1.2935795076199363,0.4673234717543392,1.0,0.0,0.0,1.0,0.0
13.844393728927583,0.5477937862931149,4.722694359491268,1.0,1.0,0.0,0.0,0.0
25.057376983874786,0.0804002216064134,4.017989786642443,1.0,1.0,0.0,1.0,1.0
2.7701709051430394,5.051329224564894,0.9312551796030064,1.0,0.0,0.0,0.0,0.0
3.8270793531357006,0.5401267314700748,3.9278285764736256,1.0,0.0,0.0,1.0,0.0
30.069843412196548,0.2839629841338586,0.7021372096393848,1.0,0.0,0.0,0.0,0.0
10.139036423917275,3.553222193137739,0.3939509989114484,1.0,0.0,0.0,1.0,0.0
29.740162876814363,1.2527781075949895,1.8187412605271047,1.0,0.0,0.0,1.0,0.0
3.000294358407052,0.0372213513481327,2.758754699487382,1.0,0.0,0.0,1.0,0.0
2.785402966443002,0.234020456024133,3.592134807282863,1.0,0.0,0.0,1.0,0.0
14.405565656004148,0.1603185922462833,0.7971916846403977,1.0,0.0,0.0,0.0,0.0
1.5307516005090516,0.2171688300395441,2.008967571311059,0.0,1.0,1.0,1.0,0.0
3.3400499680105256,0.0041159895956446,0.3087416814173915,1.0,1.0,0.0,1.0,0.0
6.164312039930749,0.4234264389114383,0.7172198363616161,1.0,0.0,0.0,1.0,0.0
40.90010381833725,3.978746323002394,2.7718840963790545,1.0,1.0,0.0,1.0,0.0
9.451190830809852,0.7654677073484012,2.2126513837293027,1.0,1.0,0.0,1.0,0.0
0.8806397200231089,0.32590930449112,1.2892250384560298,0.0,0.0,1.0,1.0,0.0
22.50185725703488,62.66787796936698,7.831883877925359,1.0,0.0,0.0,1.0,1.0
54.16912385823722,0.1189057148219176,1.739575791805087,1.0,1.0,0.0,1.0,0.0
8.119221928161478,0.6209956895050998,0.1839419888009725,1.0,1.0,0.0,0.0,0.0
20.09940042180148,0.3242859094626932,3.141708720452676,1.0,0.0,1.0,0.0,0.0
2.345393347686124,1.1610731902718805,4.83410064868092,1.0,1.0,0.0,1.0,1.0
37.86873557884861,16.88797736601523,2.5308276034061885,1.0,0.0,0.0,0.0,0.0
3.1390395786610363,0.1607618142938853,0.2192290521831113,1.0,0.0,0.0,1.0,0.0
2.263089091080543,0.295615125088323,4.44136580917614,1.0,0.0,0.0,1.0,1.0
2.520648325577414,1.829523438364882,1.1489228050790097,1.0,0.0,0.0,1.0,0.0
5.880270828743504,0.3560313125048979,0.8674571472145961,1.0,1.0,0.0,1.0,0.0
1.0896427689854231,1.908229088128907,6.589673018566626,0.0,1.0,0.0,0.0,0.0
1.6045807526961056,1.061935536281652,1.5835040577976436,0.0,1.0,0.0,0.0,0.0
10.505178237293023,0.0072991155501574,1.0820756225872417,1.0,1.0,0.0,1.0,0.0
28.58598099563436,0.8914347387536087,2.0141245716521223,1.0,0.0,0.0,0.0,0.0
2.7796118820113813,0.0888331278272589,0.3280345727386119,1.0,0.0,0.0,0.0,0.0
2.24208982763081,0.6159945512512598,1.20527774877126,1.0,0.0,0.0,1.0,0.0
96.6873073133144,9.36512570214181,0.5129271693769165,1.0,0.0,0.0,1.0,0.0
6.415746877300616,0.5854690369542729,0.5605045427278202,1.0,0.0,0.0,0.0,0.0
37.63255768018099,0.6070057937981906,0.0992598081889661,1.0,1.0,0.0,0.0,0.0
8.678715502521591,2.8578013053541103,0.9999813833637262,1.0,0.0,1.0,1.0,0.0
63.13075654819821,0.7198378752001826,3.4612637177484755,1.0,0.0,0.0,1.0,0.0
7.446753028706883,2.16844295692202,1.2245353687233365,1.0,0.0,0.0,1.0,0.0
19.34810478223037,0.2473936245974313,0.4598035814674662,1.0,0.0,0.0,1.0,0.0
21.89272181949463,0.9984579047750564,2.827042242718222,1.0,0.0,0.0,1.0,0.0
54.1228350837461,13.010537461907791,1.028460677146265,1.0,0.0,0.0,1.0,0.0
256.4316429556625,6.476800123963414,0.3520499574666761,1.0,1.0,0.0,1.0,0.0
60.56500506025508,0.9716038210034492,2.142512342479502,1.0,0.0,0.0,0.0,0.0
5.099568011502131,0.0293504155919308,2.104691979165633,1.0,0.0,1.0,0.0,0.0
9.242808709422697,1.5900519365412409,18.149100273971424,1.0,0.0,0.0,1.0,1.0
35.69252075797246,3.2521946566348747,6.386993624473857,1.0,0.0,0.0,1.0,1.0
0.7036407248522729,8.436974507589792,2.275632380193459,0.0,0.0,0.0,1.0,0.0
110.3819584876626,50.01477537110765,1.491081496056079,1.0,0.0,0.0,1.0,1.0
59.97748180692676,4.580436775381696,1.5255224514692989,1.0,0.0,0.0,0.0,0.0
2.7551438733364653,0.1192703169358465,0.3769350207395978,1.0,1.0,0.0,0.0,0.0
12.289387707242367,1.1268640657548714,0.1173822559599701,1.0,0.0,0.0,0.0,0.0
2.9729552168011515,4.120048912217327,0.750877978365097,1.0,0.0,0.0,0.0,0.0
17.289860870799938,1.2955366024501127,8.526168289066186,1.0,1.0,1.0,1.0,0.0
0.7399763627289909,33.54165399449072,0.3896963290707985,0.0,0.0,0.0,1.0,0.0
29.79487096487781,0.621906897826091,0.706047948491589,1.0,1.0,0.0,1.0,0.0
4.716732260897266,2.1961922139009937,4.509432791394872,1.0,0.0,0.0,1.0,1.0
5.106569538294608,0.1419435731735118,0.7142136768172495,1.0,1.0,0.0,0.0,0.0
4.070944926918904,0.0052920681304928,4.362734639559522,1.0,1.0,0.0,1.0,1.0
10.165162062266589,0.0496811111203664,2.0284635923346617,1.0,0.0,0.0,1.0,0.0
14.994964567783274,0.0231158806506469,0.5649389594717149,1.0,0.0,1.0,0.0,0.0
32.71068161413777,0.0661342715122103,1.919407825622367,1.0,0.0,0.0,1.0,0.0
6.24260744016714,0.3118481255133457,0.1340605021108161,1.0,1.0,0.0,0.0,0.0
8.716499298866964,1.6566309494723628,0.4117704878073895,1.0,0.0,1.0,0.0,0.0
26.48935401806623,0.0155948186366803,2.118555650477995,1.0,0.0,0.0,1.0,0.0
19.59743351355027,6.0806637451525205,1.0373081218606606,1.0,0.0,0.0,1.0,0.0
23.11441382412125,1.3137452251268376,2.357421363007449,1.0,0.0,0.0,1.0,0.0
34.83225152441767,0.3763973299707375,0.4942509083484173,1.0,1.0,0.0,0.0,0.0
10.677015723936533,3.471703964428824,0.1770616488363678,1.0,1.0,0.0,1.0,0.0
6.622949561731177,3.586200072348794,0.2562501796149379,1.0,0.0,0.0,1.0,0.0
1.3427117681153458,0.0400529033210904,1.6346184581269474,0.0,1.0,0.0,1.0,0.0
33.21792733376105,2.508321821274586,1.123765303776879,1.0,0.0,0.0,0.0,0.0
3.640062968852825,3.122237352077819,0.2225956219400548,1.0,0.0,1.0,0.0,0.0
28.051402932926862,0.1000596317668614,2.460715121717831,1.0,0.0,0.0,1.0,0.0
12.971985189084322,0.3522019365595381,1.4527676002724796,1.0,1.0,0.0,0.0,0.0
11.172140905731222,0.4452538948987223,1.531703812638677,1.0,0.0,0.0,1.0,0.0
67.77673742169964,0.6658293333875261,0.1942753976602309,1.0,1.0,0.0,0.0,0.0
172.41673964720704,1.2440089236881977,1.2027684059059691,1.0,1.0,0.0,0.0,0.0
9.985818768342977,0.0229097501105252,0.5505277812620698,1.0,0.0,0.0,1.0,0.0
51.98644807697912,0.2933548014080267,1.0863964873479302,1.0,1.0,0.0,1.0,0.0
0.5957328063225631,2.654696410816008,0.561426450383425,0.0,1.0,0.0,1.0,0.0
164.55099468882207,0.3021631078275796,0.3630437810338047,1.0,0.0,0.0,1.0,1.0
1.9426901390708884,0.4055363141650933,2.079710851149328,1.0,0.0,0.0,0.0,0.0
30.783800789254432,0.0688863789132465,1.658845540960179,1.0,0.0,0.0,1.0,0.0
5.148756443893681,2.1198254761549222,3.0502796526942597,1.0,0.0,0.0,1.0,0.0
13.33239959414536,0.6782035218244578,0.201256857947495,1.0,1.0,0.0,1.0,0.0
5.420177060557502,0.5754342280598039,1.502529449117264,1.0,1.0,0.0,1.0,0.0
76.907152952436,1.969317981721732,0.8188951603308696,1.0,0.0,0.0,1.0,0.0
5.227355603698621,1.1799636001930855,2.975368490062753,1.0,0.0,0.0,0.0,0.0
2.5098265927599885,2.959927564783858,1.456379853372106,1.0,0.0,0.0,1.0,0.0
2.2016045866271323,0.0949903787993758,1.020558237817582,1.0,1.0,0.0,0.0,0.0
7.969677475595616,1.5024316346149564,1.0360623120673929,1.0,1.0,0.0,1.0,0.0
17.28159623726165,0.1901123295155841,7.057383875341175,1.0,0.0,1.0,1.0,0.0
17.84723382483305,0.0259300445225366,19.49409860042706,1.0,1.0,0.0,1.0,1.0
4.80705548901645,1.4702031268322426,1.1647534788426317,1.0,0.0,0.0,0.0,0.0
1.0014305992624666,3.72303106162187,0.5468418872888262,0.0,1.0,0.0,0.0,0.0
13.278401508039638,0.3227678936692361,0.8731769895481757,1.0,1.0,0.0,1.0,0.0
0.7651858992897906,0.1803763888359472,4.46624418298795,0.0,0.0,0.0,1.0,1.0
8.014027594335854,28.41887269672477,0.2548129468159165,1.0,0.0,0.0,1.0,0.0
8.272353114423636,1.382412010146951,0.501444461677849,1.0,1.0,1.0,0.0,0.0
4.690009100301184,0.216242170209051,7.49537220970664,1.0,1.0,0.0,1.0,1.0
2.7284437609099146,18.196177846745638,3.071553233722696,1.0,0.0,0.0,1.0,0.0
2.504732548076531,0.0926189245012656,0.1733897503626163,1.0,1.0,0.0,1.0,0.0
10.32950703898292,2.831629113963409,0.9408907224322114,1.0,1.0,0.0,1.0,0.0
23.305438311199364,1.7326945409643737,2.811120261518881,1.0,0.0,0.0,1.0,0.0
23.373429343035767,8.678932766238878,3.352971790486609,1.0,1.0,0.0,0.0,0.0
6.087408293083736,0.2931717783788182,0.4618732575329983,1.0,0.0,0.0,1.0,0.0
29.0494635064585,0.248852757173237,1.4982052939876838,1.0,0.0,0.0,1.0,0.0
50.21906815038679,0.9859472567677257,0.2540588581977786,1.0,0.0,0.0,1.0,0.0
13.087950912854197,0.6239324684441068,5.637451946773349,1.0,0.0,1.0,1.0,0.0
69.67196026097723,1.5895028498970976,1.9951110725422772,1.0,0.0,0.0,1.0,0.0
8.81525123515301,4.3081391577642245,1.5892470168752704,1.0,0.0,0.0,1.0,0.0
12.65829439042151,1.675385822405573,1.5630403334762737,1.0,0.0,0.0,0.0,0.0
2.3181285967237493,6.5616672669941005,3.9678695551586256,1.0,1.0,0.0,0.0,0.0
7.265959600532888,0.8347396430109046,0.3765044994691351,1.0,0.0,0.0,1.0,0.0
11.39029023528005,0.8243032485418915,0.2051598559062272,1.0,0.0,0.0,0.0,0.0
0.1327346274487035,1.3664009446002117,0.7042214976836868,0.0,1.0,0.0,1.0,0.0
60.665349048403904,29.98723245565873,0.786118817922286,1.0,1.0,0.0,0.0,0.0
11.141295849098746,0.0658699475446346,0.4771310284283148,1.0,0.0,0.0,0.0,0.0
53.45329497220296,8.397173584959686,3.338670796584879,1.0,1.0,0.0,0.0,0.0
7.504141380668989,0.8648598089252899,0.4514819886455641,1.0,0.0,0.0,1.0,0.0
44.8290460541425,0.3021142915350898,1.791967603559782,1.0,0.0,0.0,0.0,0.0
23.049006193103043,0.4030889656987784,0.1635788171259455,1.0,1.0,0.0,1.0,0.0
6.024541171949851,4.864153319408511,0.3172375946319926,1.0,1.0,0.0,1.0,0.0
107.81698709482554,0.4806046925356085,0.1699982853419676,1.0,0.0,0.0,0.0,0.0
4.382406912932389,0.8542221986914191,1.3502104786869176,1.0,1.0,1.0,1.0,0.0
13.243872080150837,10.851261255840102,0.6672246941219949,1.0,1.0,1.0,0.0,0.0
2.5705580472890213,1.8959964457826053,5.107189817918219,1.0,0.0,0.0,1.0,1.0
93.432375731059,2.199162239247616,0.4242074670348003,1.0,1.0,0.0,1.0,0.0
128.10337690019804,0.410160000011093,1.4009485234185193,1.0,1.0,0.0,1.0,0.0
66.47740407446634,0.7203749466878633,0.2505630216131211,1.0,0.0,0.0,1.0,0.0
7.64498049919779,0.2539308713295165,3.838629609988307,1.0,1.0,0.0,1.0,0.0
1.5159868460412709,0.4453603872146997,3.7214631260665154,0.0,1.0,1.0,1.0,0.0
324.1291803407923,1.293794074401778,0.2852651610524168,1.0,1.0,0.0,1.0,0.0
5.149439946944222,1.0478583421876315,0.6390316449096577,1.0,1.0,0.0,1.0,0.0
25.7797731747263,3.3228164831945084,0.3119274861492042,1.0,0.0,0.0,0.0,0.0
9.222197738374383,0.0817399153009222,0.8482181827734755,1.0,0.0,0.0,0.0,0.0
7.448018691933799,11.472644063986738,0.8698411397630699,1.0,0.0,1.0,0.0,0.0
630.3583150201312,8.297847111312137,1.356342833056225,1.0,0.0,0.0,1.0,1.0
4.972600385098584,2.021703843943199,0.4131739428800721,1.0,0.0,0.0,1.0,0.0
0.4840363019954211,38.09946294028224,0.1972377180352796,0.0,1.0,1.0,1.0,0.0
45.22240680248136,0.1772329874158549,0.403882552339887,1.0,0.0,0.0,1.0,0.0
67.21811355540088,0.0471610117196015,0.483636488322555,1.0,0.0,0.0,1.0,0.0
12.692366326389392,9.185127505496148,2.7877178343400395,1.0,1.0,0.0,1.0,0.0
43.61834615007445,0.0635655809724488,0.4242178190189225,1.0,1.0,0.0,1.0,0.0
45.10662529191014,0.1938274498564502,1.4964002096305355,1.0,0.0,0.0,1.0,0.0
13.28360980515808,10.15051711133536,0.2534630378784692,1.0,0.0,0.0,1.0,0.0
155.72353872751282,7.509523031788199,2.333535948231945,1.0,1.0,0.0,0.0,0.0
6.886840057013113,59.08520089752778,1.3752818647675915,1.0,0.0,0.0,0.0,0.0
4.632987446159915,0.2078969665164496,0.4556008536455345,1.0,0.0,1.0,1.0,0.0
2.978059447667952,1.0581642266564202,0.1315594806094341,1.0,0.0,0.0,1.0,0.0
8.522052421156475,2.9074475718486386,0.1543925468816569,1.0,1.0,1.0,1.0,0.0
1.2661579660343985,6.604624282076858,0.774003906133815,0.0,0.0,0.0,1.0,0.0
4.923743986094829,0.2816790356737011,0.2044414653410897,1.0,0.0,1.0,1.0,0.0
0.7507211734446446,3.41797114157356,2.28721650836464,0.0,0.0,0.0,1.0,0.0
0.9785150767161608,0.6017217434667635,0.4605942974279555,0.0,1.0,0.0,1.0,0.0
16.415157921473064,4.535691630633231,1.1249026073453026,1.0,0.0,0.0,1.0,0.0
123.70519792018489,0.1397617374448007,1.2197554968540067,1.0,0.0,0.0,1.0,1.0
4.238289307371668,0.7732476653955969,0.1926439367360627,1.0,1.0,0.0,0.0,0.0
8.292279015295952,67.24590607461887,0.5913342156090738,1.0,0.0,0.0,1.0,1.0
120.35751621931897,0.3148397949218278,1.638173353350111,1.0,0.0,0.0,1.0,1.0
12.175866921154556,0.0997113064073875,0.9936789964860764,1.0,0.0,0.0,1.0,0.0
0.4140251792812126,2.6552265547232503,1.747270911846554,0.0,1.0,0.0,0.0,0.0
4.343837867850694,0.1335656647793269,7.846389363271523,1.0,0.0,0.0,0.0,0.0
4.841576214048537,0.0585065785175907,0.063542100661261,1.0,0.0,0.0,1.0,0.0
2.852197503062319,3.530256505577345,0.7518887923078961,1.0,0.0,0.0,0.0,0.0
132.6509742223891,0.7610093870143041,0.3040323444653271,1.0,0.0,0.0,1.0,1.0
77.2144006109716,0.5844489415734623,6.03149549719842,1.0,0.0,0.0,1.0,1.0
6.8579085330711145,0.0186935667118851,2.646033530691655,1.0,1.0,0.0,1.0,0.0
4.8265881794677625,2.186160302167394,0.2368767113333218,1.0,1.0,0.0,1.0,0.0
10.223717169880972,7.635795625240744,0.7002149845424379,1.0,0.0,0.0,0.0,0.0
5.81288525363856,4.887266006491144,3.339051908722249,1.0,1.0,0.0,0.0,0.0
5.263967544623207,1.6400170491084811,0.3796776098729209,1.0,1.0,0.0,1.0,0.0
43.39232126238925,10.210142262535255,0.0731642300035142,1.0,1.0,0.0,1.0,0.0
1.1995179915177012,0.1464259107693252,0.7787796825018061,0.0,1.0,0.0,0.0,0.0
63.11320689312706,1.6922720141946377,0.4760023089472692,1.0,1.0,1.0,1.0,0.0
7.084358921743622,0.1164492120689182,4.202199747088663,1.0,0.0,0.0,0.0,0.0
69.80667419713981,43.56358063724317,0.6400083816891633,1.0,0.0,0.0,0.0,0.0
2.3162166866284686,0.3338964360410316,1.099212604587735,1.0,0.0,0.0,0.0,0.0
5.451995996318118,1.401772559411102,0.2614529569784008,1.0,0.0,0.0,1.0,0.0
10.305400993344984,2.748973363141004,0.1809892333899393,1.0,0.0,0.0,1.0,0.0
6.100636659406336,2.5499627156309788,3.1533347978942143,1.0,1.0,0.0,1.0,0.0
173.2375469246494,0.195779571280539,0.1488341485014302,1.0,0.0,0.0,1.0,1.0
17.97678217121108,1.9857752151490813,0.4800730861283031,1.0,0.0,0.0,1.0,0.0
6.990944549699174,0.0895485749111223,2.161883849581428,1.0,0.0,0.0,0.0,0.0
16.78485186905457,37.87505061240302,1.2483184934937357,1.0,0.0,0.0,1.0,0.0
4.001238118315444,0.9620373233871315,1.2469688030638826,1.0,0.0,0.0,0.0,0.0
6.158562916725888,0.0652042705446423,3.4290589166077665,1.0,0.0,0.0,0.0,0.0
30.35834785013745,0.3573041317904879,0.2987093949058778,1.0,1.0,0.0,1.0,0.0
39.23677790269096,1.7849520545397792,3.719216083666572,1.0,0.0,0.0,1.0,0.0
6.559059451585836,21.7005755961115,1.3581650631579063,1.0,0.0,0.0,0.0,0.0
8.508307253323162,12.072475792342994,0.6456376715581671,1.0,0.0,0.0,1.0,0.0
7.227731523875489,0.4602014802654998,0.3013687363410992,1.0,1.0,0.0,1.0,0.0
97.59466898772276,0.6315528630996813,4.051708031278637,1.0,1.0,0.0,1.0,1.0
22.381165215645265,0.0941939442010595,0.7060744609109662,1.0,1.0,0.0,1.0,0.0
8.586161688210137,0.8581038705987468,2.456466789792326,1.0,1.0,0.0,1.0,0.0
1.2401740469567295,7.389364566086902,1.6480680911412933,0.0,0.0,0.0,1.0,0.0
6.166902149240249,13.63897399559364,1.4177987946371071,1.0,0.0,0.0,1.0,0.0
18.754877896546358,0.0973576532339302,0.954876145042318,1.0,0.0,1.0,1.0,0.0
5.898236035235936,0.4030676230143887,1.1675800643632472,1.0,1.0,1.0,1.0,0.0
4.041024082961411,8.337080512256668,0.2374670927947577,1.0,1.0,0.0,1.0,0.0
6.129966938427453,1.9523602865131,0.3658332463465882,1.0,0.0,1.0,1.0,0.0
0.3844087245563928,0.5177461558248886,5.035350945743101,0.0,0.0,0.0,0.0,1.0
23.90162880335909,2.0504314789792897,1.4171235468257384,1.0,0.0,1.0,1.0,0.0
8.94696632743195,19.21300180271228,1.0121952680676136,1.0,0.0,1.0,1.0,0.0
2.7915130505942822,1.0153342963314302,0.7036939265576064,1.0,0.0,0.0,1.0,0.0
2.766882853393054,0.9662592279623936,1.556430616558323,1.0,1.0,0.0,1.0,0.0
1.2856436500009225,1.442645135250627,0.3051240940987994,0.0,1.0,0.0,0.0,0.0
7.438622171251591,1.2066623860269814,0.3308821699858435,1.0,0.0,0.0,0.0,0.0
5.010289667005616,2.6650791271109173,1.1093465706935766,1.0,1.0,0.0,0.0,0.0
11.990395495290024,4.221849176435108,4.474265102115924,1.0,0.0,0.0,1.0,1.0
123.80616277829816,17.02099234512973,23.26908484877448,1.0,0.0,0.0,1.0,1.0
10.400697469034922,22.687419454097977,0.2875451386916178,1.0,0.0,0.0,0.0,0.0
2.630841028488881,0.2297658361398037,0.2073134011798786,1.0,0.0,0.0,1.0,0.0
1.7287780764606633,0.0527064142313705,0.4415627980332393,0.0,1.0,0.0,0.0,0.0
2.2601000599034284,0.4297583167075227,1.091708293912475,1.0,0.0,0.0,1.0,0.0
5.909011069479598,0.8476832226034902,5.858768046919467,1.0,0.0,0.0,0.0,0.0
18.81165863996224,0.0678729827028294,0.1251188193161504,1.0,0.0,0.0,1.0,0.0
42.54505503304833,2.9867946758360917,1.530704613242175,1.0,0.0,0.0,1.0,0.0
1.1895879737455224,0.9815804145426752,0.7076129583326333,0.0,0.0,0.0,1.0,0.0
7.365593421072365,8.437864294801171,0.2171049336542204,1.0,1.0,0.0,1.0,0.0
13.30307177929663,0.0985139509343583,8.36323562321828,1.0,1.0,0.0,1.0,1.0
92.07323740077648,0.3414474853394119,2.083608210089891,1.0,0.0,0.0,0.0,0.0
27.268074340289644,6.243337267011947,1.7450649698657934,1.0,1.0,0.0,1.0,0.0
1.4425853272696354,0.5209828667484891,0.4860438329513901,0.0,1.0,0.0,0.0,0.0
21.15830198171609,0.5199213970315126,2.585323011700108,1.0,0.0,0.0,1.0,0.0
3.525149194161298,0.1143094429415774,1.0159679469484828,1.0,0.0,0.0,0.0,0.0
4.7448904882525,7.4565593459684765,3.879077764302275,1.0,0.0,0.0,1.0,0.0
2.3735396277735323,1.6348794408079927,2.4261059459962686,1.0,0.0,1.0,0.0,0.0
21.298018185718405,0.4882545163523952,0.8766045439024235,1.0,1.0,0.0,1.0,0.0
213.29814377320943,0.1813296140268294,0.6574324611701441,1.0,0.0,1.0,0.0,0.0
27.40470778189996,33.57817779743834,3.834003990777528,1.0,0.0,0.0,0.0,0.0
6.093341290228043,8.768679675256235,0.199766572856393,1.0,1.0,0.0,1.0,0.0
11.483905326818798,2.076403109975613,3.038102786620472,1.0,0.0,1.0,0.0,0.0
26.617844739024385,0.0751101442301829,0.123830311669809,1.0,0.0,0.0,1.0,0.0
119.09418968590872,6.640757823295461,0.7097299804501684,1.0,0.0,1.0,1.0,0.0
1.449032932959075,0.8757344120933576,0.3815503615164603,0.0,0.0,0.0,1.0,0.0
3.4980693404814502,2.736782588747209,0.3123806980544774,1.0,1.0,0.0,1.0,0.0
1.5564972534300976,1.73643681703354,0.7690234967514917,0.0,0.0,0.0,1.0,0.0
5.338708779934583,0.4652268584089974,3.742553158704466,1.0,1.0,1.0,1.0,0.0
19.271077868879384,1.9761086833072004,2.782666852207285,1.0,0.0,0.0,1.0,0.0
12.983101296489291,1.4029484837341075,0.0846771815742555,1.0,1.0,0.0,1.0,0.0
1.1648543992067453,0.3882990926062147,1.2065163621977333,0.0,0.0,0.0,1.0,0.0
10.210729150244912,1.5965498086483918,0.812685815029303,1.0,0.0,1.0,0.0,0.0
3.3591358621288343,11.086275709941315,0.9730696237389264,1.0,0.0,1.0,1.0,0.0
2.3489218836302217,2.0279718952540637,0.6919109753278675,1.0,0.0,0.0,1.0,0.0
81.59952922548773,0.3951913526761573,0.4417305388520016,1.0,0.0,0.0,1.0,0.0
4.264875967622396,1.2013231854506503,2.2685828929092384,1.0,1.0,0.0,1.0,0.0
10.516676880855512,0.6408774345663436,2.2234914134104398,1.0,1.0,0.0,0.0,0.0
4.201041706928598,7.070090906682884,1.9421031239866136,1.0,0.0,0.0,1.0,0.0
1.681138382108563,0.5162570030842469,0.7449952457375413,0.0,0.0,1.0,0.0,0.0
105.52757159826656,1.8944285843164468,0.3820551133993896,1.0,0.0,0.0,1.0,1.0
18.29428418527073,0.5751425468749405,0.1373529722783189,1.0,0.0,0.0,0.0,0.0
2.618313753517425,4.296036591331624,3.120657173335172,1.0,0.0,0.0,0.0,0.0
10.064614385689245,0.0598586596805192,2.023296810906714,1.0,0.0,1.0,1.0,0.0
1.017325851220554,0.2361607086081266,0.2181078886796787,0.0,1.0,0.0,0.0,0.0
23.94873023666826,3.4664710944865584,0.2522336009741896,1.0,1.0,0.0,1.0,0.0
16.610443636365428,5.48467654608314,0.973362819939992,1.0,0.0,0.0,1.0,0.0
3.3968685519436983,10.883261232476888,0.8518570097172626,1.0,0.0,0.0,1.0,0.0
12.243735066473848,0.586747355298107,0.5393203138351127,1.0,0.0,0.0,1.0,0.0
4.9480518483998805,3.3631118613264763,2.3391010355857693,1.0,1.0,0.0,0.0,0.0
3.6408920587540425,2.632037550787137,0.826387495413396,1.0,0.0,0.0,1.0,0.0
5.778571565182768,4.162529618534504,0.480518312471996,1.0,1.0,0.0,1.0,0.0
14.892206991181366,1.6504817452605274,1.3633484206153244,1.0,0.0,0.0,1.0,0.0
5.949047642072352,2.459162427616452,0.5650787929291732,1.0,0.0,0.0,1.0,0.0
4.913466985289503,0.3854866801843339,4.513795216431815,1.0,0.0,0.0,1.0,1.0
2.080174193360313,0.0270857522552165,1.17262804040558,1.0,0.0,0.0,1.0,0.0
63.90071962677016,32.403254760143355,0.1300711127484183,1.0,0.0,0.0,0.0,0.0
1.390826630653816,0.0817163236433329,0.7957018503921616,0.0,0.0,0.0,1.0,0.0
2.6248415158837743,51.64181677173616,1.8477109885540612,1.0,0.0,0.0,0.0,0.0
138.60960224713733,2.8540163137688763,0.2988522222456176,1.0,0.0,0.0,1.0,1.0
2.8231210771160726,7.888093549675594,1.752045900342271,1.0,0.0,0.0,0.0,0.0
33.27141892788937,2.491075059698818,0.225544094400071,1.0,0.0,0.0,0.0,0.0
145.01397664939535,10.649700898490742,3.024260907629462,1.0,0.0,0.0,1.0,1.0
77.61797903890725,0.2069440861050168,1.4720403556963386,1.0,0.0,0.0,1.0,0.0
4.423643018889265,1.475726161719092,0.5887442548742234,1.0,0.0,0.0,1.0,0.0
1.4899872306534536,0.2747010049069002,2.070089511112261,0.0,1.0,0.0,0.0,0.0
5.805255693441378,0.2146135804341138,0.8097023743351015,1.0,0.0,0.0,1.0,0.0
5.986197093552133,0.8507262284118694,5.7819026030045695,1.0,0.0,0.0,1.0,1.0
32.76694926316993,4.874920430427915,0.4116961645563475,1.0,1.0,0.0,1.0,0.0
29.72746807009542,8.497475747725654,1.0101837483684195,1.0,1.0,1.0,0.0,0.0
24.591361944461696,0.6854032802839356,0.1432910906796654,1.0,1.0,0.0,0.0,0.0
8.350978309995947,0.5062050532355047,0.5146395416281921,1.0,0.0,0.0,1.0,0.0
56.66705720921826,0.3360076000096002,0.2746053207452386,1.0,0.0,0.0,0.0,0.0
20.035482683503517,7.627316368927572,1.2133016290222955,1.0,0.0,0.0,1.0,0.0
35.91004542939425,0.4175238280127199,0.9803276151972704,1.0,1.0,0.0,1.0,0.0
38.659414992273184,0.0170472163737116,0.4943244290398551,1.0,1.0,0.0,1.0,0.0
0.7797862916047735,0.5024855417910804,2.425918589111961,0.0,0.0,0.0,1.0,0.0
0.6084259986971011,0.1245248219816341,2.137406901296364,0.0,0.0,1.0,0.0,0.0
2.8030003980690874,0.9641924886983588,0.3846681248858589,1.0,0.0,0.0,1.0,0.0
50.8720639363944,0.3529221312459465,1.0080963260461848,1.0,1.0,0.0,1.0,0.0
23.552256597200856,1.249580186404088,1.1787398129108444,1.0,0.0,0.0,0.0,0.0
12.45217659825469,0.1220189905816859,4.274829356245021,1.0,0.0,0.0,1.0,1.0
95.68216956699747,0.2235535230040742,0.6040159573522719,1.0,0.0,0.0,0.0,0.0
1.870652316635596,2.44251233088214,1.3352739331401886,0.0,0.0,0.0,1.0,0.0
3.529436290690575,0.9307331610451716,0.9007946216144292,1.0,0.0,0.0,1.0,0.0
0.7651027207077111,0.2395867211340078,0.444655425805294,0.0,1.0,0.0,1.0,0.0
1.9017917943168607,0.4687554322117455,1.7759171890488752,1.0,0.0,0.0,0.0,0.0
20.08057458664885,0.1748848735415393,4.023566126652709,1.0,0.0,0.0,1.0,1.0
50.855040870442906,0.2026442015479677,0.5434596832959928,1.0,1.0,0.0,1.0,0.0
4.2510100447983,0.0262202922280119,1.7389806479218095,1.0,0.0,0.0,1.0,0.0
9.93519255683196,0.1144674372192066,1.5200608856946038,1.0,0.0,0.0,0.0,0.0
106.25209995142303,2.366398196240096,0.3751407477016149,1.0,0.0,0.0,0.0,0.0
212.86579124452692,4.000431388728126,2.895916602245529,1.0,0.0,0.0,0.0,0.0
4.4195516678043365,5.3564702556010655,3.1211763080742205,1.0,0.0,0.0,0.0,0.0
2.454859181071253,0.7321076548208999,1.4924119122140656,1.0,0.0,0.0,1.0,0.0
20.246739685208755,0.1507729392760881,0.4761701912931028,1.0,0.0,0.0,0.0,0.0
11.876224373598474,0.0590463890826203,1.5036672448047896,1.0,1.0,0.0,1.0,0.0
10.012425240081196,2.0975149507467745,8.834840239591218,1.0,0.0,0.0,0.0,0.0
4.907228153854439,0.2356336892585695,1.9591313610666508,1.0,1.0,0.0,0.0,0.0
0.9696092808961928,3.069301091946847,0.7293869045639406,0.0,0.0,0.0,1.0,0.0
63.432423307922726,0.1380974799688925,0.488720690298731,1.0,0.0,0.0,0.0,0.0
22.96548712774815,1.1449818361611863,1.9881091670865487,1.0,0.0,0.0,1.0,0.0
1.7875743533977075,0.6593527652375057,0.6878594261997826,0.0,0.0,0.0,0.0,0.0
7.241204203714298,1.4874346792273798,2.4312153338912075,1.0,0.0,0.0,1.0,0.0
1.7450467343347051,10.411281022639155,0.981169244144686,0.0,0.0,0.0,1.0,0.0
187.0233934668865,2.222915950289547,0.6215279741568148,1.0,0.0,1.0,1.0,0.0
15.608841342894662,1.2626002232146316,0.5368944442963457,1.0,0.0,0.0,0.0,0.0
6.679073376194832,0.082001020911184,4.192391817846537,1.0,0.0,0.0,0.0,0.0
10.344651670676344,5.557285165318016,0.7504618949750793,1.0,1.0,0.0,1.0,0.0
15.249920904431276,4.306795773800975,1.0247714207363463,1.0,0.0,0.0,1.0,0.0
25.94305615887574,5.10632714277352,6.455179603215892,1.0,1.0,0.0,0.0,0.0
6.875317131359406,1.0727280997615558,2.016354474391109,1.0,0.0,1.0,1.0,0.0
1.6634626371620789,0.9265284829703562,2.2110746076460326,0.0,1.0,0.0,1.0,0.0
97.6991147689031,0.992088407257563,0.238829874481522,1.0,1.0,0.0,0.0,0.0
18.33587266579722,0.5443857688365372,1.7567810959202743,1.0,1.0,0.0,1.0,0.0
6.052657503341092,0.3043283082148516,4.311872787421806,1.0,0.0,0.0,1.0,1.0
7.164557915265338,0.567406408857287,0.6254083780127734,1.0,1.0,0.0,1.0,0.0
8.367764039519702,0.6650798793952942,0.3620369552940299,1.0,0.0,0.0,1.0,0.0
49.15659366790558,0.0243768161357316,1.887448875943088,1.0,1.0,0.0,1.0,0.0
17.351490468812106,2.827889726212754,3.0313626540822645,1.0,1.0,0.0,1.0,0.0
40.88839877324721,1.335132829653676,1.1351943370281257,1.0,1.0,0.0,1.0,0.0
12.857230373790395,0.1323611340357438,0.9208148506766316,1.0,0.0,1.0,1.0,0.0
27.78841731882552,0.5593421677513215,0.4743272315679527,1.0,0.0,0.0,1.0,0.0
39.17484687389529,0.3665144708100565,1.9754732341102303,1.0,0.0,0.0,1.0,0.0
4.536141516436077,1.1921399865334463,8.88355061512476,1.0,0.0,0.0,0.0,0.0
9.028807151910954,3.7135194108558967,1.647566013753358,1.0,0.0,0.0,1.0,0.0
57.46653781036679,1.2646719686813226,2.407763970853518,1.0,0.0,0.0,1.0,0.0
6.930633900573445,0.1708209210542347,3.679138803640707,1.0,0.0,0.0,1.0,0.0
16.150989184053273,2.157192788913289,1.3434851919405693,1.0,0.0,0.0,1.0,0.0
24.278951201114527,76.23220396238737,0.2218825583006339,1.0,0.0,0.0,1.0,1.0
13.519379163500613,41.48080857867187,4.933839456432379,1.0,0.0,0.0,1.0,1.0
11.17943517496376,0.1665814055857769,0.3706830422456641,1.0,0.0,1.0,0.0,0.0
2.5577920667876004,1.3354895327871268,1.088477199005108,1.0,0.0,1.0,0.0,0.0
2.1551429256271555,3.136147613876372,4.349452898484442,1.0,1.0,1.0,1.0,0.0
6.704949091874242,21.647590096267766,3.60756534526997,1.0,0.0,0.0,0.0,0.0
4.212355749003629,1.889533739659688,1.5953684127620296,1.0,0.0,0.0,1.0,0.0
11.175747310028765,0.5784240190634642,7.592381038169749,1.0,0.0,0.0,1.0,1.0
16.389740960782486,1.8509687781279047,0.6330602089771349,1.0,0.0,0.0,1.0,0.0
4.5936827584132,1.7818086655563774,0.7250954659467956,1.0,0.0,0.0,1.0,0.0
31.875830665792986,1.071267771686549,3.355701439267282,1.0,0.0,0.0,0.0,0.0
1.8663439871746368,2.0025806173789653,0.488243514894325,0.0,0.0,0.0,0.0,0.0
8.928783995332239,3.8218163446698186,2.551627111378697,1.0,0.0,0.0,1.0,0.0
6.040849996644395,0.801541860320338,0.2722747745846663,1.0,1.0,1.0,1.0,0.0
14.972843230590223,0.3088761978474774,0.0948175685477797,1.0,0.0,1.0,1.0,0.0
8.757434541223482,5.686865875880333,0.4138431130555564,1.0,1.0,0.0,1.0,0.0
7.910631880473105,0.8789307128780999,0.4698148687930816,1.0,0.0,0.0,1.0,0.0
470.68586942459314,0.0130249763125858,2.862453202551653,1.0,0.0,0.0,1.0,1.0
1.056845162064137,0.308848460389831,0.5713605880867424,0.0,0.0,0.0,0.0,0.0
8.29149296931709,2.4828012624787505,2.225275438624139,1.0,1.0,0.0,1.0,0.0
35.9237561429441,0.0347729762399834,1.3849263422568,1.0,0.0,1.0,0.0,0.0
8.73610184288571,1.357392421072955,0.1595939043977071,1.0,0.0,0.0,1.0,0.0
1.4327145590522044,7.163271222893959,0.6997394987498149,0.0,0.0,0.0,1.0,0.0
6.066498758316458,0.1365218100275523,2.2370865847766783,1.0,0.0,0.0,0.0,0.0
24.72802385274913,0.8846202489774421,1.2068300476325398,1.0,0.0,0.0,0.0,0.0
19.06091170526357,5.47119152649381,0.6996385670455866,1.0,0.0,1.0,1.0,0.0
29.00848055321813,0.7790726911267691,0.5288761646593487,1.0,0.0,1.0,1.0,0.0
2.534964160447134,15.099931615936985,0.8096573383948242,1.0,0.0,0.0,0.0,0.0
7.890008685241006,0.0321495761981186,4.242920304620916,1.0,1.0,1.0,1.0,0.0
41.598027129891946,2.1813902015415474,2.618709080670066,1.0,0.0,0.0,1.0,0.0
12.91636085519245,6.734522256997753,1.7653922851746746,1.0,0.0,0.0,1.0,0.0
49.78315600252351,0.0605806620468484,0.2823201069447778,1.0,0.0,0.0,1.0,0.0
7.605424226464832,30.00445154985281,0.5089522925672787,1.0,0.0,0.0,1.0,0.0
8.452834553990138,13.292589299026396,2.277122434205121,1.0,0.0,0.0,0.0,0.0
21.223341441665983,0.8130899773210825,12.19707296886434,1.0,0.0,0.0,0.0,0.0
4.660257168099599,2.261930868371172,1.7791646103389285,1.0,0.0,0.0,0.0,0.0
17.82373708260351,0.1268477961333424,1.5163145228400428,1.0,0.0,0.0,0.0,0.0
4.627756159290072,1.3287425122083345,0.4801672139617512,1.0,0.0,0.0,1.0,0.0
13.68180746489087,0.3591045661389156,1.5850677777037177,1.0,0.0,0.0,1.0,0.0
7.766705107832523,0.5434845621321613,0.3664956439818784,1.0,1.0,0.0,1.0,0.0
8.953148431259407,0.0572326356663637,3.041806736647693,1.0,0.0,0.0,0.0,0.0
13.88702362899526,0.0286836606940186,2.205001326638804,1.0,1.0,0.0,1.0,0.0
30.064347520775023,0.8917543198594476,1.6011623599577125,1.0,0.0,0.0,1.0,0.0
59.754631197252266,0.3849777064432065,1.3747947941642662,1.0,0.0,0.0,0.0,0.0
6.199638361280308,7.59989108264643,0.7402789152572103,1.0,0.0,0.0,0.0,0.0
21.78713257866779,7.822984448073253,0.896885782859522,1.0,0.0,0.0,1.0,0.0
7.431508399800918,0.9137415330168354,0.720294458097908,1.0,0.0,0.0,1.0,0.0
5.56491721210604,1.1847919961207802,0.2314304592084721,1.0,0.0,0.0,1.0,0.0
67.1532619209628,1.9589205887003749,1.2667167872813252,1.0,0.0,0.0,0.0,0.0
67.89031463830055,11.023600980157784,2.666020621360254,1.0,0.0,0.0,1.0,0.0
0.6594518234054757,0.7620347214349986,1.631816032268559,0.0,0.0,1.0,1.0,0.0
0.4725392422657949,0.4473472058607739,1.9139021651867008,0.0,0.0,0.0,1.0,0.0
7.05980400420247,0.56306402439311,2.577666956230962,1.0,1.0,0.0,0.0,0.0
4.391316858802719,0.8901536644558159,8.428110459748417,1.0,0.0,0.0,1.0,1.0
92.97822966140912,0.2982521494526629,4.819117899455564,1.0,0.0,0.0,0.0,0.0
4.8136648070484025,0.0459522430749382,2.0827692390319186,1.0,0.0,0.0,1.0,0.0
8.2834165471221,0.6186865918513345,0.3710027221258897,1.0,1.0,0.0,0.0,0.0
0.8659626854522436,3.3128379602980904,0.4048423000733902,0.0,0.0,0.0,0.0,0.0
12.989775736162049,2.319862934641691,1.78289195595784,1.0,0.0,0.0,0.0,0.0
13.491209903717564,11.8938615813608,31.89680123931799,1.0,0.0,0.0,1.0,1.0
4.860327164906895,0.0699951529989175,0.3125687048243042,1.0,1.0,0.0,1.0,0.0
3.1427445804211045,2.5596490294145497,0.1200252374170835,1.0,0.0,0.0,1.0,0.0
52.1309581428094,0.5772204625976046,0.7753168588791511,1.0,0.0,0.0,1.0,0.0
4.183632258608983,0.7466467888867709,0.5659318767430391,1.0,0.0,0.0,1.0,0.0
13.466248456538796,3.423217468864331,3.664690831425692,1.0,0.0,0.0,0.0,0.0
1.1454185113704785,3.34315425627926,0.273371306760001,0.0,1.0,0.0,1.0,0.0
1.2779501803126017,0.1445689664100208,0.1830624758306328,0.0,1.0,0.0,1.0,0.0
30.632153602340225,24.51411849954668,0.3678946197741021,1.0,0.0,0.0,1.0,0.0
57.221060380156224,0.8460633355772964,1.1085181461761526,1.0,0.0,0.0,1.0,0.0
10.29621062628804,0.5031541461502201,1.6053271109225062,1.0,0.0,0.0,0.0,0.0
6.015885556237331,1.2614366485703832,7.915852453513671,1.0,1.0,0.0,0.0,0.0
1.8292190569845128,0.0044855807750575,0.8166507422861643,0.0,0.0,0.0,1.0,0.0
1.9698822531412177,3.6764924587594,1.5539672277491368,1.0,0.0,0.0,1.0,0.0
2.5603706968615665,18.94052923238817,0.3873684056288852,1.0,0.0,1.0,1.0,0.0
5.122582630146244,1.8221077738065825,0.9270869024507692,1.0,0.0,0.0,0.0,0.0
2.7985405684122417,9.023522984206735,4.222850587070536,1.0,0.0,0.0,1.0,1.0
83.40447141880699,0.467166918218182,2.270647939835805,1.0,0.0,0.0,1.0,0.0
30.37702682484875,0.6502231397851659,2.3678573306123645,1.0,1.0,0.0,1.0,0.0
0.5894225978113444,0.3374054405784764,0.2088171280362265,0.0,1.0,0.0,0.0,0.0
31.7983482764509,0.7933683343321882,4.039211853032794,1.0,0.0,0.0,1.0,1.0
31.359343043933077,9.391381637193698,2.9355861504033216,1.0,1.0,0.0,1.0,0.0
7.429261083034074,0.0136805069658744,1.871962051418374,1.0,0.0,0.0,1.0,0.0
3.98773248327558,0.2607862702703647,1.0264142696593506,1.0,0.0,0.0,0.0,0.0
3.939804935573486,0.511206059679152,3.9818039618605914,1.0,0.0,1.0,0.0,0.0
22.155397031041925,2.023471402386531,0.6892167137522729,1.0,1.0,1.0,1.0,0.0
348.11873495388403,0.3354725693313719,2.269647121519292,1.0,0.0,0.0,1.0,1.0
19.06305636879009,0.7663837630358228,0.6436345574116973,1.0,0.0,0.0,0.0,0.0
18.675886485334605,0.0478486887160628,2.2431244669730184,1.0,0.0,0.0,1.0,0.0
27.15570312555651,2.532150118139589,2.4906044134413787,1.0,0.0,1.0,1.0,0.0
0.3931220958296052,0.0871970161250921,1.402214323438198,0.0,0.0,0.0,1.0,0.0
4.404261235914288,0.086969916864224,1.3101456231339108,1.0,1.0,0.0,1.0,0.0
13.520592858261171,2.440352478695296,0.1974490069275013,1.0,0.0,0.0,0.0,0.0
7.405042374664782,0.4480096896526684,3.9251179792846274,1.0,0.0,1.0,0.0,0.0
47.38572937833017,2.565454603173088,1.070504743485208,1.0,0.0,0.0,0.0,0.0
64.44209249739137,0.3091725913190063,0.2694995827839707,1.0,0.0,0.0,1.0,0.0
3.370850254839057,4.541967266461302,0.3998649557066763,1.0,0.0,0.0,1.0,0.0
1.2610341878513418,0.3239804961332959,0.1100699930488645,0.0,1.0,0.0,0.0,0.0
7.452304033414566,0.3317934282534578,0.0560832155016618,1.0,1.0,0.0,0.0,0.0
9.933270404888855,1.275262268404861,0.8476854425668421,1.0,0.0,0.0,1.0,0.0
14.446999411449076,0.2206010761766367,0.741153768215744,1.0,1.0,1.0,1.0,0.0
2.383613336126564,3.513283513277536,0.7131994669363915,1.0,1.0,0.0,1.0,0.0
31.953661133779065,2.444905345286726,0.4561549917469791,1.0,1.0,0.0,1.0,0.0
4.315146065162526,0.4730685442154882,1.3378206913516366,1.0,0.0,0.0,1.0,0.0
1.0635889097868108,0.0743708552007463,4.339363516128557,0.0,0.0,0.0,1.0,1.0
68.89847183071599,0.1553173233030728,3.7292092955315823,1.0,1.0,0.0,1.0,0.0
8.467709964564369,18.05546238587439,0.720479870832567,1.0,0.0,0.0,0.0,0.0
5.312270378122032,1.0870710835032926,3.777047049670287,1.0,1.0,0.0,0.0,0.0
25.412368103086173,0.1964249369492957,0.2067022829390396,1.0,1.0,0.0,1.0,0.0
2.55428081062744,0.454958058358477,7.932358041981497,1.0,0.0,0.0,1.0,1.0
1.856841086038408,1.888244439051049,0.5564181522723781,0.0,0.0,0.0,0.0,0.0
2.2190618191953204,0.2487230120423683,2.52461618360886,1.0,0.0,0.0,1.0,0.0
1.1651735462389552,0.412616456428602,0.4157756765460402,0.0,0.0,0.0,1.0,0.0
3.586920372496647,8.61709460094344,1.044981408979011,1.0,0.0,1.0,1.0,0.0
38.0944347043004,0.674953424965908,3.710228862703535,1.0,1.0,0.0,1.0,0.0
15.015584207495932,4.819807116827259,0.3639593098501896,1.0,0.0,0.0,0.0,0.0
87.97917083331446,0.2004289756430493,2.7664176595923893,1.0,0.0,0.0,0.0,0.0
7.310958519568788,0.6849514980980481,1.9884217803458213,1.0,0.0,0.0,0.0,0.0
43.50206552535378,5.173994481724157,1.1592294078800551,1.0,1.0,0.0,1.0,0.0
3.084379411640509,9.856792535011737,1.0960506658207352,1.0,0.0,0.0,0.0,0.0
65.23266165748655,10.642221586835046,1.1283789814878624,1.0,0.0,0.0,1.0,0.0
21.139529472718923,4.614542182859903,0.9328161834789548,1.0,0.0,0.0,1.0,0.0
6.834916735211209,5.314275077163164,0.6739164873351009,1.0,0.0,0.0,1.0,0.0
83.24383668210804,0.8048590115464913,2.0412283395140687,1.0,0.0,0.0,1.0,0.0
9.387045061285624,0.0378859743358789,0.7397184994973579,1.0,1.0,0.0,1.0,0.0
33.76560969999585,0.6582571515946855,9.049284555020956,1.0,1.0,0.0,0.0,0.0
10.293325163982404,0.50796674067399,0.6501112273601451,1.0,1.0,0.0,1.0,0.0
3.503969762836197,3.5021534167926984,3.1416065000109694,1.0,0.0,0.0,1.0,0.0
18.470226871042016,5.024881519545579,1.0597692896200228,1.0,0.0,0.0,0.0,0.0
14.52754107994916,0.2785881271114753,1.3343657000204947,1.0,0.0,0.0,0.0,0.0
9.43527961033194,0.8109611944928752,0.7752301813543241,1.0,0.0,0.0,1.0,0.0
9.231971206982122,11.154342592184232,0.8889055366404335,1.0,0.0,0.0,0.0,0.0
124.92085412773264,2.0842183544962385,1.1017274224432256,1.0,0.0,0.0,0.0,0.0
2.639435737466032,0.9724789582675192,1.118467283310081,1.0,0.0,0.0,1.0,0.0
6.672771939658716,0.8783809922990508,0.3170120343200786,1.0,0.0,0.0,0.0,0.0
7.787278521625707,1.2296989653817545,0.6000728529307896,1.0,0.0,0.0,1.0,0.0
1.5562846881207937,0.7328777008935126,1.4554861986253698,0.0,1.0,0.0,1.0,0.0
24.900970025677964,4.766671176027509,0.4758645254100273,1.0,1.0,0.0,1.0,0.0
8.736813733275273,0.7103955699449095,0.6038518222706791,1.0,0.0,0.0,1.0,0.0
15.712364809005969,1.1480784381616873,1.8939806856123271,1.0,0.0,0.0,0.0,0.0
15.875592812736931,0.871379676619754,0.2423875736069287,1.0,0.0,0.0,1.0,0.0
15.886584618099947,0.1134258562459466,1.234741682042645,1.0,0.0,0.0,1.0,0.0
8.988644970717168,1.5202948490546933,1.3033184346379922,1.0,0.0,0.0,1.0,0.0
70.64237497311213,2.6922174381335147,0.3707668658543061,1.0,1.0,0.0,0.0,0.0
5.513852784464204,0.1430984526126389,0.0638750489156903,1.0,0.0,0.0,1.0,0.0
106.23497114930218,0.7675175220798548,0.0713459854349854,1.0,1.0,0.0,0.0,0.0
21.035370163236877,1.7452470691712472,6.990473441136418,1.0,0.0,0.0,0.0,0.0
15.598594433555284,0.1833214653513699,0.1729918947788649,1.0,1.0,0.0,0.0,0.0
5.378137237569941,16.270858933567744,0.8474102051854409,1.0,0.0,0.0,1.0,0.0
1.1991604476814348,0.5778871414275415,0.3061918433495092,0.0,1.0,1.0,1.0,0.0
56.69249033246147,19.927276197886403,0.640343274294107,1.0,0.0,0.0,1.0,0.0
151.20289261654236,0.0379987300054465,3.09525003884133,1.0,1.0,0.0,1.0,0.0
12.643601544841014,10.37581364803891,3.165597971242808,1.0,1.0,0.0,1.0,0.0
6.690059266012228,3.5414663789769465,4.985555774320959,1.0,1.0,0.0,1.0,1.0
4.491212927071905,1.559599572401741,4.364712354645648,1.0,0.0,0.0,1.0,1.0
7.219792672458881,0.9221343566792092,2.2126858579087822,1.0,0.0,1.0,1.0,0.0
1.0379540464608867,5.219651184561916,1.8894278622143823,0.0,1.0,1.0,1.0,0.0
121.51983442628136,1.778602261611253,0.357201303419013,1.0,1.0,0.0,1.0,0.0
3.0331735705404697,4.780096913131607,4.374404751501045,1.0,1.0,0.0,0.0,0.0
40.97880709352091,0.9892335460222929,1.193155419876907,1.0,1.0,0.0,1.0,0.0
157.8511028615907,0.0237210269295372,0.3888933529194032,1.0,0.0,0.0,1.0,1.0
7.619709825990643,0.2307583044022748,0.7311643902383395,1.0,0.0,0.0,1.0,0.0
1.1255102261305243,0.0690146245665544,0.3727203321455076,0.0,0.0,0.0,1.0,0.0
4.590472113513495,2.569488458278076,0.6303869234774441,1.0,0.0,0.0,0.0,0.0
3.0301017454326225,0.8830795833755359,1.6931329241522983,1.0,1.0,0.0,1.0,0.0
24.96607039475764,2.0609377543732075,0.654202648761847,1.0,1.0,0.0,0.0,0.0
6.0646901784763525,2.071827508521737,0.706185271376834,1.0,0.0,0.0,1.0,0.0
0.1492967886770133,0.232007459351982,0.0823692374978239,0.0,1.0,0.0,1.0,0.0
7.119423792156507,0.0320681443682482,0.2669391725757544,1.0,0.0,0.0,0.0,0.0
17.38406856324938,2.4074280388085465,1.8751284942013744,1.0,0.0,0.0,0.0,0.0
98.63047309279446,0.178475625374137,0.1556256546645501,1.0,1.0,0.0,1.0,0.0
5.318926958901005,0.3775200796685645,3.046599077464404,1.0,1.0,0.0,0.0,0.0
17.767771656336826,0.905944721258608,1.423405633596565,1.0,0.0,0.0,1.0,0.0
27.77795878126152,0.5934747162487962,0.2232063778888765,1.0,1.0,0.0,1.0,0.0
3.190875458350788,3.6057798576151616,3.0365476657381487,1.0,0.0,0.0,1.0,0.0
27.041641435625035,0.5572105736215164,1.1450637969454132,1.0,0.0,0.0,1.0,0.0
26.11954965909728,2.741901828015116,1.0444690244044674,1.0,1.0,0.0,0.0,0.0
7.32563583137035,0.1877884929645774,1.1263498757797126,1.0,0.0,0.0,1.0,0.0
4.839573124137952,0.8908516157636904,0.2583179165381216,1.0,0.0,0.0,0.0,0.0
91.91575057951736,7.028275250315422,1.6847458568546412,1.0,1.0,1.0,0.0,0.0
1.1195176844282444,0.2026069008048134,0.6056458735732806,0.0,0.0,0.0,1.0,0.0
14.011837928821611,0.775362226866131,4.356687441988122,1.0,0.0,0.0,0.0,0.0
21.9693182799267,0.1295370435937708,2.954212909078996,1.0,1.0,0.0,0.0,0.0
7.555610468047344,0.0267385403620542,2.0825651799768963,1.0,1.0,0.0,1.0,0.0
6.367392551887961,1.1326241828767896,0.5318657931339629,1.0,1.0,0.0,0.0,0.0
36.42576094245377,1.3522703565337504,0.0938706153822824,1.0,0.0,0.0,1.0,0.0
10.97398564771901,12.413261310444362,0.4400114205025516,1.0,0.0,0.0,1.0,0.0
8.897080455290444,1.207154310709287,1.0845217341723936,1.0,0.0,0.0,1.0,0.0
41.9363864283836,1.2019669226267988,0.682568448355475,1.0,0.0,0.0,1.0,0.0
11.239049636069128,0.5754765265898886,3.8671937063855353,1.0,0.0,0.0,0.0,0.0
7.648237946004658,0.0832534997787175,0.632951903654876,1.0,0.0,0.0,1.0,0.0
2.479809107082069,0.0130038078996221,0.8301590922595987,1.0,0.0,0.0,1.0,0.0
282.0318810444485,0.0096989394341471,0.2637607392015421,1.0,0.0,0.0,1.0,1.0
6.440704033251261,52.616010784286,0.2513867763602692,1.0,0.0,0.0,1.0,1.0
2.37343871336052,1.4168064814097374,0.4030428564393116,1.0,0.0,0.0,1.0,0.0
1.6853243994640394,2.408954723402813,0.3466093355029706,0.0,0.0,0.0,1.0,0.0
1.5541749946743246,0.7086530531859536,2.2169166808660585,0.0,1.0,0.0,0.0,0.0
28.776877351072653,0.4826652923984321,0.377338021626863,1.0,0.0,0.0,1.0,0.0
7.922756790501896,0.1043050247767881,0.5177782608633837,1.0,1.0,0.0,1.0,0.0
57.14821361420592,0.4177324349591358,2.0644412318743184,1.0,1.0,0.0,1.0,0.0
5.009689645134669,3.598297119027884,1.2543756289659056,1.0,0.0,0.0,1.0,0.0
7.20305828285021,1.1968326556319493,1.2038970554524984,1.0,0.0,1.0,0.0,0.0
10.023971604261217,0.4268899894889146,0.104071022630384,1.0,0.0,1.0,0.0,0.0
7.931935599939694,14.448757482219666,0.4258031081370322,1.0,0.0,0.0,0.0,0.0
19.098697101062037,3.470170748258832,0.1422997326380647,1.0,0.0,0.0,1.0,0.0
1.5671876661021944,0.197819877200217,0.1451702243094714,0.0,0.0,0.0,1.0,0.0
26.9325488275546,0.8835096550201619,0.1915637217085863,1.0,0.0,1.0,1.0,0.0
56.663988033477885,0.5184182427723691,0.8134841831028348,1.0,0.0,1.0,0.0,0.0
2.709214829673436,0.0193850362433808,0.5363353630924667,1.0,0.0,0.0,1.0,0.0
11.020703550630785,0.9472284751244132,0.8132443992957823,1.0,0.0,0.0,1.0,0.0
6.301335852554176,1.4045977397522005,1.104353308887322,1.0,0.0,0.0,1.0,0.0
9.237732615252064,3.1864373916056774,2.1208184435585133,1.0,0.0,0.0,0.0,0.0
14.477146489448224,0.2352345370287395,0.3175201657111743,1.0,1.0,0.0,1.0,0.0
7.18487199422636,6.418740915398954,2.8984449117299205,1.0,0.0,0.0,0.0,0.0
32.61200139400982,0.79957038380373,0.18239185112905,1.0,0.0,0.0,1.0,0.0
17.479450631382523,4.972631148178461,0.7502250322239732,1.0,1.0,0.0,0.0,0.0
5.037054811193056,1.451556185281795,1.4949357375221108,1.0,0.0,0.0,1.0,0.0
1.4438611805517214,0.3214577116126314,2.585614917042932,0.0,0.0,0.0,1.0,0.0
31.96962916488657,1.089855514457142,0.7008962670310948,1.0,0.0,0.0,1.0,0.0
15.438525812533909,1.3980293174715808,0.6618976307555385,1.0,1.0,0.0,0.0,0.0
4.917570779710026,0.4741273651587845,2.779178178868491,1.0,1.0,1.0,1.0,0.0
72.1804192422672,0.1962059690121666,0.8417139868130153,1.0,0.0,0.0,1.0,0.0
33.99959347013945,0.3862750968649868,0.9201920612364474,1.0,1.0,0.0,1.0,0.0
9.7656757527097,1.1782214181773103,1.4789341943802332,1.0,0.0,0.0,1.0,0.0
4.915626944348808,1.2296867104981115,0.2577869002069142,1.0,1.0,0.0,1.0,0.0
13.63895630532662,3.7714949658988206,0.3130727353742765,1.0,0.0,0.0,1.0,0.0
26.185772988688846,0.9233946990244012,1.1431294843549349,1.0,0.0,0.0,1.0,0.0
15.005409333674203,0.1062496662198111,1.3734438189228058,1.0,0.0,0.0,1.0,0.0
11.486151373444187,0.0190438282948084,0.4635818915072118,1.0,1.0,0.0,1.0,0.0
19.39504133203275,0.0533362012774184,0.9002855612213685,1.0,0.0,0.0,0.0,0.0
27.37178126318462,7.008849027096113,2.989415675969603,1.0,1.0,1.0,1.0,0.0
17.368458379231807,0.0145208811565439,0.7553522958994143,1.0,1.0,0.0,1.0,0.0
8.665661914029895,0.5010990381499782,3.213014226332912,1.0,0.0,0.0,0.0,0.0
36.97091146796556,1.0973835123865747,2.000408841428392,1.0,1.0,0.0,1.0,0.0
2.359904807228179,5.129253558970558,2.8286722832566413,1.0,1.0,0.0,1.0,0.0
5.382644537430921,8.569239238039971,1.0262257522877525,1.0,0.0,0.0,0.0,0.0
19.00004626319755,1.396617804083263,2.687431009638822,1.0,1.0,0.0,1.0,0.0
17.79664875059304,0.0766123916119428,1.5602659136174202,1.0,0.0,0.0,0.0,0.0
9.239028974981638,0.7481993288734211,0.6831691403699852,1.0,1.0,0.0,1.0,0.0
27.957100952486616,0.0205110204108416,1.1481506823262335,1.0,1.0,0.0,1.0,0.0
53.835884082906425,0.1213884642579412,3.0453848214910924,1.0,1.0,0.0,1.0,0.0
9.034412759041544,2.941686947320958,0.7389574243311671,1.0,1.0,0.0,1.0,0.0
4.635566415268051,2.8482059670803213,1.0627512019826748,1.0,0.0,0.0,0.0,0.0
43.62562353077864,6.6205117861466505,0.7965849900692774,1.0,0.0,1.0,0.0,0.0
41.76681618003939,20.385131586214023,0.4767694669116061,1.0,0.0,0.0,0.0,0.0
4.692687485901105,8.302814220135032,1.8314687631344737,1.0,0.0,0.0,0.0,0.0
6.9975289123370645,2.921534884907707,2.628877636969784,1.0,0.0,0.0,1.0,0.0
4.201531353950559,0.3683246232004481,2.420618273711425,1.0,0.0,0.0,0.0,0.0
51.40766891146496,25.45363245541055,1.0781473042486691,1.0,1.0,0.0,1.0,0.0
21.79867327386507,0.9988752974176446,3.305419538737013,1.0,1.0,1.0,1.0,0.0
25.09707729116062,37.49823088041769,1.8708255479952824,1.0,0.0,0.0,0.0,0.0
58.588188904978274,0.2703921725390824,0.5974759132379319,1.0,1.0,0.0,1.0,0.0
7.28770345112475,1.3125524563140103,1.2860752378652311,1.0,0.0,0.0,1.0,0.0
28.66180596555428,2.079075287985555,0.4086001980885864,1.0,0.0,0.0,0.0,0.0
66.1793129920132,0.6411453877809181,2.3077851988193725,1.0,1.0,0.0,1.0,0.0
11.284928207210411,2.3593477515147567,0.4090522450509492,1.0,1.0,0.0,1.0,0.0
18.861214354206595,19.5605791337798,0.3054514553744203,1.0,0.0,0.0,1.0,0.0
10.635398462483,19.27230208006272,1.7269487090309574,1.0,0.0,1.0,0.0,0.0
10.199936762066873,1.6920655782016218,2.4520441323589357,1.0,1.0,0.0,1.0,0.0
3.337197187983528,0.8388649235904211,5.904266615155806,1.0,0.0,0.0,1.0,1.0
42.3234538024519,0.8581147009296882,1.5257865455012944,1.0,0.0,0.0,1.0,0.0
2.710757171679821,2.854214704487352,0.3602404112743784,1.0,0.0,0.0,1.0,0.0
3.5274826984590457,1.5784109173453422,0.3154898690322086,1.0,1.0,0.0,1.0,0.0
58.90526009782054,0.2168795496757735,1.286349480766568,1.0,0.0,0.0,0.0,0.0
10.120099633494991,22.65930329493408,1.4609360764546329,1.0,0.0,0.0,0.0,0.0
24.7588623666268,0.0625829379517872,2.00527714078683,1.0,1.0,0.0,1.0,0.0
37.62020710245402,1.9580000557329933,1.9549315570938643,1.0,0.0,0.0,1.0,0.0
0.8548271966918787,0.5945285564564415,10.574899970043807,0.0,0.0,0.0,1.0,1.0
5.569357861840289,3.521288024775473,12.839488467576864,1.0,1.0,0.0,1.0,1.0
4.113938997479654,0.6172057554711025,0.1920324917234771,1.0,1.0,0.0,1.0,0.0
21.889932469801018,4.229719105591187,0.5333538140045223,1.0,0.0,0.0,1.0,0.0
8.926518391225027,0.3378051558945464,2.04914617442786,1.0,0.0,1.0,1.0,0.0
27.47462995921966,1.1606416369377843,0.0879281338819894,1.0,0.0,0.0,1.0,0.0
0.9514706302513344,0.5572970521392155,3.0311761246357087,0.0,1.0,0.0,0.0,0.0
19.42022155361984,0.7569709783012661,0.8330591886339646,1.0,1.0,0.0,0.0,0.0
2.171184013040216,0.1214214713010054,2.143880356237741,1.0,1.0,0.0,1.0,0.0
63.892630635545146,4.97634964643462,0.1277617270552617,1.0,0.0,0.0,1.0,0.0
3.4216404968413183,0.446175192206002,1.4259425077182706,1.0,0.0,0.0,0.0,0.0
1.2707758224909496,2.333193034375971,0.3926251019341003,0.0,0.0,0.0,1.0,0.0
6.452370923581381,0.594700403220817,0.9526439122370656,1.0,1.0,0.0,1.0,0.0
0.7271421003190044,2.341654532221842,0.6731990902396947,0.0,0.0,0.0,1.0,0.0
5.167653610748561,0.346935566576757,0.4066521478398299,1.0,0.0,0.0,0.0,0.0
0.810829715279935,11.33226777518616,1.854973116369016,0.0,0.0,1.0,0.0,0.0
8.963458898332522,0.0468178791347342,2.0959238910157896,1.0,1.0,0.0,1.0,0.0
17.284778125951224,0.2920636645274079,1.746513107946087,1.0,0.0,0.0,0.0,0.0
37.22748868007052,0.8163460178860867,13.20611316239109,1.0,1.0,0.0,0.0,0.0
11.866398241517084,8.134888414002143,0.1368460807670606,1.0,0.0,1.0,1.0,0.0
28.74602610302362,0.2941197695843427,3.3626909829241134,1.0,0.0,1.0,1.0,0.0
5.758185929801687,0.7349913616820065,0.5432389479359605,1.0,0.0,1.0,0.0,0.0
47.74986580470895,3.9489105759928766,0.9051868896743602,1.0,0.0,1.0,1.0,0.0
5.315000633135895,0.0403838855446321,4.640266497372757,1.0,1.0,0.0,0.0,0.0
3.586438922260371,0.2265263607605326,0.7357538042986577,1.0,0.0,0.0,1.0,0.0
2.932197233456224,10.179709943533394,0.1972674316781678,1.0,1.0,0.0,1.0,0.0
4.865110209072087,0.6108320289663276,0.2195571557752187,1.0,1.0,0.0,0.0,0.0
6.607421307130918,0.5897747396101805,0.346175285416353,1.0,0.0,0.0,1.0,0.0
4.23473758609833,3.2378072035059144,1.0832627093246163,1.0,1.0,0.0,0.0,0.0
72.11505194385724,6.61099875508141,0.730414673570438,1.0,0.0,0.0,1.0,0.0
26.557659046979257,0.330236542127408,2.655620863952326,1.0,1.0,0.0,1.0,0.0
18.113853493684985,0.0563174921069571,1.0089432098795152,1.0,1.0,0.0,1.0,0.0
2.4633951815032744,11.422783141221862,3.4958042726135865,1.0,1.0,0.0,0.0,0.0
63.48779247203527,0.5087609261444629,8.037806201220043,1.0,0.0,0.0,1.0,1.0
5.297190303282626,0.2627960817292568,1.952031453292708,1.0,0.0,0.0,1.0,0.0
1.963978628560397,0.0181423604460339,1.5501925372836038,1.0,1.0,0.0,1.0,0.0
12.590148841977358,0.9063730245269116,0.5987717239489281,1.0,1.0,0.0,0.0,0.0
5.38458039936533,1.016885339332851,16.879187493063284,1.0,0.0,0.0,0.0,0.0
19.477154925134272,3.068741263225521,0.4333083521978231,1.0,0.0,0.0,1.0,0.0
34.63059474911466,0.2528698889582318,0.5472852987709975,1.0,0.0,0.0,1.0,0.0
2.7192711150057023,1.3378484910669688,6.656038047016536,1.0,0.0,0.0,1.0,1.0
200.41736692062145,0.0952303525858093,0.4882901827622187,1.0,0.0,1.0,1.0,0.0
20.809106555855923,0.0180586055994597,19.55733636334261,1.0,0.0,0.0,0.0,0.0
39.14072883735638,2.6530128519700598,0.7063944090193801,1.0,1.0,0.0,1.0,0.0
4.612780848873332,14.052106345203022,2.3300799702514263,1.0,0.0,0.0,1.0,0.0
4.840441430382884,0.1169061793392319,0.6661263435420612,1.0,0.0,0.0,1.0,0.0
1.7047065334884508,1.726442705114663,0.5045302453384645,0.0,0.0,0.0,1.0,0.0
9.235670173944024,0.1141661550748102,0.920760123296922,1.0,1.0,0.0,1.0,0.0
39.203036828029575,0.0122129437368585,4.146755844420654,1.0,1.0,0.0,1.0,1.0
190.59761111576228,1.1075523876558588,1.2504958342053714,1.0,0.0,0.0,1.0,1.0
17.30115103292795,0.3869315478804699,1.0674598098707877,1.0,1.0,0.0,1.0,0.0
31.049911170055104,2.018092222238471,4.367155657294479,1.0,0.0,0.0,1.0,1.0
68.44829355394143,0.4076619108030878,0.1942467005055843,1.0,1.0,0.0,1.0,0.0
28.522340576977605,11.969213819301896,3.078204592311666,1.0,0.0,0.0,1.0,0.0
13.781287824331107,3.0134984581385336,5.10762016116538,1.0,1.0,0.0,0.0,0.0
34.631514400524466,2.3918347127431683,1.1043643047332463,1.0,0.0,0.0,0.0,0.0
16.759364719758185,9.32460453627842,3.5373889933088503,1.0,0.0,0.0,1.0,0.0
10.76657448551918,2.4584695839557607,0.9716271131102694,1.0,0.0,1.0,1.0,0.0
8.596766148107667,0.9328591038572664,3.297508792662209,1.0,1.0,0.0,1.0,0.0
213.48220612619315,0.0639060661490321,0.7834647819682125,1.0,0.0,1.0,1.0,0.0
16.476117773704033,0.1488921379840109,0.3895021601346748,1.0,0.0,0.0,1.0,0.0
7.046825859203685,0.5410102514619481,0.3215802804063125,1.0,0.0,0.0,0.0,0.0
8.771672726580276,0.9523588684404432,2.012226522082805,1.0,1.0,0.0,1.0,0.0
59.25304562099048,1.041176048315474,0.4410525191159629,1.0,0.0,0.0,1.0,0.0
1.8650786078011268,2.769790497578549,0.4310218724667985,0.0,0.0,0.0,1.0,0.0
26.89893244916144,5.0707599616496095,3.407324418747204,1.0,0.0,0.0,1.0,0.0
277.09882747789345,142.92880774988606,0.5445529180135252,1.0,0.0,0.0,0.0,1.0
3.239101119471159,0.1904278249094497,0.743112593688304,1.0,0.0,0.0,1.0,0.0
1.3067424951044293,0.4562792599197015,3.252628551554335,0.0,1.0,0.0,0.0,0.0
4.580808912879152,0.0966918652203712,3.1359865543481966,1.0,0.0,1.0,1.0,0.0
246.34736739584145,0.0860399977815045,2.253621731919093,1.0,0.0,0.0,1.0,1.0
2.607890342806532,0.3164941719468158,0.994352480312444,1.0,0.0,0.0,1.0,0.0
34.98034657576555,2.2388176786792684,0.4538301788492892,1.0,1.0,0.0,1.0,0.0
11.43822373408883,0.9542149348176212,2.0465180025558376,1.0,0.0,0.0,0.0,0.0
3.277658600556609,0.48665638527924,1.7753317082514972,1.0,0.0,0.0,1.0,0.0
391.575757988428,16.573686113438345,3.639700963943575,1.0,0.0,0.0,1.0,1.0
38.319112238779816,19.53102885039151,1.9624813700683568,1.0,1.0,0.0,0.0,0.0
10.55423059767195,2.9580168289995994,0.4594382978446121,1.0,0.0,1.0,0.0,0.0
22.289062235993608,0.077414756103338,0.4319833447988008,1.0,1.0,0.0,0.0,0.0
55.80785667983825,0.1502228453438801,2.1440554595872765,1.0,0.0,0.0,1.0,0.0
43.706039052588345,2.2609647753475826,2.331707994783431,1.0,0.0,0.0,1.0,0.0
18.66289013787137,0.1477506042802396,2.4291004629910367,1.0,1.0,0.0,0.0,0.0
16.698222654394453,7.794632359479512,1.599365542714447,1.0,1.0,0.0,1.0,0.0
52.40880094957773,1.3038138029565407,0.951097012015274,1.0,1.0,0.0,1.0,0.0
33.27991432284023,0.8186853045901361,0.329159602769405,1.0,1.0,0.0,1.0,0.0
0.8610037003531021,1.198605710826003,1.4805478235147842,0.0,1.0,0.0,0.0,0.0
5.174413481314506,3.5903469100813976,5.3925375238924405,1.0,0.0,0.0,1.0,1.0
8.688837611817759,1.18613480753963,1.5803502173569155,1.0,0.0,0.0,0.0,0.0
4.91389816615553,26.260680914749667,0.4819729011217999,1.0,0.0,0.0,1.0,0.0
1.944154505211126,0.0682791373383,0.3867850729138232,1.0,0.0,0.0,1.0,0.0
209.51709040381365,1.3885749184253389,1.5814478760164377,1.0,0.0,0.0,1.0,1.0
9.324013330146428,6.217974432402816,0.1034900609786166,1.0,0.0,0.0,1.0,0.0
4.28958428072661,0.78821839660793,0.4310951375237917,1.0,0.0,1.0,1.0,0.0
0.7858877885933121,0.0999369993271834,1.9329448543839989,0.0,1.0,0.0,0.0,0.0
5.031825532219626,4.052589159633889,2.0430437512989017,1.0,0.0,0.0,0.0,0.0
1.7411687644958855,67.0518429198311,0.9977075535006694,0.0,1.0,0.0,1.0,1.0
6.402585830197485,1.5337764866059709,1.004767318120059,1.0,1.0,0.0,1.0,0.0
11.145207385234816,0.5332151203030688,0.9269969214197455,1.0,0.0,0.0,1.0,0.0
6.187217886599049,1.9750131369455264,3.694233000496581,1.0,1.0,0.0,1.0,0.0
7.155680253006452,3.1785557467462264,1.2397263226532174,1.0,0.0,0.0,0.0,0.0
1.401006524632345,0.7424739720052577,0.3969039614884435,0.0,0.0,0.0,1.0,0.0
12.783956478808282,0.4917763884959968,1.6843752746083305,1.0,0.0,0.0,0.0,0.0
24.02223802924938,0.3968140653112566,2.3981299021050657,1.0,0.0,0.0,0.0,0.0
32.5693670068954,1.225081380606311,0.2730277500340649,1.0,0.0,0.0,0.0,0.0
1.4496243992477122,0.0411027569466416,4.380323749336101,0.0,0.0,0.0,0.0,1.0
2.8909538897547304,0.0659147472185047,1.7127346942644457,1.0,0.0,0.0,1.0,0.0
245.9252399186263,0.3304475381305372,0.2723812911118177,1.0,1.0,0.0,0.0,0.0
5.491518184058827,0.2629270345251305,0.6020341080523879,1.0,0.0,0.0,1.0,0.0
28.631507784115456,1.195520125697271,1.511263785364184,1.0,0.0,1.0,1.0,0.0
2.2738798520599017,0.0913876927374139,1.894775156700947,1.0,1.0,0.0,0.0,0.0
16.924916236611608,0.2951646856805225,0.2372522797687245,1.0,0.0,0.0,0.0,0.0
1.7220939859609148,0.8187347006613852,5.238423717058628,0.0,0.0,0.0,1.0,1.0
8.117925750640556,0.4840225719592025,2.432595988429707,1.0,0.0,0.0,0.0,0.0
4.534527275331865,2.174756108892692,0.8960035530402918,1.0,0.0,0.0,0.0,0.0
28.13528280174643,0.0385931488637741,1.3543196861193956,1.0,0.0,0.0,0.0,0.0
1.618241502064376,1.019759647441013,0.6046869439387972,0.0,0.0,0.0,1.0,0.0
15.606184367271355,29.825585489268505,1.9922104989627785,1.0,0.0,0.0,1.0,0.0
12.642716376325202,1.0059366268332957,9.5049739634038,1.0,0.0,0.0,1.0,1.0
6.820606552233391,0.8637860800654554,0.3895307793416656,1.0,0.0,0.0,1.0,0.0
3.3946616646613545,22.11743018519164,1.736706010962275,1.0,1.0,0.0,1.0,0.0
0.5511386220359779,3.1248051618652743,1.0943409457162612,0.0,0.0,0.0,0.0,0.0
75.97426636287393,2.0062005021060063,0.7393697323561278,1.0,0.0,0.0,1.0,0.0
7.974877933432661,2.614159858557916,0.4739087923814419,1.0,0.0,0.0,1.0,0.0
3.5127124077913248,1.4250773860780297,5.865610359090359,1.0,0.0,0.0,0.0,0.0
40.577155652134905,9.088113491431235,2.214564759663448,1.0,0.0,0.0,1.0,0.0
13.1820480239594,17.107746295365548,12.076386983348328,1.0,1.0,0.0,0.0,0.0
120.46324538121723,0.533535956303085,1.2934324684956062,1.0,1.0,0.0,0.0,0.0
13.23712328357495,1.138320784203498,1.3258900324003888,1.0,0.0,0.0,1.0,0.0
1.16189783458966,1.0417968886830116,0.3960304503043477,0.0,1.0,0.0,0.0,0.0
1.8059981150862088,2.515152134948625,0.5214333470884646,0.0,0.0,0.0,1.0,0.0
292.68174624530405,0.0232854170964162,0.6133814932750988,1.0,0.0,0.0,1.0,1.0
2.0168135142941725,2.063563977396748,8.942051983426909,1.0,1.0,0.0,1.0,1.0
49.09740577402519,2.449669406769002,2.8563637456968647,1.0,0.0,1.0,1.0,0.0
5.023118764908428,0.8057060527693078,0.5472646824718155,1.0,0.0,0.0,1.0,0.0
6.017960391346681,0.3261400174650741,0.9135545799827266,1.0,0.0,0.0,0.0,0.0
144.43420031359372,0.6342291974641402,3.2770455758664867,1.0,0.0,0.0,0.0,0.0
9.145747128869562,0.935245672676586,0.5308354957008841,1.0,0.0,0.0,0.0,0.0
3.1382829824188536,5.766406075492126,0.1796374627795423,1.0,1.0,0.0,1.0,0.0
2.314621783514908,1.626656544544902,0.374645039537798,1.0,0.0,0.0,1.0,0.0
24.064377574955294,0.9863437078113458,0.3115914528293114,1.0,0.0,1.0,0.0,0.0
1.6006654494162345,31.462667613936983,3.1495775258920973,0.0,0.0,0.0,1.0,0.0
103.02009175955908,2.3457595672912723,2.953296050002822,1.0,0.0,0.0,0.0,0.0
132.84848383480357,0.4909157753602716,0.2181717879260437,1.0,0.0,0.0,0.0,0.0
23.35659123434856,3.111617723620892,3.8159826225131583,1.0,0.0,0.0,0.0,0.0
225.9988238990136,3.849998678731565,1.8603070143350384,1.0,0.0,1.0,0.0,0.0
2.887848153516281,0.0893962475044542,1.234228376364837,1.0,0.0,0.0,1.0,0.0
3.4339253805385304,0.6590490528142791,0.7009672894747376,1.0,1.0,0.0,1.0,0.0
7.199178555370548,3.148794269140572,1.1523069570035558,1.0,1.0,0.0,1.0,0.0
12.999596400816824,0.0108029478236052,1.6334930753347272,1.0,1.0,1.0,0.0,0.0
2.7892511903778976,2.1577318018522758,0.9874947031901872,1.0,0.0,0.0,1.0,0.0
5.900286556909731,0.0520034069173272,4.931408473878854,1.0,1.0,0.0,0.0,0.0
1.5254778904121973,2.094755559225285,4.255993863387811,0.0,0.0,0.0,1.0,1.0
3.2224460961174897,1.9085720113200384,2.831550073616721,1.0,0.0,0.0,1.0,0.0
3.066273962884269,0.0318390535728511,0.4428520426761456,1.0,1.0,0.0,0.0,0.0
13.081416499627338,7.1839852750074025,3.068844331706716,1.0,0.0,0.0,0.0,0.0
2.3271667845314994,0.1026470648148401,1.1975187825785012,1.0,1.0,1.0,1.0,0.0
159.4904923051755,2.8038096028539687,1.9912848358164943,1.0,0.0,0.0,1.0,1.0
6.359396323554295,2.475527231102656,0.4498763431632065,1.0,0.0,0.0,1.0,0.0
27.120426148291585,0.0062461372855825,1.4244652963254174,1.0,1.0,0.0,0.0,0.0
9.064221534437614,2.4781181644234795,0.4267946384187787,1.0,0.0,0.0,1.0,0.0
7.437323308617545,0.5846535779691933,2.949208517726692,1.0,0.0,0.0,1.0,0.0
2.7109180144381595,2.46661008510431,0.4215420715954031,1.0,0.0,0.0,1.0,0.0
2.504224579445721,3.0447225434565435,0.4524169194959787,1.0,0.0,0.0,0.0,0.0
2.39025572833606,0.3468044747392301,0.5228209753373926,1.0,0.0,0.0,1.0,0.0
2.1304261749955224,0.5941637591801069,0.1830524176883974,1.0,0.0,0.0,1.0,0.0
0.7841249907419905,4.546655468759171,1.2390493078819684,0.0,0.0,0.0,0.0,0.0
71.08176361784967,14.83043771409123,6.684848755537368,1.0,0.0,0.0,0.0,0.0
7.797819939715774,0.797535990395125,1.979753235505103,1.0,0.0,0.0,1.0,0.0
10.41665744595046,7.534906862855329,1.4096944804663325,1.0,0.0,1.0,1.0,0.0
1.8358497429894176,2.870835660365521,1.1500178558799676,0.0,0.0,1.0,1.0,0.0
1.2287393148674854,4.848102374866241,0.7475300041951514,0.0,1.0,1.0,1.0,0.0
27.33960215406038,7.004323506343586,3.4016160748485347,1.0,0.0,0.0,1.0,0.0
6.912117795254395,1.34303451008408,0.9636783294971056,1.0,0.0,0.0,1.0,0.0
81.00984925801421,0.9769745425842048,2.9853579065517355,1.0,1.0,0.0,1.0,0.0
28.057850070589225,0.1507617632983844,0.335202415501684,1.0,1.0,0.0,0.0,0.0
5.64185317248553,0.0787655713817023,4.61081100997373,1.0,0.0,0.0,1.0,1.0
46.71698124703016,2.0701805410953105,15.217936137790897,1.0,0.0,0.0,1.0,1.0
19.94036889507285,0.6406898025945852,0.4706809949089793,1.0,0.0,0.0,0.0,0.0
61.40121942883607,9.19352912561033,1.7626720978271435,1.0,1.0,0.0,0.0,0.0
18.270480889552964,0.6221081311460723,0.2541910929407374,1.0,0.0,0.0,0.0,0.0
11.204373772227664,0.6439813772067645,3.167801151380915,1.0,0.0,0.0,0.0,0.0
12.354388278176677,0.32900812687883,1.329405910848315,1.0,1.0,0.0,1.0,0.0
14.017392275707817,72.62691307795306,0.5230131322950708,1.0,0.0,0.0,1.0,1.0
21.66012727022168,0.0730880240650628,0.0970661499652635,1.0,0.0,1.0,0.0,0.0
79.30123610357798,0.3380208584917349,0.6402856444281544,1.0,0.0,0.0,0.0,0.0
19.53950006324486,2.1010392480538083,1.206805561121854,1.0,0.0,0.0,1.0,0.0
0.8052827051448719,0.1297102126816265,1.7809634712288689,0.0,0.0,0.0,1.0,0.0
22.28811101244141,7.682228282930691,1.1026535946933895,1.0,1.0,0.0,0.0,0.0
331.4949477754352,0.3593209219419797,4.393222315771434,1.0,1.0,0.0,1.0,1.0
10.921986776638104,3.338139150078837,1.5508364562464447,1.0,1.0,0.0,1.0,0.0
27.36933107347275,2.690328041205207,1.3143541099422222,1.0,0.0,0.0,1.0,0.0
45.74822397893805,0.849210261024824,23.12709393107609,1.0,0.0,0.0,1.0,1.0
3.1461935195185617,0.2382308076703597,0.9390468714122162,1.0,1.0,0.0,0.0,0.0
7.231928894042836,0.6606380595012938,1.2181068648365512,1.0,0.0,0.0,0.0,0.0
5.435759914732368,2.5662199680514104,0.9397430728918652,1.0,0.0,0.0,1.0,0.0
21.59412075735067,0.857486086632106,4.790927213618895,1.0,1.0,0.0,1.0,1.0
3.517706333156653,5.208615610461743,0.4223940913611274,1.0,0.0,0.0,0.0,0.0
7.136763345363228,0.109452424618634,2.191812394943685,1.0,1.0,0.0,1.0,0.0
2.097461063133818,18.673439134798237,0.8694794166713539,1.0,1.0,0.0,1.0,0.0
11.151359793065309,1.327137513729153,0.6446806318247784,1.0,0.0,0.0,1.0,0.0
2.940712077399412,5.437036117761504,0.710838959755113,1.0,0.0,0.0,0.0,0.0
0.5878554853695243,0.0506743212928703,1.5436291327013958,0.0,0.0,0.0,1.0,0.0
6.633184893906594,5.078227864225662,0.5291321890893856,1.0,1.0,0.0,0.0,0.0
136.3878532082721,2.910221894818492,0.5086846838257719,1.0,0.0,0.0,1.0,1.0
8.594167770367772,2.4750987489771847,2.1463202339791048,1.0,0.0,1.0,1.0,0.0
2.26907386822856,0.3208681689411846,1.107445097029884,1.0,0.0,0.0,1.0,0.0
18.067568110863512,0.5325719357027178,0.6441150510733105,1.0,0.0,0.0,1.0,0.0
1.4272368176993515,0.326495771082119,6.794999354297853,0.0,1.0,1.0,1.0,0.0
159.06631736786125,0.7219402892677002,0.1462452968882228,1.0,0.0,0.0,0.0,0.0
7.962799806136013,18.97620470827513,1.8614269092753208,1.0,0.0,0.0,1.0,0.0
0.1386287243152014,52.10332980503432,1.7577236933689655,0.0,0.0,0.0,1.0,1.0
2.2234486316592323,0.7750020274296668,0.9722735450721668,1.0,1.0,0.0,1.0,0.0
36.706530282006725,0.158828889806944,1.3852079018231178,1.0,0.0,0.0,1.0,0.0
1.4953531293063644,0.0459979756014094,0.4521271731689559,0.0,0.0,0.0,0.0,0.0
38.51484915619651,68.37686840999812,2.2162184109854475,1.0,1.0,0.0,1.0,0.0
8.55925346469123,1.2523902775687727,0.8215015464955266,1.0,1.0,0.0,0.0,0.0
26.929538076219192,0.2674131423681502,0.463051900730492,1.0,0.0,0.0,1.0,0.0
9.41297986803139,0.3726789344997155,0.8619332437318789,1.0,0.0,0.0,0.0,0.0
5.425693273537933,0.2791620187475708,1.1880397552605462,1.0,1.0,0.0,0.0,0.0
23.98018970845688,4.512579141587955,0.6594494494241148,1.0,1.0,0.0,1.0,0.0
15.2250831092038,0.2598056537343535,0.8408695187769156,1.0,0.0,0.0,1.0,0.0
0.6064813183427384,0.4790988176185532,0.3428761849265199,0.0,0.0,0.0,1.0,0.0
4.717750547145172,4.6713044978330815,0.7003962484845931,1.0,0.0,1.0,0.0,0.0
4.316870369701402,0.1472433124955463,0.1958057625286488,1.0,1.0,0.0,1.0,0.0
4.553799949626925,2.791318439352519,0.3114814129095481,1.0,0.0,0.0,1.0,0.0
1.2354429167789456,2.090292274186756,5.178748175137778,0.0,0.0,0.0,1.0,1.0
17.352601004921215,0.4234943540389108,0.3063893823007174,1.0,0.0,0.0,0.0,0.0
4.585714556372453,0.9229316577370592,0.2245556434635487,1.0,0.0,0.0,1.0,0.0
23.60597079117683,1.856516535177122,0.3304748100711716,1.0,0.0,0.0,0.0,0.0
39.29816841395594,6.47042905315725,0.8474649770179972,1.0,0.0,0.0,0.0,0.0
5.696877680498196,1.536072430923736,0.7287821836474434,1.0,0.0,1.0,1.0,0.0
11.170993967210345,0.1380315001310173,1.0849689204246256,1.0,0.0,0.0,1.0,0.0
0.094157148642258,2.328061495603853,0.3128416152110908,0.0,1.0,0.0,1.0,0.0
35.78556334416773,1.0247498098687553,0.1705120883614134,1.0,1.0,0.0,0.0,0.0
8.540477614581674,89.46642086612364,5.7095152759590295,1.0,1.0,0.0,1.0,1.0
1.541254579764794,0.2848057171184055,0.4594419355270085,0.0,1.0,0.0,1.0,0.0
229.2406491943364,0.1534683286423874,0.0691204564396976,1.0,1.0,0.0,0.0,0.0
28.65549441346621,18.090198773436526,0.1175685591737941,1.0,0.0,0.0,1.0,0.0
6.691628743725151,0.3369170662876969,0.4677754328787122,1.0,0.0,0.0,0.0,0.0
14.681613597020569,0.3983671863265866,1.083368750542488,1.0,0.0,0.0,1.0,0.0
6.104374979106638,4.773173800564178,0.4454384937764551,1.0,0.0,0.0,0.0,0.0
4.38757917130078,0.091233501807071,10.827345544404333,1.0,0.0,0.0,0.0,0.0
21.2689851683721,0.2711889864660545,0.1753779094996692,1.0,1.0,0.0,0.0,0.0
13.669733609899076,0.1007226403724162,1.447068865812821,1.0,0.0,0.0,1.0,0.0
5.198301026044436,0.4146999852175813,2.0378350608917275,1.0,0.0,0.0,1.0,0.0
2.717842328515742,0.6362050259956968,7.019482182317529,1.0,0.0,0.0,1.0,1.0
9.616236374958044,0.0947833127606728,1.1950922333090266,1.0,0.0,0.0,0.0,0.0
41.40163301378176,0.0164341782459478,0.8460798209529279,1.0,0.0,0.0,1.0,0.0
19.96135627401976,3.9322056907041167,1.8785166878653317,1.0,0.0,0.0,1.0,0.0
42.96211549474689,0.0988795952630838,0.8290190323786006,1.0,0.0,0.0,1.0,0.0
26.696266774225816,0.0699306899748613,0.8202550282019978,1.0,1.0,0.0,0.0,0.0
15.910172769370345,0.690018521146533,0.6086709218115665,1.0,0.0,0.0,0.0,0.0
106.1973146701868,1.4663684221828068,2.1977597042265766,1.0,0.0,0.0,0.0,0.0
59.4190836098541,34.10397095486085,0.1374018331694487,1.0,0.0,0.0,1.0,0.0
2.284569655386943,0.0683922454256054,4.235076191237318,1.0,0.0,0.0,0.0,0.0
195.98403629147916,8.524908964556309,2.687120077584617,1.0,0.0,0.0,1.0,1.0
4.443360892762247,0.9219257165543528,0.1841352371199842,1.0,0.0,0.0,0.0,0.0
0.4655822774034525,1.6223871412016768,0.6455325867164499,0.0,0.0,1.0,1.0,0.0
1.6254945284314712,2.990374075170592,1.2979520883840394,0.0,0.0,0.0,1.0,0.0
16.442556116584644,7.730986933907508,2.269538911629998,1.0,0.0,0.0,1.0,0.0
3.7820545593181936,2.3248335591788862,0.1755977917228137,1.0,1.0,0.0,0.0,0.0
2.8280721993792377,10.301878895473848,0.9922735448729488,1.0,0.0,0.0,0.0,0.0
7.619250756304894,70.43242744097184,6.267997619572075,1.0,1.0,0.0,0.0,1.0
17.580446085844144,4.313062852128806,0.0610096665277165,1.0,0.0,0.0,1.0,0.0
3.963919346278648,137.38852010906527,1.8575269959499976,1.0,1.0,1.0,0.0,0.0
32.02562882625849,0.2139945366218263,0.6551465908862296,1.0,1.0,0.0,1.0,0.0
47.31860236140725,2.878245837608997,2.0984589137662835,1.0,1.0,0.0,1.0,0.0
12.653866374820243,1.8876893483189356,0.7171751215044706,1.0,0.0,0.0,1.0,0.0
15.174952123933222,0.2781564670074452,2.356377081052936,1.0,0.0,0.0,0.0,0.0
245.9813288503023,4.067765516572975,0.4331530449291206,1.0,1.0,0.0,1.0,0.0
0.815648036794315,0.5281512136669619,1.0750201124185317,0.0,0.0,0.0,1.0,0.0
27.67818757302897,1.804473959821309,0.7611300018058894,1.0,0.0,0.0,1.0,0.0
10.124418490918574,6.42803598116016,0.0729028661056828,1.0,1.0,0.0,0.0,0.0
21.266416999184084,0.4939541856868327,5.510069896147514,1.0,0.0,0.0,1.0,1.0
8.882352902676988,3.001255814739093,0.1125689964876477,1.0,0.0,0.0,1.0,0.0
15.38429381481918,1.121617205027196,6.029388972270909,1.0,1.0,0.0,1.0,1.0
6.1913321851241205,4.542012072984819,0.1820054047537246,1.0,0.0,0.0,0.0,0.0
6.457376015278619,0.6828709778218237,0.3340313339087155,1.0,0.0,0.0,1.0,0.0
2.4498901994241757,0.834020815177471,4.3599426849380265,1.0,0.0,1.0,0.0,0.0
3.5464413611714347,15.189051895478832,0.5783245003843805,1.0,0.0,0.0,1.0,0.0
284.4982870041957,8.265361741279188,0.7432529701879244,1.0,0.0,0.0,1.0,1.0
1.86577049583512,2.667599997103004,0.1936086718450263,0.0,1.0,0.0,1.0,0.0
10.08129866290321,3.419811803944313,5.408043060584832,1.0,1.0,0.0,1.0,1.0
29.82547983335696,0.2604311863350896,0.3731752185381655,1.0,0.0,0.0,1.0,0.0
2.7468060442780198,2.9906783055326738,1.0415824799711857,1.0,1.0,0.0,0.0,0.0
1.5643429686955452,0.3975898433944199,0.6528116569759559,0.0,1.0,0.0,0.0,0.0
26.273294731838277,3.492323136747536,0.2020515549829858,1.0,0.0,0.0,1.0,0.0
16.330033618499254,0.646398020343478,2.5053970850985854,1.0,0.0,0.0,1.0,0.0
13.278470409279713,4.389111689155357,4.945830705732512,1.0,1.0,0.0,1.0,1.0
52.15561505508557,0.3000985787847221,0.6925753127203369,1.0,0.0,0.0,1.0,0.0
16.477426970181334,0.0147880946552158,6.882492492573327,1.0,1.0,0.0,1.0,1.0
0.3919684434315498,0.7954798877156414,0.1304193607239976,0.0,0.0,0.0,1.0,0.0
8.98252870401027,0.3626375694988389,2.0410772274592457,1.0,1.0,0.0,1.0,0.0
33.224008448563346,4.642198986295753,3.134849634176879,1.0,1.0,0.0,1.0,0.0
66.20520936339756,26.185222765073995,3.7787970001526494,1.0,0.0,0.0,0.0,0.0
12.232001332862952,17.314990756688427,1.405984838152089,1.0,0.0,0.0,1.0,0.0
28.366082662093746,9.33855228135203,0.1051821419519416,1.0,0.0,0.0,1.0,0.0
5.912149591943494,3.531900963529488,1.424782161065944,1.0,1.0,1.0,1.0,0.0
18.40416396962796,0.1699984075924231,0.2398601891044158,1.0,1.0,0.0,0.0,0.0
7.155790117974012,6.181389157786103,10.278119318505098,1.0,0.0,0.0,0.0,0.0
23.78419968499539,0.0858879225902229,14.552882135015242,1.0,1.0,0.0,0.0,0.0
6.130820301205851,0.6974114054320883,10.867699471172354,1.0,0.0,0.0,1.0,1.0
5.3223649002805535,5.263482321807837,0.3437229112164147,1.0,0.0,0.0,0.0,0.0
144.9151826036289,3.154667061917705,0.5543996143277398,1.0,1.0,0.0,1.0,0.0
1.608223106447065,0.3005469413057998,0.9138571163306852,0.0,0.0,0.0,0.0,0.0
9.978849073546902,2.6179892351082263,0.9355728674094456,1.0,1.0,0.0,1.0,0.0
0.998321838635064,0.0931818334488474,5.90858939749363,0.0,0.0,0.0,1.0,1.0
2.178028224739752,0.4762290854183905,2.37118086149733,1.0,0.0,0.0,1.0,0.0
15.633373884981443,3.5401683265123065,0.3401578909712677,1.0,0.0,0.0,1.0,0.0
24.99030582425199,0.1411025859030319,5.341316487116476,1.0,0.0,0.0,0.0,0.0
22.960573626728028,0.8216351404029556,0.160894769751577,1.0,0.0,0.0,1.0,0.0
2.5963391502244213,1.1338927257534055,0.4419619132411739,1.0,0.0,0.0,1.0,0.0
6.620737004461075,0.2683214442713577,1.9061941656459571,1.0,0.0,0.0,1.0,0.0
13.979103965696895,0.8130470414303456,2.406578506926261,1.0,0.0,0.0,0.0,0.0
7.772048023657762,0.9569248557741292,1.4253610609352945,1.0,1.0,0.0,0.0,0.0
9.29832614656838,3.358899976269221,1.3871094311914318,1.0,0.0,0.0,0.0,0.0
21.501717634159675,2.907319723272097,10.558269665734292,1.0,1.0,0.0,1.0,1.0
0.6876614443217095,4.867714804721453,0.7818279407920059,0.0,0.0,0.0,1.0,0.0
63.3431578730042,0.1317803920603932,0.1843827729993475,1.0,0.0,0.0,1.0,0.0
56.09828094218669,0.1685423582812816,4.902722253405254,1.0,0.0,1.0,0.0,0.0
2.637133503655312,0.918920741528522,1.0097176803710857,1.0,0.0,0.0,1.0,0.0
5.778408733555469,9.212969733832944,9.316823879373658,1.0,0.0,1.0,0.0,0.0
18.900689185451046,0.4798036374643538,6.455998509486478,1.0,1.0,0.0,0.0,0.0
15.570691063844606,0.4981251391467624,0.2703824829962704,1.0,0.0,0.0,1.0,0.0
22.21564037080313,8.627607332992067,3.5851646336325738,1.0,0.0,0.0,0.0,0.0
5.008852817616905,0.0979450103821171,0.99982362302193,1.0,0.0,0.0,1.0,0.0
27.615390020125385,1.2941708621650192,0.3991083653143923,1.0,1.0,1.0,0.0,0.0
1.1229947970019385,106.32283771472304,2.046761282734245,0.0,1.0,0.0,1.0,1.0
31.65232651121824,6.35512025070813,1.7017050917939984,1.0,0.0,0.0,0.0,0.0
48.000001586651976,4.5299412153569225,1.2550941289205408,1.0,1.0,0.0,1.0,0.0
22.666949449551787,3.966788887586607,0.60445726180999,1.0,0.0,0.0,1.0,0.0
4.083935599178388,1.142155837559343,0.5218637920443755,1.0,0.0,0.0,1.0,0.0
19.4653954180616,1.3849227056013262,1.4439802881967554,1.0,0.0,0.0,1.0,0.0
25.53929271131189,0.5269642521734584,1.6866247479334429,1.0,0.0,0.0,1.0,0.0
18.27836096292487,0.1490544290633637,0.7650971602229424,1.0,1.0,0.0,1.0,0.0
1.4840147032002995,0.5642369621206764,0.84982043902247,0.0,0.0,0.0,1.0,0.0
14.377039045752667,0.0835799690774089,2.2230270749447425,1.0,0.0,0.0,1.0,0.0
14.50320175317336,8.685542308429838,0.3138067866837003,1.0,0.0,0.0,1.0,0.0
73.40412193328544,0.9995160773283174,5.241759659394469,1.0,0.0,0.0,1.0,1.0
43.44231633122008,9.40040071321896,6.936262588161583,1.0,1.0,0.0,1.0,1.0
0.9279911133904734,1.7303242743139895,1.162314453017339,0.0,1.0,0.0,1.0,0.0
4.358642943807655,1.76855817219025,0.1524997155683632,1.0,0.0,0.0,1.0,0.0
32.6374141405351,0.5480870799764491,0.3037960704761206,1.0,0.0,1.0,1.0,0.0
26.322395694196427,6.182539428896644,9.60545477786206,1.0,0.0,0.0,1.0,1.0
3.353938771218481,8.848819267331033,0.2751630853957794,1.0,1.0,1.0,1.0,0.0
3.259993491381524,0.6338634265401466,1.226496281936583,1.0,1.0,0.0,1.0,0.0
70.18416041267709,46.6347507285214,0.975323870401112,1.0,0.0,0.0,0.0,0.0
36.8389776799545,3.87675032844634,0.4616720573982087,1.0,0.0,0.0,1.0,0.0
3.945003912663488,0.8258235554125125,1.4850232291960273,1.0,0.0,0.0,1.0,0.0
1.5629310558791474,6.368745303324137,0.0492363424495351,0.0,0.0,0.0,1.0,0.0
6.021912747121266,0.5240766781925984,0.4063561679600037,1.0,0.0,1.0,1.0,0.0
45.05800718942978,1.753977312112814,6.067222513332795,1.0,0.0,0.0,0.0,0.0
6.527214045917929,39.02316882559977,3.2779005883511703,1.0,1.0,0.0,0.0,0.0
119.82965847882296,0.0393437779367849,1.488302842539015,1.0,0.0,0.0,1.0,1.0
18.45686035255264,2.57182472987794,1.6090165463104908,1.0,0.0,0.0,1.0,0.0
2.688276640597828,0.0364185466647232,0.2730737080289982,1.0,1.0,1.0,0.0,0.0
4.2464626079208685,1.519881363542739,1.7308375611243516,1.0,0.0,0.0,0.0,0.0
8.234560055337102,5.132945364478254,0.6580031350135805,1.0,0.0,0.0,1.0,0.0
36.64427042862588,2.476724525402687,2.316779253545257,1.0,0.0,0.0,1.0,0.0
4.414489356386772,0.4103322510092047,0.2123257014604461,1.0,0.0,1.0,1.0,0.0
21.95052977571182,4.013286883784308,0.8501407905066174,1.0,1.0,0.0,0.0,0.0
2.0009326601285937,0.9230820725326284,0.3858021161265152,1.0,0.0,1.0,1.0,0.0
27.527489643964696,0.510760041290631,4.523396920255996,1.0,1.0,0.0,1.0,1.0
8.170792534943239,9.507315682917554,3.2373119399019523,1.0,0.0,0.0,0.0,0.0
20.84598645809563,10.738523247839982,0.8782508479569315,1.0,0.0,0.0,1.0,0.0
13.98816382982356,1.3526089066761418,0.3743234107804,1.0,1.0,0.0,1.0,0.0
12.624071709146238,0.1534897102501339,2.086345710746059,1.0,1.0,0.0,1.0,0.0
23.05835944849718,6.598724425540965,2.0084900147052966,1.0,1.0,0.0,0.0,0.0
3.256613665146669,26.940939558342578,1.5790090570550062,1.0,0.0,0.0,0.0,0.0
7.713476670170079,4.880961617381146,1.100181392249705,1.0,1.0,0.0,1.0,0.0
53.65880446353381,0.3381217005816128,1.319706008677055,1.0,0.0,0.0,1.0,0.0
23.28283804723084,1.653338505275045,0.6783634426944006,1.0,0.0,0.0,0.0,0.0
40.81677952420696,2.216821737737682,1.4661624752681004,1.0,0.0,0.0,0.0,0.0
8.459232382519716,14.427293343855016,1.3462637748528,1.0,0.0,0.0,0.0,0.0
27.09702613016785,0.2728616046290554,1.2721980117724712,1.0,1.0,0.0,1.0,0.0
1.4379876940617995,24.10167059465428,0.2165758253768499,0.0,0.0,0.0,1.0,0.0
1.0758660778595208,0.4431622129502629,0.6781351371526422,0.0,0.0,0.0,0.0,0.0
4.24107420459114,20.081737519485152,2.116952348055513,1.0,1.0,0.0,0.0,0.0
12.92833877567704,0.0924001271948118,0.4878139837162248,1.0,0.0,0.0,1.0,0.0
0.6730427123162881,2.251436623322632,0.8204687856293178,0.0,0.0,0.0,0.0,0.0
2.3453166630782016,0.8169987835986389,0.9384156433874488,1.0,0.0,0.0,0.0,0.0
30.4717576082906,0.2064970956382169,0.1982725151258687,1.0,0.0,0.0,0.0,0.0
1.6903691769935378,4.418619834789079,0.2316199423288119,0.0,0.0,0.0,1.0,0.0
6.30313421267951,0.7218924517128392,0.8686543049559705,1.0,0.0,0.0,0.0,0.0
4.525158336072695,4.818650641369298,0.268481596144457,1.0,0.0,0.0,1.0,0.0
5.222728126001916,0.6515715373213076,1.2919348060457367,1.0,0.0,0.0,0.0,0.0
1.9229005954769292,1.672725324079133,1.0601645367719128,1.0,0.0,0.0,1.0,0.0
16.996449480747156,0.1681124418217388,1.6255398695167598,1.0,0.0,0.0,1.0,0.0
35.97299597677169,5.180601085515456,0.4527647367953329,1.0,0.0,0.0,1.0,0.0
1.7885492262458695,0.1347585413305686,0.109631384112449,0.0,0.0,0.0,0.0,0.0
30.878086804334657,0.4818679534933572,0.3419325688832028,1.0,1.0,0.0,1.0,0.0
4.586997383140189,0.5121580375865551,0.54659398498895,1.0,1.0,0.0,0.0,0.0
58.204482335814944,0.8675655817624461,0.7903845990112413,1.0,0.0,0.0,1.0,0.0
19.31407941834912,0.0674259463621613,7.62636138273134,1.0,0.0,0.0,1.0,1.0
1.2800109892877405,0.5429903965866798,1.5217897681495636,0.0,1.0,0.0,1.0,0.0
22.676899611829523,1.473518698956771,0.0902020121531608,1.0,0.0,0.0,1.0,0.0
41.502720070979365,1.5410468451454684,0.4655911434038866,1.0,1.0,0.0,1.0,0.0
20.18326988768873,0.4107596390262063,1.362266225263923,1.0,0.0,0.0,1.0,0.0
12.569552754926285,2.4603785770499584,2.6762115833123743,1.0,0.0,0.0,1.0,0.0
1.718297964088349,28.330383317919352,3.989767108472662,0.0,1.0,0.0,0.0,0.0
4.100274773535599,1.0089224077494752,0.1062817274878381,1.0,1.0,0.0,1.0,0.0
5.067841108081466,1.691631175337639,1.8744062308156384,1.0,0.0,0.0,1.0,0.0
17.66656725195893,1.2082917149376056,0.5989933834061798,1.0,0.0,0.0,1.0,0.0
1.3122861204148863,2.959420304589026,2.263828137221738,0.0,1.0,0.0,0.0,0.0
57.3641786771526,24.11202196745346,0.2829646192343951,1.0,1.0,0.0,1.0,0.0
89.18808864911232,0.1093435188105935,0.1656051321286827,1.0,0.0,0.0,1.0,0.0
65.47807519875906,0.0688076448235231,5.302591692070738,1.0,0.0,0.0,1.0,1.0
4.424643758434159,0.3814310581220931,0.4339077365201739,1.0,0.0,1.0,0.0,0.0
46.01732419877958,1.7198583590079357,1.6850195473466223,1.0,0.0,0.0,1.0,0.0
1.8509115685755075,0.3183327537111853,0.3417698386227142,0.0,1.0,0.0,0.0,0.0
12.727656985768837,0.9165624134869208,2.057724541387037,1.0,1.0,0.0,1.0,0.0
2.2265176068372576,94.03178477733368,4.0806330215454105,1.0,0.0,0.0,0.0,1.0
15.972235007105782,1.0514218580310497,2.382492491914504,1.0,0.0,0.0,1.0,0.0
6.52379907383027,0.6579814139662215,3.878279386608805,1.0,0.0,0.0,0.0,0.0
0.6970559127613641,2.2629043590353954,0.47388550684702,0.0,1.0,0.0,1.0,0.0
16.07623199375475,0.0355399586811171,1.5341569648022582,1.0,0.0,0.0,1.0,0.0
2.087265597275993,1.7181061596106018,0.3485277665081517,1.0,1.0,0.0,1.0,0.0
24.057325417216816,4.368614881430949,0.5007070564517762,1.0,0.0,0.0,1.0,0.0
3.731327463934966,0.950280868464962,0.9221476526277232,1.0,1.0,0.0,1.0,0.0
10.512133679720275,0.6598011885107579,0.3849980288807215,1.0,0.0,0.0,1.0,0.0
11.933532302804313,0.9343892069523348,0.3742073889165532,1.0,1.0,0.0,1.0,0.0
6.166592489919444,0.6473121646743967,0.8226219636889608,1.0,0.0,0.0,1.0,0.0
6.087571682905641,1.0676364879270712,2.303484242150864,1.0,0.0,1.0,1.0,0.0
14.747819652483564,4.1686699367231705,0.632584616303579,1.0,0.0,0.0,1.0,0.0
29.26533813708598,2.649674020648562,0.6124187525960313,1.0,1.0,0.0,1.0,0.0
19.185805642037455,5.482659822434663,2.5799930765760424,1.0,0.0,0.0,1.0,0.0
11.599152708056032,0.2143431983035323,0.1600652245950629,1.0,0.0,0.0,1.0,0.0
26.568880469169503,0.4688027423542459,0.3320615008099031,1.0,0.0,0.0,1.0,0.0
161.79355449296472,4.369915947429344,2.2525315781769337,1.0,1.0,0.0,0.0,0.0
3.0952869610432425,2.155798518077035,1.188289799618594,1.0,0.0,0.0,1.0,0.0
15.37721701638133,1.4111904667086037,0.2077930549447064,1.0,1.0,1.0,1.0,0.0
0.3782587872303836,0.472642579501551,1.259459742733553,0.0,0.0,0.0,0.0,0.0
1.961317747771619,3.5698085577108403,2.937194103127223,1.0,1.0,0.0,0.0,0.0
2.6458698450978697,1.801869060712181,1.5334800070092336,1.0,0.0,0.0,0.0,0.0
17.237942746406432,6.054749888592068,3.3577482058436607,1.0,1.0,0.0,1.0,0.0
24.23655089146129,1.5023864884682958,1.460640673607703,1.0,1.0,0.0,0.0,0.0
2.5563968963844323,0.1695625162338009,9.681273043555752,1.0,1.0,0.0,0.0,0.0
50.35311140782076,0.1411130925571653,2.5752757729874234,1.0,0.0,0.0,0.0,0.0
76.71214908008078,0.8359749657716458,0.2193702365700644,1.0,1.0,0.0,1.0,0.0
5.339080984751991,0.2341188490484555,1.2832545190297762,1.0,1.0,0.0,1.0,0.0
1.804734667112179,2.991161686364389,2.178310494000571,0.0,0.0,0.0,1.0,0.0
27.087166809603964,0.080302910215837,2.309046917742212,1.0,1.0,0.0,1.0,0.0
6.480751801868792,4.7618157784987165,1.018718169453172,1.0,0.0,0.0,1.0,0.0
9.87353141891814,5.844673459510058,2.978581248122203,1.0,1.0,0.0,1.0,0.0
107.30087035965208,5.255888070967082,1.4430563053751253,1.0,1.0,0.0,1.0,0.0
1.3486613634266291,0.1763918226011806,0.1542735790393876,0.0,1.0,0.0,1.0,0.0
5.104797815494118,8.785828185861769,2.8163538034804616,1.0,1.0,0.0,0.0,0.0
1.7711833299778663,0.3358992952586567,2.089182298803017,0.0,0.0,0.0,0.0,0.0
22.67307256648467,55.32366055149938,0.2392201749430429,1.0,0.0,0.0,1.0,1.0
2.001174194925315,0.0328705559193668,1.9320980931750855,1.0,0.0,0.0,1.0,0.0
77.73338967941474,1.3676288381156203,1.2768921192724618,1.0,1.0,0.0,0.0,0.0
1.924008374131793,2.1448123340211014,0.1378503711700998,1.0,0.0,0.0,0.0,0.0
2.668955791167667,3.88450715042052,1.2577296374361964,1.0,0.0,0.0,0.0,0.0
26.473624575274105,0.422206016041607,0.8952156073396355,1.0,0.0,0.0,0.0,0.0
4.969947880810805,0.9137018710877256,2.4166537025552226,1.0,1.0,0.0,0.0,0.0
79.65542511569771,0.2271733178774594,0.392500103336144,1.0,1.0,0.0,1.0,0.0
91.64302709046974,0.1196697598687863,0.6303328328543771,1.0,0.0,0.0,0.0,0.0
236.1297445482451,2.9574684983421227,1.2555912650840777,1.0,1.0,0.0,1.0,0.0
2.279950732681853,0.1473783235904222,0.1271434662102655,1.0,0.0,0.0,1.0,0.0
1.7155738835019665,0.2710938729752615,0.9904876394022768,0.0,0.0,0.0,1.0,0.0
4.132105500370782,0.4236510068045316,1.1755607907154817,1.0,0.0,0.0,0.0,0.0
24.064220735210675,0.7001527910520144,5.191796433836567,1.0,0.0,0.0,0.0,0.0
3.1663021535666886,0.058822231342436,4.308145050298655,1.0,0.0,0.0,1.0,1.0
2.037914428928913,0.1553308241931451,1.9618245610696303,1.0,0.0,0.0,1.0,0.0
255.76050993000055,5.734206914515215,0.1728899038130901,1.0,1.0,0.0,1.0,0.0
0.3353507040143049,0.394669154467393,0.337598738899746,0.0,1.0,0.0,0.0,0.0
1.827998905630773,1.1742763224445885,4.463216590926446,0.0,1.0,0.0,1.0,1.0
28.40520252182757,6.439714504389391,0.5793184645218206,1.0,1.0,1.0,0.0,0.0
2.6622689739830263,0.9780580624495951,3.391273286233522,1.0,0.0,0.0,0.0,0.0
8.985594686197537,0.1163767739979693,0.8725603155049277,1.0,0.0,0.0,1.0,0.0
30.647413796896437,2.1357222791094843,0.5921867122421822,1.0,0.0,0.0,1.0,0.0
186.86636932207597,6.581296075305358,0.8568260006086068,1.0,1.0,0.0,1.0,0.0
18.08790033893095,0.2279643842971018,0.7899286020618369,1.0,1.0,1.0,1.0,0.0
32.372000561963574,0.0466838879448001,1.46725297809344,1.0,0.0,0.0,1.0,0.0
48.65043950162426,0.2136788671481849,0.5589406302192403,1.0,1.0,0.0,1.0,0.0
12.628858318971952,45.25170696644985,0.7726307915204873,1.0,0.0,0.0,1.0,0.0
6.22818598082788,0.2093152263838207,3.1243661968043,1.0,1.0,0.0,0.0,0.0
95.89811876530749,1.4369214907785672,0.4703650737709802,1.0,0.0,0.0,0.0,0.0
1.8397334209769576,0.2125717968768705,0.1566744821836797,0.0,0.0,0.0,1.0,0.0
78.86923835660329,0.6602244244179436,0.6742724271646909,1.0,1.0,1.0,1.0,0.0
4.033444904227807,1.1022299891443896,0.5278155682022752,1.0,1.0,0.0,1.0,0.0
28.12713939544517,4.906300046193159,1.0862551628966617,1.0,0.0,0.0,1.0,0.0
12.839047637719888,4.914613227613017,0.681063961591229,1.0,0.0,0.0,0.0,0.0
16.798160768185003,0.2174049727719162,1.4988570261117018,1.0,1.0,0.0,0.0,0.0
16.964752185183407,2.637209043695561,0.9571183160989756,1.0,0.0,0.0,0.0,0.0
6.422436619587278,0.2206508418075614,0.2986179880755314,1.0,0.0,0.0,0.0,0.0
6.159772223564611,4.426343862266593,0.9753185262975618,1.0,1.0,0.0,0.0,0.0
141.47961363544346,1.4868879465160634,3.646067868643143,1.0,1.0,0.0,1.0,0.0
5.475285527760588,1.0081845137091578,3.2234848852269127,1.0,1.0,0.0,1.0,0.0
27.150612611385352,0.3343517431171113,0.958827539816647,1.0,0.0,0.0,1.0,0.0
6.526101186532638,0.1171720293397411,0.9653290277313792,1.0,0.0,0.0,0.0,0.0
42.809624497739335,3.071968337298863,0.7558879361116432,1.0,0.0,0.0,1.0,0.0
6.789003396117505,2.0273740207290456,3.5289851341988125,1.0,0.0,0.0,0.0,0.0
24.66001761191131,1.2922357711631358,1.3747853774489958,1.0,0.0,0.0,1.0,0.0
40.0552205483788,0.5459744354069727,0.9594361445248776,1.0,0.0,0.0,1.0,0.0
0.5783138204752184,1.4153600897005625,0.1879950482325428,0.0,0.0,0.0,0.0,0.0
11.512779223341996,3.581214547316205,3.8519281726450174,1.0,0.0,1.0,0.0,0.0
5.720543921390028,0.1225417756061337,1.8243635109311471,1.0,0.0,0.0,1.0,0.0
14.875961701514562,0.1554385645161675,0.9293832772385754,1.0,0.0,0.0,1.0,0.0
29.520109080279955,0.8906349713446572,1.7888747150566138,1.0,0.0,1.0,0.0,0.0
7.386824220671505,7.115049063819297,0.8502367929664152,1.0,1.0,0.0,1.0,0.0
15.937790399128405,0.8556334805824621,0.4564086212229273,1.0,0.0,0.0,1.0,0.0
12.569696304531078,0.2524223991768312,6.252994830320555,1.0,0.0,0.0,1.0,1.0
91.35848726274456,40.85328830969091,2.5858917812459805,1.0,1.0,0.0,0.0,0.0
1.6814710945394478,2.031738226504545,4.265937897117563,0.0,0.0,1.0,1.0,0.0
127.89666313792478,0.4939708269747996,0.4800249956146938,1.0,0.0,0.0,1.0,1.0
12.261305938910407,0.1726414605205856,0.6475392968358366,1.0,1.0,0.0,1.0,0.0
10.120971736277053,3.473951435683392,1.4879712653391686,1.0,0.0,0.0,1.0,0.0
17.34024693139833,2.6256263956510666,0.2628646143054683,1.0,1.0,0.0,1.0,0.0
66.9657442675981,0.0850464014710745,1.2644034714028218,1.0,0.0,1.0,1.0,0.0
23.75087650638916,0.5083584891692696,3.493599196930854,1.0,0.0,0.0,1.0,0.0
5.759135012953307,0.6438338446524352,0.5457585779574397,1.0,0.0,0.0,0.0,0.0
12.157831364805944,32.89583067353898,2.755386639968358,1.0,0.0,0.0,0.0,0.0
0.9344091451062898,0.3091389969562678,0.3115375087193097,0.0,1.0,0.0,1.0,0.0
47.184697462748446,1.4285375813964036,1.6603012859750046,1.0,0.0,0.0,0.0,0.0
0.6049657321528727,3.0969040121044817,0.7923051618463782,0.0,1.0,0.0,0.0,0.0
148.41347081298426,0.6557941365810473,0.9032539694477016,1.0,0.0,0.0,1.0,1.0
29.55136317934509,7.475910043733867,3.665295382028981,1.0,0.0,0.0,0.0,0.0
2.8710755888373565,0.8377280903198712,1.163678483742903,1.0,1.0,0.0,0.0,0.0
63.20332845241126,6.383353430629421,0.7686251616718661,1.0,0.0,0.0,0.0,0.0
8.422998885501991,0.8041697349325971,3.758394494372621,1.0,0.0,0.0,1.0,0.0
5.587897508559963,0.5276937110602214,0.7237252801470828,1.0,0.0,0.0,1.0,0.0
9.288925166274728,3.21995446458075,3.709139165345259,1.0,0.0,0.0,0.0,0.0
17.37226097106294,0.2075993844779578,0.2066747480462271,1.0,0.0,0.0,1.0,0.0
7.3145825704175715,0.6206524614759883,0.2868283972024529,1.0,0.0,0.0,0.0,0.0
13.825834007781795,1.0249301491674354,2.318995898078916,1.0,1.0,0.0,1.0,0.0
11.566739969162562,0.0610479977111941,0.5208650555975919,1.0,1.0,0.0,1.0,0.0
69.54974695421168,0.1106022981740077,0.3691506440100992,1.0,0.0,0.0,1.0,0.0
12.415333032619392,1.9413277487767933,1.0563174283672483,1.0,0.0,1.0,0.0,0.0
91.87031550394308,1.523240282659839,0.1647270792012394,1.0,0.0,0.0,1.0,0.0
77.7477937159972,19.610362507403515,3.943285044851159,1.0,0.0,0.0,1.0,0.0
7.32070639892269,0.0304651263227549,1.0194614590870943,1.0,0.0,0.0,1.0,0.0
10.764059293277803,0.0542452285793733,5.758462483654808,1.0,0.0,0.0,0.0,0.0
6.467128123413725,2.606033601354011,0.9654371914007084,1.0,0.0,0.0,1.0,0.0
2.3721645714661044,1.0952949609473006,0.784573329506295,1.0,1.0,0.0,0.0,0.0
72.46523130791108,2.081811726639408,0.469978155332086,1.0,0.0,0.0,1.0,0.0
6.270914182620032,0.3150814012009527,4.294378560979669,1.0,0.0,0.0,0.0,0.0
31.15363256700489,13.298795591408805,0.5844151412133181,1.0,0.0,0.0,0.0,0.0
9.269533640563498,10.855002078122247,7.900377068703602,1.0,0.0,0.0,1.0,1.0
10.669116863954669,0.6064691048728611,5.411392975509352,1.0,0.0,0.0,1.0,1.0
1.0516132505455011,0.6067299096602281,0.9801044933160687,0.0,0.0,0.0,1.0,0.0
21.608467413715136,2.247143054654426,1.262808561653191,1.0,0.0,0.0,1.0,0.0
4.625533323230482,0.2232423516512112,0.6707666978400828,1.0,0.0,0.0,0.0,0.0
2.454701396147371,4.053296185375533,0.141014973909556,1.0,0.0,0.0,1.0,0.0
14.894899891033994,6.279093954998388,0.677847291250885,1.0,0.0,0.0,0.0,0.0
19.20175880752292,5.309773321628128,1.816308906727598,1.0,0.0,0.0,1.0,0.0
3.5649569804204373,0.4678411598980079,0.9090131790756244,1.0,1.0,0.0,0.0,0.0
28.51288692107188,16.374469098471813,0.5704439546455712,1.0,0.0,0.0,1.0,0.0
2.262766439665024,3.1155416047892905,2.0939963481630253,1.0,0.0,0.0,1.0,0.0
51.09738362330813,16.090623774620525,0.9937911893564664,1.0,1.0,0.0,1.0,0.0
1.732476373185447,3.8652974423954944,1.1256032420934574,0.0,1.0,0.0,0.0,0.0
1.1316412889742296,69.53711119412952,0.5404998808996779,0.0,0.0,0.0,0.0,0.0
2.128518011585712,27.95963147133409,1.7720199031758734,1.0,0.0,0.0,0.0,0.0
11.66840776118454,3.102696233886316,8.420006941438377,1.0,0.0,0.0,0.0,0.0
29.54289022702707,0.5420973095843555,0.2791766780260322,1.0,0.0,0.0,0.0,0.0
20.987190772343983,0.0690435596251328,3.324336673281157,1.0,0.0,0.0,0.0,0.0
3.1872291357842437,34.96057646847098,0.0788819397580994,1.0,1.0,0.0,1.0,0.0
5.335102201740983,2.501666242737855,0.8356809940302418,1.0,1.0,1.0,1.0,0.0
51.58250006751207,2.603242612428037,0.8179103219785897,1.0,0.0,0.0,0.0,0.0
16.366633873206165,0.0450403958464744,0.243296894947925,1.0,0.0,0.0,0.0,0.0
1.917204125111008,9.395634767360365,4.809697338503568,1.0,0.0,0.0,1.0,1.0
22.56428140137645,0.6450247555675801,2.0340507623608035,1.0,0.0,0.0,1.0,0.0
0.1712965142032047,0.9675940683271304,0.8432025160259891,0.0,1.0,0.0,1.0,0.0
6.457437502201123,0.418878268194752,1.088603433825157,1.0,0.0,0.0,0.0,0.0
196.82135972774688,5.116993691778744,0.7061032811043777,1.0,0.0,0.0,1.0,1.0
4.119872542451658,0.9114487996464816,1.488157394875255,1.0,0.0,0.0,1.0,0.0
16.436713805853536,0.2093950475117054,4.438616217225443,1.0,0.0,0.0,1.0,1.0
13.30432784952301,0.2260464967782292,1.4018601040457284,1.0,1.0,0.0,1.0,0.0
1.167404083013652,0.1237507282807262,0.5960832916315688,0.0,0.0,0.0,1.0,0.0
1.1163107218060866,7.21617404369717,0.3292951892818632,0.0,0.0,0.0,0.0,0.0
54.35761247048448,0.5675472203670279,0.2589457028260317,1.0,1.0,0.0,1.0,0.0
22.049802035419045,2.6164630005512635,0.271924131059223,1.0,1.0,0.0,1.0,0.0
60.08415514302845,0.619195344752589,0.2512318376932079,1.0,0.0,0.0,0.0,0.0
2.0864408741861027,0.3986208894715312,1.538901035051632,1.0,1.0,0.0,1.0,0.0
31.735042800037583,1.7356007780256588,2.6068238591891237,1.0,1.0,0.0,0.0,0.0
102.77965020731511,0.4947553129514346,0.0728007731253467,1.0,0.0,1.0,1.0,0.0
6.913912018918021,0.4584060467394761,1.2900677558666531,1.0,0.0,0.0,1.0,0.0
97.54517334603032,1.1702170592297847,0.3521044774677097,1.0,1.0,1.0,0.0,0.0
7.277758509961834,0.0832637408447608,0.7011476884343784,1.0,1.0,0.0,0.0,0.0
28.06634106011254,0.7640324515113311,0.5437153970744565,1.0,0.0,0.0,1.0,0.0
5.546982051559651,0.1369247857684543,0.6764543606955145,1.0,0.0,0.0,1.0,0.0
126.07427889736344,0.4186641434514855,0.4696340770660744,1.0,0.0,0.0,1.0,1.0
8.224395044739781,1.5943438063690814,0.2774031081121347,1.0,0.0,0.0,0.0,0.0
159.95305055952616,0.1176708547803601,0.3190540191083783,1.0,0.0,0.0,1.0,1.0
1.422936936711549,2.601291318923967,1.900408949176257,0.0,0.0,0.0,1.0,0.0
131.1304100459472,22.05104897839213,0.166557269906919,1.0,0.0,0.0,0.0,0.0
3.83212608812932,2.887348683669103,0.2675463116792427,1.0,1.0,0.0,1.0,0.0
20.359369748373823,0.143502173280023,0.2007850983959583,1.0,0.0,0.0,0.0,0.0
1.653800939077007,3.019992424056393,0.8721887247303586,0.0,0.0,0.0,1.0,0.0
10.419505293331364,0.5249580879259921,0.4017694279326051,1.0,0.0,1.0,0.0,0.0
1.450185272655767,1.5927075244313404,0.7521674807763764,0.0,0.0,0.0,0.0,0.0
28.923202366188043,9.684036290054664,1.1292709703251895,1.0,0.0,0.0,1.0,0.0
56.28277188347592,0.1545875704057507,13.32180340769492,1.0,1.0,0.0,1.0,1.0
3.0697198714912237,0.6914468795999082,0.2007364184296774,1.0,0.0,0.0,0.0,0.0
2.3872484358336643,1.493785165159216,1.1443635785316733,1.0,1.0,0.0,1.0,0.0
1.329170963008932,0.2804093675450638,7.854465514234946,0.0,0.0,0.0,0.0,1.0
1.4532570771287374,5.267041892725672,0.6194228322877191,0.0,1.0,0.0,0.0,0.0
1.4863716884746556,1.7041152405614752,4.076717313714554,0.0,1.0,0.0,1.0,1.0
7.306145807508861,2.177115168705746,0.8300790475798405,1.0,0.0,0.0,1.0,0.0
55.72629473598312,1.9685208438473696,0.2947135859299411,1.0,1.0,0.0,0.0,0.0
77.77149694198022,1.87506343968596,1.6268348683631273,1.0,1.0,0.0,1.0,0.0
15.917540576799423,1.335502870879558,0.5965120579325666,1.0,0.0,1.0,1.0,0.0
20.642358990450575,0.2358504812465308,0.5217836044913227,1.0,1.0,0.0,0.0,0.0
153.4823080337127,0.5506198167608668,1.0122684363023804,1.0,0.0,0.0,0.0,0.0
1.4648939625938626,2.3795787083896904,1.622913170545779,0.0,0.0,0.0,0.0,0.0
19.602075346178804,0.2028121899914923,1.070531885828082,1.0,0.0,0.0,1.0,0.0
74.92945761992365,1.7358415068648403,3.131960252001041,1.0,0.0,0.0,1.0,0.0
87.17279674423425,1.4815844555739548,0.4768906673758699,1.0,0.0,0.0,1.0,0.0
2.4322374523062056,0.8531525876180397,0.650051254018904,1.0,0.0,0.0,0.0,0.0
11.614960829553,0.657989720018985,1.2851250624157664,1.0,1.0,0.0,0.0,0.0
31.23268954482643,0.0731328086788235,0.1277389656109605,1.0,0.0,1.0,0.0,0.0
2.88472249869522,2.088722185901412,1.1765012413371914,1.0,0.0,0.0,1.0,0.0
6.464558217901232,0.6329529951607242,0.9024018465293484,1.0,0.0,0.0,1.0,0.0
16.036928491005536,8.536123871692332,2.8074139083648912,1.0,1.0,0.0,0.0,0.0
10.033802364864076,0.1266583292536744,0.2725217760043346,1.0,1.0,0.0,0.0,0.0
9.469624387594456,4.499453054228436,1.1575558778569508,1.0,0.0,0.0,1.0,0.0
35.02558382087111,0.3190030756577311,1.6419683063163848,1.0,0.0,0.0,0.0,0.0
3.976785666555893,1.1860884987730866,1.5417630075331468,1.0,0.0,0.0,1.0,0.0
3.1753207176723195,72.74158923848753,2.3919917281093377,1.0,1.0,0.0,1.0,0.0
14.389455828074857,13.968682075070944,0.1547714559483263,1.0,1.0,0.0,1.0,0.0
75.67568328282269,11.517126716284716,0.5144186860473066,1.0,0.0,0.0,0.0,0.0
10.4691685634453,0.7235550830612304,0.293712093825534,1.0,1.0,0.0,1.0,0.0
16.86978160009039,3.5329022719458485,0.3895690634930631,1.0,0.0,0.0,1.0,0.0
4.553377618240163,5.465959838310925,0.0578360218171766,1.0,1.0,0.0,1.0,0.0
7.896353339721672,9.187251908907122,0.1969633027463486,1.0,0.0,0.0,1.0,0.0
177.16353199588514,0.3512761837612927,0.8091931468293826,1.0,1.0,0.0,1.0,0.0
8.235046771436279,45.99307933671532,1.6123921782106037,1.0,0.0,0.0,1.0,0.0
11.619993570084583,2.612384863436433,0.0849696125106571,1.0,1.0,0.0,1.0,0.0
13.414571168220744,16.78056038587591,0.4158864331317954,1.0,1.0,0.0,1.0,0.0
36.56548427842316,9.086893067641087,6.113293706735036,1.0,0.0,0.0,1.0,1.0
15.933005842033674,1.1064879371016778,2.189360285770663,1.0,0.0,0.0,1.0,0.0
2.399161660206248,0.4974947420880671,3.593811663578112,1.0,0.0,0.0,1.0,0.0
9.561520888887724,0.9977327580370896,0.657967080588359,1.0,1.0,0.0,1.0,0.0
1.6380955507640762,1.339956855528472,0.1382518807777432,0.0,1.0,0.0,1.0,0.0
20.28419373907797,0.4240511777517418,0.4953279561935139,1.0,0.0,0.0,0.0,0.0
56.66882372005384,10.233049045760108,0.5836268154032896,1.0,0.0,0.0,1.0,0.0
17.55944192607219,0.3206441136053579,0.994405172912962,1.0,0.0,0.0,1.0,0.0
2.088434825254085,0.0301343657200556,0.1931322373726739,1.0,1.0,0.0,0.0,0.0
31.648943149746408,0.109686139123348,2.578548509764107,1.0,0.0,0.0,0.0,0.0
10.174010735079053,0.6525759487495404,0.7063662526610748,1.0,0.0,0.0,0.0,0.0
2.211016378796926,18.93650496797293,0.4075133597027911,1.0,0.0,0.0,1.0,0.0
5.148833835911851,9.839909187544787,0.5225382480761857,1.0,1.0,0.0,1.0,0.0
51.34704201009347,11.116746694030846,0.0570844979522503,1.0,0.0,0.0,1.0,0.0
1.4771518808426252,1.3732255737244872,2.0526916814827088,0.0,1.0,0.0,1.0,0.0
7.846650084596594,0.8086403463807698,2.0661992176079904,1.0,0.0,0.0,0.0,0.0
53.609370815887424,0.8908416881141762,0.7111721412965561,1.0,1.0,0.0,1.0,0.0
16.8744402820493,1.8612522249409904,0.817154081483471,1.0,1.0,0.0,1.0,0.0
201.6724191385725,7.965986557827229,0.8423001935343252,1.0,0.0,0.0,1.0,1.0
3.422466669290733,0.1050805518820119,11.343044722042317,1.0,0.0,0.0,1.0,1.0
5.994237239885405,1.2360450259474804,0.757131746625635,1.0,0.0,0.0,1.0,0.0
19.052259470627547,0.1838639680742735,0.9296914482258508,1.0,1.0,0.0,1.0,0.0
9.810880368319651,16.164559308973544,9.29037938275523,1.0,0.0,0.0,1.0,1.0
4.340869277618396,0.0792526934276653,13.999854895924202,1.0,0.0,1.0,0.0,0.0
5.806347858900201,1.0469899113841172,4.121165033421221,1.0,1.0,0.0,0.0,0.0
6.787255677458419,16.489861348985613,0.2090858142940781,1.0,0.0,0.0,1.0,0.0
19.640315777218092,2.0758396205765046,1.174586106254511,1.0,1.0,0.0,1.0,0.0
4.120030354844958,4.573887645828712,2.263968038109842,1.0,0.0,0.0,1.0,0.0
8.00640195334273,3.057542405480682,0.3060778416277182,1.0,0.0,0.0,1.0,0.0
5.398902130002734,0.2289884981395804,1.3720255437709097,1.0,1.0,0.0,1.0,0.0
5.746265515217707,0.3811407934612599,0.409567164854195,1.0,1.0,0.0,1.0,0.0
8.336036901377083,0.0360380473299694,7.41442948828256,1.0,1.0,0.0,0.0,0.0
0.0716756094506019,0.622102317642301,0.2232436023741787,0.0,0.0,1.0,0.0,0.0
39.28934709907793,1.1201312560674206,0.4690645950393407,1.0,1.0,0.0,0.0,0.0
5.928141185577784,14.08813914138574,1.925459825194002,1.0,0.0,0.0,1.0,0.0
17.376895654674218,3.309719258838298,0.9239901282812458,1.0,0.0,1.0,0.0,0.0
67.2260485365752,6.289166617157561,3.648543330880106,1.0,0.0,0.0,0.0,0.0
9.757488569044176,8.998536051345013,1.362450534566804,1.0,1.0,0.0,0.0,0.0
9.117221748620704,1106.303950927591,0.6412461254714092,1.0,0.0,0.0,0.0,0.0
37.71090620514392,0.2494901697230057,0.2940433367098042,1.0,0.0,0.0,1.0,0.0
3.553930736512549,8.6560810205123,1.118296268266617,1.0,0.0,0.0,1.0,0.0
47.65719082107432,1.2705548794227313,2.4609857540071896,1.0,1.0,0.0,0.0,0.0
74.39850431524928,2.2802965428828865,0.7862203067387281,1.0,0.0,0.0,1.0,0.0
12.449344714820702,7.290239159509302,0.2674710602001245,1.0,0.0,0.0,0.0,0.0
1.6229460747919424,5.972555229297403,1.6394778265271934,0.0,0.0,0.0,1.0,0.0
9.622098968035584,0.482883188956554,0.5057012387984281,1.0,0.0,0.0,1.0,0.0
11.248600575789316,0.4392360793941927,2.2679340409336968,1.0,0.0,0.0,1.0,0.0
5.8667627345214814,0.4743587241407539,0.356411755674123,1.0,1.0,0.0,0.0,0.0
35.919051019648414,0.5357041740057022,3.3336071191009142,1.0,0.0,0.0,0.0,0.0
0.773114707883593,20.229179768505613,0.6597315580932539,0.0,0.0,0.0,1.0,0.0
4.225321015382129,11.531504010817097,1.2852472057657331,1.0,0.0,0.0,1.0,0.0
11.274101765342715,0.6158139625433208,1.916072073937448,1.0,1.0,0.0,1.0,0.0
5.176720872624251,0.7302406931534222,0.1631895837775535,1.0,0.0,0.0,1.0,0.0
18.10693731025806,34.340323669148454,0.2722215979160106,1.0,0.0,0.0,0.0,0.0
30.367786471907472,0.0086773211277715,2.403332079205375,1.0,1.0,0.0,1.0,0.0
11.179029594901325,1.9405626575491512,0.6264999304442744,1.0,0.0,0.0,1.0,0.0
5.191388197353615,9.05660947760793,9.075460454337229,1.0,1.0,0.0,0.0,0.0
12.709596931298655,0.0949696617612935,1.2937195476990018,1.0,0.0,0.0,0.0,0.0
18.78211967074745,3.639584796703349,0.6918630244986078,1.0,1.0,0.0,0.0,0.0
67.34112662061206,0.2096586436469154,2.4522063060785397,1.0,1.0,0.0,1.0,0.0
10.596059700813855,1.488446600999815,0.9635885546781582,1.0,1.0,1.0,1.0,0.0
13.573096245635368,4.51670987825445,0.0732902618049657,1.0,0.0,0.0,1.0,0.0
58.2522174687417,0.2966995195257949,0.760664837034512,1.0,0.0,0.0,0.0,0.0
0.5991256640392005,0.2098161573478679,3.8898190438204905,0.0,1.0,0.0,1.0,0.0
6.733878017287116,0.6848107324124961,2.045031821895704,1.0,1.0,0.0,1.0,0.0
11.016549479112046,1.7199530270945662,0.7553059568458814,1.0,0.0,0.0,0.0,0.0
8.833800796559904,0.2941534053528533,1.1673796686841418,1.0,0.0,1.0,0.0,0.0
11.577686354326902,4.705658181700563,4.85561102445106,1.0,0.0,0.0,1.0,1.0
37.14501384879794,0.6539525057157984,3.018513461877377,1.0,0.0,0.0,1.0,0.0
8.137957296468073,0.9284008673238808,1.992656115872416,1.0,0.0,0.0,1.0,0.0
24.431338294047105,1.8690935967837297,1.2988407412510647,1.0,1.0,1.0,1.0,0.0
6.653824903355122,1.1447442814376652,4.087119357857019,1.0,1.0,0.0,1.0,1.0
5.3847860301122505,6.126684992102571,1.626772252319528,1.0,0.0,0.0,0.0,0.0
2.699340517139634,2.0243928704199265,1.1947786731503265,1.0,0.0,0.0,1.0,0.0
572.5767361165805,47.93308961474335,1.0928661170774174,1.0,1.0,0.0,0.0,0.0
5.487241296709113,0.682021383843969,0.708276224962026,1.0,1.0,0.0,0.0,0.0
12.51810806101038,0.2097346141597696,2.59407163924613,1.0,0.0,0.0,1.0,0.0
23.41799640107101,22.04666095335017,0.2826482017114904,1.0,0.0,0.0,1.0,0.0
39.82379481306677,0.3683972928831068,0.4628116960714888,1.0,0.0,0.0,1.0,0.0
11.475536686184046,0.031489352675654,3.7956951999217794,1.0,1.0,0.0,0.0,0.0
16.582166111339667,0.1107183940748171,1.9687290233039805,1.0,0.0,0.0,0.0,0.0
0.0997809959530964,3.682494034770371,2.6164255656536284,0.0,0.0,0.0,0.0,0.0
7.078155432222747,13.120217872121064,0.7681804670774223,1.0,0.0,1.0,0.0,0.0
0.1964711767070351,0.2759219693071309,0.917306534993568,0.0,0.0,0.0,1.0,0.0
175.02783679728856,0.0667913736904572,0.3769326919421546,1.0,0.0,0.0,1.0,1.0
2.6613013863359583,0.6076649770822006,0.0413487268989131,1.0,0.0,0.0,1.0,0.0
57.708278966477664,2.4794023016958118,0.9738346583202954,1.0,0.0,0.0,0.0,0.0
57.925078852544864,0.0868708151498487,1.4465715304330005,1.0,0.0,1.0,0.0,0.0
227.55737105442404,0.6537486568991442,0.5487108590638804,1.0,1.0,1.0,1.0,0.0
1.7128821891486654,0.543831733624424,0.9736673981319804,0.0,0.0,0.0,1.0,0.0
10.021853553066972,0.5953264807320021,0.7316534020388998,1.0,0.0,0.0,0.0,0.0
31.524896419933132,0.1803691562956831,1.5448656946996795,1.0,0.0,0.0,1.0,0.0
17.1557877556005,2.949687976406451,2.3565346558619407,1.0,0.0,0.0,0.0,0.0
22.615927129711768,0.0560224183459616,0.966405806155719,1.0,0.0,0.0,0.0,0.0
60.72626689462169,1.8388494735192809,1.4734179969242336,1.0,0.0,0.0,0.0,0.0
3.105367853430256,0.678005456975188,3.072424150362877,1.0,0.0,1.0,1.0,0.0
8.655336465473363,32.599017972491104,3.751503367343589,1.0,0.0,1.0,1.0,0.0
1.3742179309493112,62.31037360747133,2.1650623789750068,0.0,1.0,0.0,1.0,1.0
14.651061493367724,0.9111905824625663,3.665790179612439,1.0,1.0,0.0,1.0,0.0
5.928855514611022,0.508599813354775,0.4577535023980602,1.0,0.0,0.0,0.0,0.0
3.4691477313049486,0.3378471549936596,0.6322134637594152,1.0,1.0,0.0,0.0,0.0
6.548054976263899,0.2303806830792795,1.4068170160361604,1.0,0.0,0.0,1.0,0.0
23.159944538295093,6.72153470310358,2.095559934252965,1.0,0.0,0.0,0.0,0.0
94.57185531945642,1.3006302548232689,1.543837246425947,1.0,0.0,0.0,0.0,0.0
26.474546257921904,0.1189834361553209,2.242449475554237,1.0,0.0,0.0,1.0,0.0
0.5513631373488934,1.5734163483244037,1.0088741912111263,0.0,1.0,0.0,0.0,0.0
2.061162568012485,1.118130182812711,1.4269785327726598,1.0,0.0,0.0,1.0,0.0
20.215860642916383,36.61158376879828,3.1470726668453546,1.0,1.0,0.0,1.0,0.0
42.33077035604585,0.1067194888675497,0.8885882102032844,1.0,0.0,0.0,0.0,0.0
19.02093569337726,1.1967417670905938,1.7304003619185586,1.0,1.0,1.0,1.0,0.0
46.21005587301323,0.2435243125596448,0.2434893304762585,1.0,1.0,0.0,1.0,0.0
43.014443784966495,0.0286799828821777,2.582815366508305,1.0,0.0,0.0,1.0,0.0
1.2981599598594766,2.2421729338730976,0.522824572741219,0.0,0.0,0.0,1.0,0.0
12.933722794774264,0.1889085470177838,2.834295028288374,1.0,0.0,1.0,0.0,0.0
15.07315702742478,0.4889007381612659,0.1670095239819726,1.0,0.0,0.0,0.0,0.0
3.160555593489453,1.1541629948583054,1.4568449612496452,1.0,1.0,0.0,0.0,0.0
1.7934060013426136,2.0714278443039067,0.7861871889280816,0.0,0.0,0.0,1.0,0.0
66.36940351872477,0.7693384018535625,0.5434310357792074,1.0,0.0,0.0,0.0,0.0
0.990025580771263,1.2966898314725337,0.2297496549212326,0.0,1.0,0.0,1.0,0.0
151.4478447302068,0.9634839725989792,1.2514370468995493,1.0,1.0,0.0,0.0,0.0
161.69930245986282,1.4622306798091558,7.261833048264982,1.0,0.0,0.0,1.0,1.0
16.131287469989587,5.551150746916243,14.837858283377455,1.0,0.0,0.0,1.0,1.0
3.9225200443206254,7.910492452481027,0.3740170976428647,1.0,1.0,0.0,1.0,0.0
8.693698091112523,0.0739815092431509,1.1632787602175072,1.0,1.0,0.0,1.0,0.0
26.90173241025809,28.965527195789782,6.686507938303172,1.0,0.0,0.0,0.0,0.0
24.28287864143001,0.3350900927625062,0.1788554596938785,1.0,0.0,0.0,1.0,0.0
2.61123147187474,4.641278066715114,2.393718059340323,1.0,0.0,1.0,0.0,0.0
1.5235508873551495,0.0166738078032477,4.03181595599609,0.0,0.0,0.0,1.0,1.0
118.33848081857906,0.0301432319831325,1.1612500590881198,1.0,1.0,0.0,1.0,0.0
3.822360923487511,1.190638479104963,3.9650600368075306,1.0,0.0,0.0,1.0,0.0
0.3399811179635461,13.896392238885268,0.8555133806821607,0.0,0.0,0.0,0.0,0.0
101.84082864625874,0.0318135324484922,2.235854992108417,1.0,0.0,0.0,1.0,1.0
44.61830214305558,2.122832192593199,0.9053804922667926,1.0,1.0,1.0,0.0,0.0
7.200755027404493,1.1352395281829124,0.4812854308371816,1.0,1.0,1.0,1.0,0.0
24.86586600050107,0.5338724184993293,0.7111676184423683,1.0,1.0,0.0,1.0,0.0
29.18429692505549,6.409824990183553,0.271268180562538,1.0,1.0,0.0,1.0,0.0
3.072892186060712,0.4541520899369361,0.6138212767814257,1.0,1.0,0.0,0.0,0.0
50.281905812665904,0.8350632825891331,0.3907607447608263,1.0,0.0,0.0,1.0,0.0
11.02564849394684,0.119101086608071,1.812711889599292,1.0,0.0,0.0,0.0,0.0
3.3763098266472853,3.133876151445028,0.6881791047038615,1.0,0.0,0.0,1.0,0.0
14.387068397670848,2.3079276859015305,0.2998899190753166,1.0,1.0,0.0,1.0,0.0
4.760463498512579,0.5423930501344504,0.8097106677982461,1.0,1.0,0.0,1.0,0.0
9.598675933770684,3.427846393776753,1.5276063082227744,1.0,0.0,0.0,1.0,0.0
4.587920598768944,3.9904665316531127,1.567899383446757,1.0,0.0,0.0,1.0,0.0
0.2627041820136779,1.01578616755295,0.2508836739789918,0.0,0.0,0.0,1.0,0.0
30.24945258657177,0.0842122925242649,0.4171252049369038,1.0,1.0,0.0,0.0,0.0
1.0436231227747386,2.5732307467609967,1.2050896785159837,0.0,0.0,0.0,0.0,0.0
24.363510452434834,0.610268295249231,0.749050311529353,1.0,1.0,0.0,1.0,0.0
0.9185766078954428,0.0193807031717109,1.0403459662453676,0.0,0.0,0.0,1.0,0.0
2.5395709745573383,0.1359703757459595,1.8611689691350244,1.0,0.0,0.0,1.0,0.0
9.75059267427268,1.775816255619071,0.8485873474122166,1.0,0.0,0.0,0.0,0.0
21.101304671028878,0.2311274760616425,0.2280222302127224,1.0,1.0,0.0,1.0,0.0
8.510791940802012,13.504794426070776,1.327235730893475,1.0,0.0,0.0,1.0,0.0
26.36645911046953,3.7365472359766336,3.217115151200947,1.0,1.0,0.0,0.0,0.0
36.03865005654573,0.3122395367848166,0.6243580025232803,1.0,0.0,0.0,1.0,0.0
21.978229892384807,1.1362015899237552,2.204901502024533,1.0,0.0,0.0,1.0,0.0
4.460388209023605,0.1647093395892139,0.9258943661525616,1.0,0.0,0.0,0.0,0.0
2.6070247118054857,0.4646320251542287,0.180413868536607,1.0,0.0,0.0,1.0,0.0
6.3344415120101605,3.501606362004024,4.617860414359071,1.0,0.0,0.0,1.0,1.0
69.60015892752996,0.8599309696590511,2.784918113365894,1.0,0.0,1.0,0.0,0.0
186.1829522060456,0.4692002917150605,1.1307821580523956,1.0,1.0,0.0,0.0,0.0
8.564479212886102,0.985609817989712,1.505288279507761,1.0,1.0,1.0,1.0,0.0
60.8235292999112,0.1202596301903034,1.847208475209592,1.0,0.0,1.0,1.0,0.0
0.7020362203338054,0.6887526066420923,0.9870620240670648,0.0,1.0,0.0,0.0,0.0
20.13225986452887,0.629543279046011,0.515694759496296,1.0,1.0,0.0,0.0,0.0
5.196406083894958,3.5776604019689757,3.068033171808869,1.0,1.0,0.0,1.0,0.0
13.923165033243713,2.074183092821121,0.5697211339143097,1.0,0.0,0.0,1.0,0.0
7.081453070922622,0.1219998345597014,2.1859307681317723,1.0,1.0,0.0,1.0,0.0
1.1485360689250912,0.1734264858666196,0.4228552419015602,0.0,1.0,0.0,0.0,0.0
3.3497725190922267,0.1742766163523387,2.146341689748525,1.0,1.0,0.0,1.0,0.0
0.6674769721043229,19.593532487369067,1.7336924883968683,0.0,1.0,1.0,1.0,0.0
1.513005531635804,0.589757489397731,1.1291313218380303,0.0,1.0,0.0,1.0,0.0
7.27025879772186,0.4569769346574809,0.360941193513166,1.0,0.0,0.0,0.0,0.0
8.372142612906105,9.574938283099732,0.3689862375526595,1.0,1.0,0.0,0.0,0.0
0.7717217681312993,0.0681993725442302,1.0320089889786856,0.0,0.0,1.0,0.0,0.0
2.644424266744531,4.146561472686972,0.368349492392993,1.0,0.0,0.0,1.0,0.0
7.082672737699723,0.163610200307475,0.3254113026994736,1.0,1.0,1.0,1.0,0.0
18.843233004644343,6.985724666671143,4.262007343671162,1.0,1.0,0.0,0.0,0.0
7.616746761364306,5.005509328079062,1.4173658849714024,1.0,0.0,0.0,1.0,0.0
46.73083407578324,1.0646855257701682,1.095850032112128,1.0,0.0,0.0,1.0,0.0
18.76846916539221,0.0223124588347097,1.3864020994540311,1.0,0.0,0.0,1.0,0.0
5.884924176259969,1.1465405531180637,0.2205116076572058,1.0,1.0,0.0,1.0,0.0
4.23334392213036,3.665039728102004,3.573176646337395,1.0,0.0,0.0,1.0,0.0
4.056814370744147,0.18831604766119,2.02865559417667,1.0,1.0,0.0,1.0,0.0
9.581390698016698,3.535413084848269,0.8889086328905478,1.0,1.0,0.0,0.0,0.0
2.3591487563777074,0.2552675311392759,10.230404616590192,1.0,0.0,0.0,0.0,0.0
6.875678575697791,5.6729648921066085,5.035547326183953,1.0,0.0,0.0,0.0,0.0
11.295943124342466,36.5342216442127,0.8218586213565605,1.0,0.0,1.0,0.0,0.0
0.3207425467651215,8.383856584238137,0.8066634141603322,0.0,0.0,0.0,1.0,0.0
21.024428491060807,1.1053219376666914,0.5508727202846113,1.0,0.0,0.0,0.0,0.0
55.006289107324925,6.594132524321594,3.1186846235032903,1.0,0.0,0.0,0.0,0.0
34.531119491591255,0.9464453078275712,0.3163085962564729,1.0,0.0,0.0,0.0,0.0
55.92318329815677,0.0165762046183208,1.259828802638301,1.0,0.0,0.0,0.0,0.0
4.7686194579140775,0.7332411503624495,1.851661974890151,1.0,0.0,0.0,0.0,0.0
6.053632259609959,0.5811642661424617,2.1505075048165536,1.0,1.0,0.0,1.0,0.0
7.165540295204738,0.0533557060909394,0.5539939506713446,1.0,0.0,0.0,0.0,0.0
18.980392409321507,0.4468961806418722,1.445462317586672,1.0,0.0,1.0,1.0,0.0
2.5696462577674883,9.014139605615476,1.6953110464421333,1.0,1.0,0.0,1.0,0.0
42.71982371216078,0.176645102324093,2.272022890474092,1.0,0.0,0.0,1.0,0.0
6.075565003023573,0.1346796603320113,0.4104211752055297,1.0,0.0,0.0,0.0,0.0
46.17080257686917,0.07854130731123,0.8755932023345299,1.0,0.0,0.0,1.0,0.0
100.4411991471896,0.4140336985073957,0.5466537755669086,1.0,0.0,0.0,0.0,0.0
9.060884194494198,9.840954486268858,1.34331420235513,1.0,0.0,1.0,1.0,0.0
3.4492303940462588,0.2949377659288141,1.8892783094684644,1.0,1.0,0.0,1.0,0.0
3.3485238032188853,2.417150521520876,0.6047568851060788,1.0,0.0,1.0,1.0,0.0
10.497573085382898,7.824621524008519,0.6077914107294243,1.0,0.0,0.0,1.0,0.0
2.6557254669582187,0.5386061177548305,1.823772354147664,1.0,1.0,0.0,0.0,0.0
8.74995159927101,2.312323979553624,0.5127296878804539,1.0,0.0,0.0,0.0,0.0
26.131380606327586,0.9099124706127896,0.5317738951740937,1.0,0.0,1.0,0.0,0.0
0.9028738758379564,0.069558713824365,1.2335327280587782,0.0,0.0,0.0,0.0,0.0
4.024748591286166,0.3519804424392134,2.8613388051190807,1.0,0.0,0.0,1.0,0.0
4.595518008131875,7.553882531105735,1.084905052518505,1.0,0.0,0.0,1.0,0.0
4.462534745791538,0.5201889942057815,0.5955547079380237,1.0,0.0,0.0,0.0,0.0
4.383317025115673,3.2559609752849576,1.5727801189180148,1.0,1.0,0.0,1.0,0.0
3.0177209851968536,1.159291483576718,0.2246236426792988,1.0,1.0,1.0,0.0,0.0
4.713321424388479,3.083659069397496,0.3884554677032148,1.0,0.0,0.0,0.0,0.0
39.96419427695047,8.795920456454422,0.034093436913449,1.0,0.0,0.0,1.0,0.0
0.966993817177082,6.192216658701597,0.4317964447382335,0.0,0.0,0.0,1.0,0.0
27.898392821866494,0.377262247076469,2.662215200369209,1.0,1.0,1.0,1.0,0.0
2.947585785078019,33.10851233165333,0.2051143780086227,1.0,1.0,0.0,1.0,0.0
10.096165282716711,2.199409098457509,0.7600227467567148,1.0,0.0,0.0,1.0,0.0
37.74207426829772,0.1321431255423527,0.2821359318844361,1.0,1.0,0.0,1.0,0.0
36.114712524921536,0.0742027578682014,0.7396157586714834,1.0,1.0,0.0,0.0,0.0
28.76585207839497,0.7816639472168716,0.6216833317363945,1.0,1.0,0.0,1.0,0.0
239.85364115945893,9.224125873079194,0.0462832675241221,1.0,1.0,0.0,0.0,0.0
6.738932257694516,0.0840512209919177,0.2453890318662111,1.0,0.0,0.0,0.0,0.0
27.9828403561656,4.729165294900884,2.680237129369947,1.0,1.0,0.0,0.0,0.0
17.380470768564155,10.522424842713235,3.0971671772208813,1.0,1.0,0.0,1.0,0.0
2.0718137448668377,8.070562970854366,7.186634058672697,1.0,0.0,0.0,0.0,0.0
1.7020639984042651,2.6142506677376462,0.3051944094997231,0.0,0.0,0.0,1.0,0.0
45.86268653422778,1.9761698175329852,1.2638011185674274,1.0,0.0,0.0,0.0,0.0
91.23770789908752,1.5196634214758462,1.218513435444941,1.0,0.0,0.0,1.0,0.0
45.66125358920051,1.487449621641241,0.5697643814566644,1.0,0.0,1.0,0.0,0.0
0.1904051116858533,10.429764403377536,21.30119421962361,0.0,1.0,0.0,1.0,1.0
106.51647945522204,6.400379635281458,0.4429492281104144,1.0,0.0,0.0,1.0,1.0
13.516224006130038,1.113370689707915,4.916434396801357,1.0,0.0,0.0,0.0,0.0
49.32063051952596,9.90230339937946,1.0629799197364795,1.0,0.0,0.0,1.0,0.0
28.935798552920843,1.7058356105938026,2.6696415612147963,1.0,0.0,0.0,0.0,0.0
2.5293983490930545,1.1786885019114937,1.0814653259787868,1.0,1.0,0.0,1.0,0.0
3.5227433392924823,0.0510133020783435,1.1589098454721307,1.0,0.0,0.0,0.0,0.0
19.52917078087268,1.5941554769461592,2.9886883623600053,1.0,0.0,0.0,1.0,0.0
13.676941833447586,18.24022407384508,2.434514796985509,1.0,0.0,0.0,1.0,0.0
12.160868936023116,27.668816050177146,0.7223425739772273,1.0,0.0,0.0,1.0,0.0
0.7962080968744109,1.1493328843396489,1.5198458265457382,0.0,0.0,0.0,0.0,0.0
12.925904973562218,7.825988710285493,0.2250082325406023,1.0,1.0,0.0,1.0,0.0
207.2718679934005,0.1196894701527955,0.4949290056919488,1.0,1.0,0.0,1.0,0.0
24.12669177727108,3.5438454230955108,0.5356378813782369,1.0,0.0,0.0,0.0,0.0
110.84939018820369,0.8153135505675555,0.4674040181219733,1.0,1.0,0.0,1.0,0.0
2.1324169306320773,0.934839551016448,2.74025843104802,1.0,1.0,0.0,1.0,0.0
3.3202105885158084,11.484938645665691,1.0660853766783756,1.0,0.0,1.0,0.0,0.0
7.287983641028953,0.2827014536633349,1.2680156741664703,1.0,1.0,1.0,0.0,0.0
14.859922002442064,2.453605218469263,8.31701799289378,1.0,1.0,0.0,0.0,0.0
48.286228656468566,1.1554954886360869,0.547195325004153,1.0,0.0,0.0,1.0,0.0
15.818456062199855,1.052006647025839,1.3427167557432498,1.0,0.0,0.0,1.0,0.0
62.526195655426434,0.6790584763242322,3.4821375858989883,1.0,0.0,0.0,0.0,0.0
52.79040004318945,0.2419722565526336,0.2222263233061182,1.0,1.0,0.0,1.0,0.0
3.417029535139964,11.065057409442613,0.4320306832062214,1.0,1.0,0.0,1.0,0.0
56.06197703607383,0.1050506658422362,0.1466520619296256,1.0,0.0,1.0,1.0,0.0
11.471987905873103,0.5527791510905726,0.4539768461791177,1.0,0.0,0.0,0.0,0.0
2.578851977741968,5.981534966218634,2.99457271834417,1.0,1.0,0.0,0.0,0.0
1.3455835853418232,1.983108959113901,1.1492441097295605,0.0,1.0,0.0,0.0,0.0
9.417439209865655,0.2569012383776324,0.5814554043304574,1.0,0.0,0.0,1.0,0.0
2.1923202410885163,0.1114071332896744,0.1627682155734209,1.0,1.0,0.0,1.0,0.0
6.48518772345578,1.6992657135571063,0.5791087185999624,1.0,0.0,0.0,0.0,0.0
4.103374118921818,8.695997592716703,0.4320261510528192,1.0,0.0,0.0,1.0,0.0
10.62657310691821,3.618325861466764,0.5110362477063736,1.0,0.0,0.0,1.0,0.0
5.264896464771355,2.385210093350345,1.0900709525368386,1.0,1.0,0.0,1.0,0.0
13.294544238124054,0.5382470212260779,4.988799413160456,1.0,0.0,0.0,0.0,0.0
8.481587638837336,13.938124389837313,2.4171784213700813,1.0,0.0,0.0,1.0,0.0
11.25249402153925,2.9247942009558794,0.6612551096663999,1.0,0.0,0.0,0.0,0.0
1.6090493685073024,2.2188045429635355,1.4213293687361943,0.0,0.0,1.0,0.0,0.0
2.034481080990351,0.3894436952382291,2.9302249967112592,1.0,0.0,0.0,1.0,0.0
8.611888776714437,0.2362768617582388,0.9263384325676588,1.0,0.0,0.0,0.0,0.0
15.229645882153424,0.498729782340923,2.272088656771861,1.0,1.0,1.0,1.0,0.0
13.34030625898663,2.4115146205284725,11.346983108345595,1.0,0.0,0.0,0.0,0.0
8.422719570614753,0.3238046497150752,0.2823433729593761,1.0,1.0,0.0,1.0,0.0
13.613226875127806,0.0189741934614383,0.2314699717840571,1.0,1.0,0.0,1.0,0.0
8.625280436736427,0.1693107778968088,0.8653690890063799,1.0,0.0,0.0,1.0,0.0
52.32671917658141,0.1210788261749861,1.7079328605595276,1.0,0.0,0.0,0.0,0.0
4.591595395611597,0.4028756167829302,0.5452207788377966,1.0,1.0,0.0,0.0,0.0
6.10559138278935,2.255807878306205,0.8970359175773028,1.0,1.0,0.0,1.0,0.0
3.6760783072188503,0.2796587052009508,0.8457560318459879,1.0,1.0,0.0,0.0,0.0
2.6043380056588514,0.652714863942657,2.033854607253626,1.0,0.0,0.0,0.0,0.0
5.113529009463472,0.3108008596637842,0.1655415834970682,1.0,0.0,0.0,1.0,0.0
17.672633481272378,5.278483573654675,3.624823237467541,1.0,1.0,0.0,0.0,0.0
23.422336606209736,0.7726649041089574,0.5909158362299406,1.0,0.0,0.0,1.0,0.0
1.952349520701333,1.245788542687034,0.8130665794554673,1.0,0.0,1.0,1.0,0.0
23.75591608094229,0.1449582442959264,0.1525791657339395,1.0,1.0,0.0,0.0,0.0
2.446476762749969,0.4857359364563883,0.5979704571795519,1.0,1.0,0.0,1.0,0.0
2.3354861991976343,9.873246843844862,5.248304087059947,1.0,0.0,0.0,1.0,1.0
3.7969151040089097,0.5242516975680975,1.1111870381161792,1.0,0.0,0.0,0.0,0.0
14.686114113561077,5.427161180405551,1.3250838171773691,1.0,0.0,0.0,1.0,0.0
1.430012348004451,0.1432568072362342,1.058196340154635,0.0,1.0,0.0,0.0,0.0
3.2854953694195377,35.2098126399858,3.750131401771853,1.0,1.0,0.0,0.0,0.0
7.172623387561456,0.6171122208115167,1.183634135113906,1.0,1.0,0.0,0.0,0.0
14.099130859890494,2.750410545466897,0.4060928973070729,1.0,0.0,0.0,0.0,0.0
18.252941530961063,2.4066020226522937,0.2395961308878934,1.0,1.0,0.0,1.0,0.0
79.4949742149422,25.02542097127868,0.4421643325024291,1.0,0.0,1.0,1.0,0.0
11.871716143672316,0.78202694210716,0.8248022350856318,1.0,0.0,0.0,1.0,0.0
4.757789751555531,1.6656834084179315,2.9279008367983126,1.0,1.0,0.0,1.0,0.0
18.232935776564137,0.7053008314368394,0.5152500912994479,1.0,1.0,0.0,1.0,0.0
7.963929272012471,0.0837125808265856,1.1516342644814612,1.0,0.0,1.0,1.0,0.0
25.629656006683845,30.69466417791803,0.4582183775725302,1.0,0.0,0.0,0.0,0.0
10.12655974429497,0.0599196159488443,5.77012383450392,1.0,1.0,0.0,0.0,0.0
6.920854814733357,14.859581595078184,0.882013275840033,1.0,0.0,0.0,0.0,0.0
2.102141018258468,5.460856609212362,1.2287916021246157,1.0,0.0,0.0,1.0,0.0
4.988597799737638,5.861888861588611,2.981473114526362,1.0,1.0,0.0,0.0,0.0
1.917021602129144,0.2999846091390468,0.952245890849152,1.0,0.0,0.0,0.0,0.0
92.51861202156006,1.955694470570966,0.6739265818408158,1.0,0.0,1.0,1.0,0.0
5.197007282472024,1.152299276513612,1.1244527976317369,1.0,1.0,0.0,1.0,0.0
42.48712492066029,5.52731048926373,8.409183851210702,1.0,0.0,0.0,1.0,1.0
3.975157895971385,6.122334714157861,0.8404870671011934,1.0,0.0,0.0,1.0,0.0
0.9941704637835336,0.2474779802111951,0.496212564420134,0.0,0.0,0.0,1.0,0.0
2.396678948071446,0.0519345334718138,0.4257699515358889,1.0,0.0,0.0,1.0,0.0
4.426263767502346,0.04154084398244,0.4142454914341062,1.0,1.0,0.0,0.0,0.0
59.4233032184069,0.0933847044572489,3.505122643547355,1.0,1.0,0.0,1.0,0.0
3.7149348996233886,0.8926275320784961,4.456816611444939,1.0,1.0,0.0,1.0,1.0
81.8448935431168,1.326807977347476,0.3271162934769798,1.0,0.0,0.0,1.0,0.0
5.278914999228628,0.0450683977821722,1.0565790021120822,1.0,0.0,1.0,1.0,0.0
0.8583615894904753,0.2089068826766389,0.3576740352833223,0.0,0.0,0.0,0.0,0.0
18.094080800315687,0.0504938278653698,0.4990237637043582,1.0,0.0,0.0,1.0,0.0
1.7026160226489089,0.6274509401441517,0.984662752576042,0.0,1.0,0.0,0.0,0.0
40.40055689344201,6.59404631042525,1.017951186310253,1.0,0.0,1.0,1.0,0.0
42.91104107951371,0.1667824912244477,0.3780588410549333,1.0,0.0,0.0,1.0,0.0
0.6474933245498962,0.6703248467036624,0.1914980597908069,0.0,0.0,0.0,1.0,0.0
12.732207115713043,9.334384924837314,2.1314558949773525,1.0,0.0,0.0,1.0,0.0
3.4836004058410546,1.4498694935094067,0.2891111324116096,1.0,0.0,0.0,1.0,0.0
2.2757214189831,0.1716736536710208,0.1936037180212348,1.0,0.0,0.0,1.0,0.0
76.44191329036144,0.251111065342243,3.475450450190389,1.0,0.0,0.0,0.0,0.0
38.97332347761156,12.445738132311147,4.313196317092609,1.0,0.0,0.0,0.0,0.0
5.946347254777787,1.5057442321138506,0.5947155505029985,1.0,0.0,0.0,1.0,0.0
1.2219668558728447,0.6365163926384574,1.6077656332785473,0.0,0.0,0.0,1.0,0.0
2.725193651661777,22.55658298468283,4.431060417448504,1.0,0.0,0.0,1.0,1.0
17.843714361265008,0.0836769858681905,0.227340055553647,1.0,0.0,0.0,1.0,0.0
21.288622910078185,51.85047307535381,0.8863503949083403,1.0,0.0,0.0,1.0,1.0
297.8561845655832,1.5951818617233362,4.100564037011076,1.0,0.0,0.0,1.0,1.0
6.768515837629755,1.3761382448246864,0.193020852808726,1.0,0.0,0.0,1.0,0.0
18.407312112635136,3.228294249564473,0.3375480058196811,1.0,1.0,0.0,1.0,0.0
16.314910658771264,1.7461966243303124,0.8713544452792807,1.0,1.0,1.0,1.0,0.0
21.7227487028661,0.672512185181325,2.62643421659566,1.0,1.0,0.0,1.0,0.0
79.52665247934388,2.107223726261108,0.3501837240915601,1.0,1.0,0.0,1.0,0.0
24.352713324509352,1.57367099457682,1.2386231891480315,1.0,1.0,0.0,1.0,0.0
7.1134475777372925,2.2200859807928333,1.245227365426788,1.0,0.0,0.0,1.0,0.0
19.78958893709729,3.345031809286633,1.4145308105443295,1.0,0.0,0.0,0.0,0.0
3.134778199823875,1.4151186627400982,1.2467422528086234,1.0,0.0,0.0,1.0,0.0
10.001216251566046,2.048434859004666,5.12256456801235,1.0,1.0,0.0,1.0,1.0
5.513513213715922,0.1150125245545584,7.13927608713535,1.0,0.0,0.0,0.0,0.0
26.69128371752937,0.2424862143647769,2.432650182553,1.0,1.0,0.0,1.0,0.0
7.663617371680481,1.2743215889783124,4.203425836294366,1.0,0.0,1.0,0.0,0.0
157.41602632867665,0.305385409318347,4.224663877977117,1.0,1.0,0.0,1.0,1.0
60.3359103077913,0.6333837099153565,0.925528750071378,1.0,1.0,0.0,0.0,0.0
1.2305890314172243,3.234808650663166,0.8120985065294326,0.0,0.0,0.0,1.0,0.0
0.4978807276187862,4.063375099198159,0.6833757138374777,0.0,0.0,0.0,0.0,0.0
186.376732918672,4.926258786356958,1.7663930644556682,1.0,1.0,0.0,1.0,0.0
1.6301916800022975,3.897078563364423,0.6083205323153,0.0,1.0,0.0,0.0,0.0
3.9204449263163568,1.7746143405016064,0.1609265273460146,1.0,0.0,0.0,1.0,0.0
2.213856442856112,5.449737824609868,0.552180060939672,1.0,0.0,1.0,0.0,0.0
2.139252130926295,9.898190607194438,4.670574219923056,1.0,1.0,0.0,0.0,0.0
55.69865659079571,21.666103109775555,0.728909500170728,1.0,0.0,0.0,0.0,0.0
14.050695853932911,1.2644682274211136,0.4139926169970494,1.0,0.0,0.0,0.0,0.0
5.87350091156527,1.1649980302669716,0.913493881183708,1.0,1.0,0.0,0.0,0.0
12.915762293166749,0.0581164939902159,0.2273239061518833,1.0,1.0,0.0,0.0,0.0
4.9974728198298815,0.3459170231659919,0.5151688619393572,1.0,0.0,0.0,1.0,0.0
8.135632632463619,0.4433162939974536,4.957200457171681,1.0,1.0,0.0,1.0,1.0
4.723661206141896,0.5857832645027261,0.545031531949433,1.0,0.0,0.0,0.0,0.0
38.46073932460597,0.1808586080890853,0.6676191852538776,1.0,0.0,0.0,0.0,0.0
2.3516781113684257,0.0734875333853483,22.283345246388144,1.0,0.0,0.0,1.0,1.0
2.5468746197403647,1.0862660100566082,0.872396204678977,1.0,1.0,0.0,1.0,0.0
1.9598719196149208,2.8087912025174337,0.989117530242105,1.0,0.0,0.0,1.0,0.0
12.373948653666048,1.0453632058046314,0.2431678784663707,1.0,1.0,0.0,1.0,0.0
11.876510350914693,1.6662858251024115,0.6935762733278812,1.0,0.0,0.0,0.0,0.0
46.78015724662122,0.750817780967753,0.9228672508817736,1.0,1.0,0.0,1.0,0.0
2.4036316947279244,0.3506020761059625,0.2289940999623802,1.0,1.0,0.0,0.0,0.0
9.95534542505292,1.4858928411994683,0.4849242140363782,1.0,0.0,0.0,1.0,0.0
10.707441916772272,11.541653595194896,1.7828001892396048,1.0,1.0,0.0,0.0,0.0
3.5675780627426463,0.5960573634679566,0.6331509345345275,1.0,1.0,0.0,1.0,0.0
218.5895940453248,0.1887667952998969,2.204134367049742,1.0,1.0,0.0,1.0,0.0
5.640911936779923,0.1840996318563685,0.2997545653260705,1.0,1.0,0.0,0.0,0.0
10.411658782877945,0.3576775093670677,0.513798768968922,1.0,0.0,0.0,1.0,0.0
16.159445469200843,6.233115225062698,0.971292275050272,1.0,0.0,0.0,0.0,0.0
8.83144083860084,14.246628010280087,0.1557591392616032,1.0,1.0,1.0,0.0,0.0
103.63128535390526,1.7128858446245725,0.9648071237504428,1.0,1.0,0.0,1.0,0.0
151.99996919661967,8.593785180821593,1.2142804164532175,1.0,0.0,0.0,1.0,1.0
0.5270184618221425,0.4887577601523669,3.511735001618186,0.0,0.0,1.0,1.0,0.0
13.292488126679368,0.5353475543525537,1.4507451797986053,1.0,1.0,0.0,0.0,0.0
8.48319824974154,2.5530292989080268,0.7616476275564811,1.0,1.0,0.0,1.0,0.0
17.08665161808489,1.5579200372401396,0.1330305717693402,1.0,0.0,0.0,1.0,0.0
3.379589427532577,2.1496186914916726,28.267940349415543,1.0,0.0,0.0,1.0,1.0
36.023894814806205,2.0906289742864,0.364741438261685,1.0,1.0,0.0,0.0,0.0
36.473806822097465,41.932301993824346,0.7529370686503488,1.0,0.0,1.0,1.0,0.0
74.65363648113343,12.680472337780715,0.9689733351998128,1.0,0.0,0.0,1.0,0.0
33.99686818167603,7.986017896967136,0.4053631976293301,1.0,1.0,0.0,0.0,0.0
26.603824687306837,6.320680308132928,2.361432358554228,1.0,1.0,0.0,1.0,0.0
9.61202894333381,0.8044359899354931,1.2780263330991704,1.0,1.0,0.0,0.0,0.0
6.521137350458703,4.988504546965387,0.9007027245067926,1.0,0.0,0.0,1.0,0.0
8.802569895602518,0.3117592126954917,0.123914848921942,1.0,0.0,0.0,0.0,0.0
52.19383988599556,0.0505345679467414,1.0429797425645564,1.0,0.0,0.0,1.0,0.0
19.90613080935444,0.9368764543169488,0.5002095738906889,1.0,1.0,0.0,1.0,0.0
11.426990980996376,0.6767519100596331,4.079808446693034,1.0,1.0,1.0,0.0,0.0
5.5435676629417445,0.3685835725619363,0.3048222963228627,1.0,0.0,0.0,0.0,0.0
71.0635837209777,4.662889849407285,0.5116243612486452,1.0,1.0,0.0,1.0,0.0
9.708465772245004,0.0265662896517384,2.343036126032683,1.0,0.0,0.0,1.0,0.0
27.371236335154308,4.477369939550216,1.6593096320464156,1.0,0.0,1.0,0.0,0.0
40.96890318154839,8.421726416901516,1.0282389967346388,1.0,1.0,0.0,1.0,0.0
5.8060582012757,5.996018793321638,0.5362026442776517,1.0,1.0,0.0,1.0,0.0
6.10316274261997,2.3531075527781007,2.1659619074487093,1.0,1.0,0.0,0.0,0.0
14.131200286626395,32.91966369341531,0.1929535717778442,1.0,1.0,0.0,1.0,0.0
6.099480613306201,0.1784601607036566,0.8261558126716558,1.0,1.0,0.0,1.0,0.0
5.80202733520827,1.092862170575713,0.7596000302535784,1.0,0.0,0.0,1.0,0.0
4.877908653881673,1.7386832557753304,0.7632358900391152,1.0,0.0,0.0,0.0,0.0
462.42318071954617,0.6363843503665388,1.022502406247901,1.0,1.0,0.0,0.0,0.0
4.63083690352605,0.520156500248796,1.4072674552864322,1.0,0.0,0.0,1.0,0.0
2.8982463491727333,0.2912283358709742,0.5796269347288094,1.0,0.0,0.0,1.0,0.0
2.534206712814558,0.0382650186075348,0.6323755345780193,1.0,1.0,0.0,0.0,0.0
2.999874638224868,0.0422851324611372,0.3116379848175288,1.0,0.0,0.0,1.0,0.0
0.9880230826942206,1.0152215793639303,6.162741104771676,0.0,0.0,0.0,1.0,1.0
7.088375978328132,0.5752527056873918,0.2156793311686908,1.0,0.0,0.0,1.0,0.0
1.1465678299431885,0.0061968729356151,2.138318773315354,0.0,1.0,1.0,1.0,0.0
8.834548090633993,0.5945981950392061,5.727208220572247,1.0,0.0,0.0,1.0,1.0
2.138433736652711,2.611065782443103,0.493109495765434,1.0,1.0,1.0,1.0,0.0
0.5886409808565631,0.8655240534045258,2.0309566782858592,0.0,0.0,0.0,1.0,0.0
4.661043929322808,7.123695816451782,0.2564900245746571,1.0,0.0,0.0,0.0,0.0
24.51500966762177,1.1983409713663198,4.6126820200524286,1.0,0.0,0.0,0.0,0.0
30.191105690367777,0.96653743404513,2.4720486288858434,1.0,0.0,0.0,1.0,0.0
6.521503248207248,0.2226563390401862,1.322640795433,1.0,0.0,0.0,1.0,0.0
0.8630978747621417,6.546108902065714,0.5770672439593324,0.0,0.0,1.0,1.0,0.0
146.51638606449575,1.6361609392821213,0.5316103497219499,1.0,0.0,0.0,1.0,1.0
12.132408000551951,0.0843849942929846,0.5816567875703232,1.0,1.0,0.0,1.0,0.0
10.134374521930695,0.5895651366087284,0.5005701781093496,1.0,1.0,0.0,1.0,0.0
42.51521002528778,0.0864984143095934,0.0811309445176497,1.0,1.0,0.0,0.0,0.0
18.464813659816446,0.4581000018619111,3.930519458822295,1.0,0.0,0.0,0.0,0.0
3.1734301724441747,0.1811208388510995,5.015475770362028,1.0,1.0,0.0,0.0,0.0
16.88892597241959,4.172793068119668,0.4055311594373363,1.0,0.0,0.0,1.0,0.0
89.06774392232009,0.1323364343333101,1.1855468648234035,1.0,1.0,0.0,0.0,0.0
2.541778070630977,16.416303580982493,0.5908832487067767,1.0,1.0,0.0,1.0,0.0
38.08822878147591,0.1608898456626486,0.6953283357681184,1.0,1.0,1.0,0.0,0.0
16.01844372084196,0.3819528424538433,1.4033180434188004,1.0,1.0,0.0,0.0,0.0
9.90406029271001,4.9425295006821,1.3792933429007914,1.0,1.0,0.0,1.0,0.0
5.104995963094379,0.1453638038796254,0.97485752903286,1.0,0.0,0.0,0.0,0.0
2.7835707649375814,13.193040022117446,0.2380871187428772,1.0,1.0,0.0,1.0,0.0
55.94471549853869,2.167750084781422,2.4873242052308897,1.0,0.0,0.0,1.0,0.0
3.6055814244236775,0.3659247063161992,4.401699801006679,1.0,1.0,1.0,1.0,0.0
2.2078263926753534,0.1855556306292577,1.1214187905877793,1.0,0.0,0.0,1.0,0.0
599.60922570238,31.408589826135948,2.838060156243772,1.0,0.0,0.0,1.0,1.0
22.212396671528964,1.4875865473532792,4.8736856656094325,1.0,0.0,0.0,1.0,1.0
31.341937748964863,0.2422265500761203,1.2633731775881,1.0,0.0,0.0,1.0,0.0
123.421138936082,0.6042775438697421,0.5168046560575147,1.0,0.0,0.0,1.0,1.0
52.79342348571398,9.990491299596426,3.1324978473840126,1.0,0.0,0.0,0.0,0.0
1.816316311769884,1.5209379191001635,6.308613413633936,0.0,1.0,1.0,1.0,0.0
0.5559961552667685,66.28870638448966,0.322025601484362,0.0,0.0,0.0,1.0,1.0
75.26209545116961,0.6997153839169167,1.1217222945161782,1.0,0.0,1.0,0.0,0.0
10.160929156219618,2.647726115435544,0.5109390672611688,1.0,0.0,0.0,1.0,0.0
26.4702376648102,0.2915558013868044,0.7975859540779939,1.0,0.0,0.0,1.0,0.0
9.630663606993272,4.085012342655362,1.7328794780311316,1.0,0.0,0.0,1.0,0.0
2.525896600267897,0.4307601763526268,0.4954490549367591,1.0,1.0,0.0,1.0,0.0
16.54530830802714,0.6491602546587543,0.8473572766554817,1.0,0.0,0.0,0.0,0.0
29.477062998323547,0.1304354583712808,0.5933249090462144,1.0,1.0,0.0,0.0,0.0
47.229002088541776,1.2847005058643823,0.1407668009128879,1.0,0.0,0.0,0.0,0.0
9.866324338639188,5.569263853155798,1.278267265390987,1.0,1.0,0.0,1.0,0.0
2.230429128372728,31.485789435974684,1.7671636450261836,1.0,0.0,0.0,1.0,0.0
4.818228146005307,4.334397661797814,0.5116296755388566,1.0,1.0,0.0,0.0,0.0
5.899986209654343,3.1894008982230595,0.473424963690311,1.0,0.0,0.0,1.0,0.0
34.48673611888482,2.2901403159977263,1.3111308613804808,1.0,1.0,0.0,0.0,0.0
10.290106718280295,0.8623866198951086,0.2194387016024366,1.0,1.0,1.0,1.0,0.0
10.761896888546216,0.6378327166345016,7.109538777066066,1.0,0.0,0.0,0.0,0.0
18.808455214269195,7.301189505882027,0.4803562269221895,1.0,0.0,0.0,0.0,0.0
32.481859846878066,7.56485437891427,1.2906632168916967,1.0,1.0,0.0,1.0,0.0
2.75199986411731,0.3200552042584649,1.2458550964942212,1.0,0.0,0.0,0.0,0.0
4.616503237179358,2.383918816707914,14.530540395991329,1.0,0.0,0.0,1.0,1.0
1.8914460319821476,0.3121289856855866,0.7079054796347276,0.0,0.0,0.0,1.0,0.0
3.4390598155964125,0.2360248748158804,0.3954736782170724,1.0,0.0,0.0,1.0,0.0
13.832291130773884,4.486345758833235,0.5103951476058777,1.0,0.0,0.0,1.0,0.0
48.64956217799031,0.1918079918651823,0.5164699585142931,1.0,1.0,0.0,0.0,0.0
3.826563572658912,1.2527618198738173,0.6244676847894279,1.0,0.0,0.0,1.0,0.0
62.07643109675504,5.073305202195646,1.7037783826031008,1.0,0.0,0.0,0.0,0.0
2.9961483542503493,0.0908212362650442,1.2137301823744413,1.0,1.0,0.0,1.0,0.0
2.8348296251189797,0.2947955306834329,1.885583574650049,1.0,1.0,0.0,0.0,0.0
1.8433499916058864,0.3708551396269329,1.2474556040758165,0.0,0.0,0.0,1.0,0.0
1.8984392580794915,12.15722205827671,0.2392322096331451,0.0,1.0,1.0,0.0,0.0
5.020975155708625,0.0704221394501058,1.0893174662689984,1.0,1.0,0.0,0.0,0.0
5.022859913590607,0.4441433284229463,0.990871957442698,1.0,0.0,0.0,1.0,0.0
22.403835035816,0.6506316283847466,0.2257697336034972,1.0,0.0,0.0,1.0,0.0
13.497051010148994,6.56184324883194,1.6987240493419686,1.0,0.0,0.0,1.0,0.0
2.3318420727363245,0.329942488839579,0.1944992537862422,1.0,1.0,1.0,0.0,0.0
7.615747247960233,3.4292707454879414,2.3774020535832845,1.0,0.0,0.0,1.0,0.0
437.0848764712604,0.0187345273158802,0.4210747985247167,1.0,1.0,0.0,1.0,0.0
11.043666331110202,4.160484387351188,2.366919653575549,1.0,0.0,0.0,1.0,0.0
13.6596037569052,2.174552451195779,0.3520361901971234,1.0,0.0,0.0,1.0,0.0
2.126572916049597,0.3111843266968936,1.7769354981824994,1.0,1.0,0.0,0.0,0.0
45.65506397681197,0.4068638056376445,1.112703585750863,1.0,0.0,0.0,1.0,0.0
9.084735183073692,5.257388114936004,1.4090202158500138,1.0,0.0,0.0,0.0,0.0
17.577917788107904,11.035735255159954,2.0914502793033014,1.0,0.0,0.0,1.0,0.0
50.97856842106705,3.172963166195534,0.4420368627983599,1.0,1.0,1.0,0.0,0.0
23.247510645395884,0.1437298892189738,0.5960774463981053,1.0,0.0,1.0,1.0,0.0
5.772394360636517,0.8808173698939252,0.4732917962889975,1.0,1.0,0.0,1.0,0.0
32.43454896832345,0.6342780714553711,0.2458330653604782,1.0,0.0,0.0,1.0,0.0
59.15985189537396,0.7608848262293896,1.1568334153941793,1.0,0.0,1.0,0.0,0.0
23.26915100761937,0.2465950599912563,1.2246011201448026,1.0,0.0,0.0,0.0,0.0
11.47698455704966,14.98992768071791,1.7686563500956984,1.0,1.0,0.0,1.0,0.0
0.952944864782408,0.4937608470636138,1.1254176952042363,0.0,1.0,0.0,0.0,0.0
9.64739705326746,0.0230251770737775,2.367376722235412,1.0,0.0,0.0,1.0,0.0
0.7576284561579207,0.325878471561459,0.3188089707472437,0.0,1.0,0.0,1.0,0.0
3.5784797582939656,0.6502074813302573,0.153364034376053,1.0,0.0,0.0,1.0,0.0
10.05392315857927,0.952078949352557,4.284969967879604,1.0,0.0,0.0,1.0,1.0
33.44798909095517,1.778144915596263,2.571440518187586,1.0,0.0,0.0,1.0,0.0
6.10245143565023,0.4613585441040072,0.6703937505934251,1.0,0.0,0.0,0.0,0.0
2.908824807537864,0.5245469260802741,2.766199112394735,1.0,0.0,0.0,0.0,0.0
2.683942846910404,0.4585872335052371,0.829456666180455,1.0,1.0,0.0,1.0,0.0
1.0638123647241675,0.7618986226308381,0.7395393689940462,0.0,0.0,0.0,1.0,0.0
2.6126022920505427,8.851721978517045,38.646110779967344,1.0,1.0,0.0,0.0,0.0
17.90281362554495,4.110497623278151,1.64431356177732,1.0,0.0,1.0,1.0,0.0
10.606680552503793,0.8234719637183922,0.8985098301999331,1.0,0.0,0.0,1.0,0.0
1.7845743787534485,3.5882865495262326,1.0936297693459711,0.0,0.0,0.0,1.0,0.0
13.75584784782716,27.755611819032037,0.313973484661291,1.0,1.0,0.0,1.0,0.0
6.273073626773284,0.3072864517132991,0.6536146609096226,1.0,0.0,0.0,0.0,0.0
47.10976918322292,25.627281344058453,3.9637806089053567,1.0,0.0,0.0,1.0,0.0
36.39968396174497,1.5913801161809549,0.4629135690314326,1.0,0.0,1.0,0.0,0.0
3.7726977170400575,2.734501468389439,0.996318715072862,1.0,1.0,1.0,0.0,0.0
1.3188522185279636,0.0254279246196736,2.798036819952551,0.0,0.0,0.0,0.0,0.0
55.85615717205612,35.227954112924074,4.377043251895811,1.0,0.0,0.0,0.0,0.0
9.070987582080823,1.3181660241060758,0.322475316569139,1.0,0.0,0.0,1.0,0.0
266.3741376487775,0.1052033436330309,0.1082810163404435,1.0,0.0,1.0,0.0,0.0
301.0916797012021,3.9011962220384633,0.7508514951207068,1.0,1.0,0.0,1.0,0.0
2.219816864798349,0.0662680704407419,0.513776997269477,1.0,0.0,1.0,0.0,0.0
28.098629277595137,0.219660796509675,1.1135657352221071,1.0,0.0,0.0,1.0,0.0
24.044165615323685,22.91964212697798,0.5784766105988339,1.0,0.0,0.0,1.0,0.0
1.8108403873762489,0.3267208232687549,3.0983815538175925,0.0,0.0,0.0,1.0,0.0
15.482254326212718,2.145019696041441,0.1167352383071747,1.0,0.0,0.0,1.0,0.0
75.11739236704375,1.3715844217497597,3.341867664618729,1.0,1.0,0.0,0.0,0.0
7.731846543544841,1.634776415211353,0.7601692847652675,1.0,0.0,0.0,0.0,0.0
11.015273723962547,0.571569997121428,1.3652072998196692,1.0,0.0,0.0,1.0,0.0
5.341295223589014,0.5012149890650509,0.0926654346224286,1.0,1.0,0.0,0.0,0.0
37.97692205360456,0.0406379623480808,0.8330407504574115,1.0,0.0,0.0,1.0,0.0
10.180861103298534,0.5376336514960233,0.4490667500360754,1.0,0.0,0.0,1.0,0.0
8.012761197184815,0.1251517904576618,0.9930382459578638,1.0,1.0,1.0,0.0,0.0
9.514469095482742,7.338560725407445,0.3345029865977536,1.0,1.0,0.0,0.0,0.0
17.529703085309016,0.2338840245560583,0.9916059562800068,1.0,0.0,0.0,1.0,0.0
96.70669205249092,3.076930825331708,1.7034757065833142,1.0,0.0,1.0,0.0,0.0
5.151194666525453,0.2200786850577621,49.94953952100582,1.0,1.0,0.0,1.0,1.0
14.083680311079291,2.878408627549169,0.2975763528431136,1.0,1.0,0.0,0.0,0.0
2.7423000112266527,0.0748868019525673,1.490702385495409,1.0,0.0,0.0,1.0,0.0
34.92529814555135,0.0905719550933259,4.763301319225963,1.0,1.0,0.0,1.0,1.0
44.94752604292487,5.272105262371208,1.1634053144375929,1.0,1.0,0.0,1.0,0.0
41.94076613837766,0.1395666656297955,2.785633417799732,1.0,0.0,0.0,0.0,0.0
1.9124570440216488,0.1567972285261787,0.484006386375206,1.0,0.0,0.0,1.0,0.0
5.951588008580638,0.7935054628842314,0.5280572582560573,1.0,0.0,0.0,0.0,0.0
7.6290644806802,2.1298941185525755,0.5259252631806398,1.0,1.0,0.0,0.0,0.0
32.30697531471192,0.3142984086877662,0.9494339091946457,1.0,1.0,0.0,1.0,0.0
2.7825280210381487,0.5713779416009197,2.8645273895978893,1.0,0.0,0.0,1.0,0.0
38.39355575095276,0.6726272310890244,0.3431586292724899,1.0,1.0,0.0,1.0,0.0
41.07794637150874,35.47815814505265,0.7612238680370818,1.0,0.0,0.0,0.0,0.0
19.877560151062767,0.0539925584127676,0.4153709251135882,1.0,1.0,0.0,0.0,0.0
27.500910715809447,11.23476152221681,4.262179098527128,1.0,0.0,1.0,0.0,0.0
152.9536469398655,0.5745032441531926,0.431358419543471,1.0,0.0,0.0,1.0,1.0
14.354159892833689,21.673762575927515,0.3209036546780649,1.0,0.0,0.0,1.0,0.0
1.918725303652757,0.5847459690713007,0.3399578260104753,1.0,1.0,0.0,1.0,0.0
5.655506356460483,7.162829156877002,2.1626198695417105,1.0,1.0,0.0,0.0,0.0
14.136965684358774,0.2469552779508244,0.5795396706800049,1.0,0.0,0.0,1.0,0.0
21.044606664579785,6.061874628074815,0.3353282513592321,1.0,0.0,0.0,0.0,0.0
54.598467621455335,0.2451777534971168,1.7191446411388054,1.0,1.0,0.0,1.0,0.0
17.923228186711167,0.2469325264949715,0.2611833551077872,1.0,1.0,0.0,1.0,0.0
7.587798202232411,0.171037251463495,0.3631335062905699,1.0,0.0,1.0,0.0,0.0
17.329346164927095,0.0100244447122453,2.7347914393477994,1.0,1.0,0.0,1.0,0.0
11.582946138590373,0.0728582656892759,0.0821346887616959,1.0,0.0,0.0,0.0,0.0
23.314567551774964,0.2981179048167353,0.3178815134866413,1.0,1.0,0.0,1.0,0.0
9.212979841165966,1.4193793397859449,1.0211431018627617,1.0,1.0,0.0,1.0,0.0
10.076454354076487,0.238916465683144,0.3218805909540922,1.0,0.0,0.0,1.0,0.0
18.32365949855117,0.0401938012816488,0.8249223372421498,1.0,0.0,0.0,1.0,0.0
168.7552390651942,2.007186729626353,6.933608367503176,1.0,0.0,0.0,0.0,1.0
14.42289712836516,1.3511552032173093,0.7572976284837799,1.0,0.0,0.0,1.0,0.0
7.847003821320071,1.138308069241086,0.5070048300607738,1.0,0.0,0.0,0.0,0.0
3.726452611278124,3.303492625923904,0.9402815837631816,1.0,0.0,0.0,1.0,0.0
1.8962072980407607,1.279909323789182,5.03313585092204,0.0,0.0,1.0,0.0,0.0
35.61995093824461,0.6452421834454017,1.0738676966176772,1.0,0.0,0.0,1.0,0.0
1.1239746369230947,8.295427267588789,0.3078541345845716,0.0,1.0,0.0,1.0,0.0
10.7763981426418,1.7750834421409374,1.0229088081262812,1.0,0.0,0.0,0.0,0.0
3.1703116696920266,10.131689915687687,0.9319917040709692,1.0,0.0,1.0,0.0,0.0
18.421664924209104,1.9147839326864384,3.0136728675688693,1.0,0.0,0.0,1.0,0.0
21.433707027919,0.2040570695179225,1.1675580035250683,1.0,0.0,0.0,0.0,0.0
5.7792929914873366,1.3179245564025877,0.1792568467573296,1.0,1.0,0.0,1.0,0.0
6.678445240948673,0.163414046851748,5.485256714480768,1.0,0.0,0.0,1.0,1.0
3.1618518850517017,0.0688697975175795,1.0410844725263555,1.0,0.0,0.0,0.0,0.0
2.743439704502101,0.3401110671257343,0.2546272797159428,1.0,0.0,0.0,1.0,0.0
8.572944732080996,0.2442917511650719,0.2550746842016194,1.0,0.0,0.0,1.0,0.0
8.929441265511626,71.1157078830838,0.6323189117638194,1.0,1.0,0.0,1.0,0.0
41.714873572655335,0.2890862781899085,1.3061942665221404,1.0,0.0,0.0,1.0,0.0
180.83232736192213,0.0375580947984725,0.2598599794648006,1.0,0.0,0.0,1.0,1.0
14.659409434904903,0.7962025173676041,6.451685561641348,1.0,0.0,0.0,0.0,0.0
9.709433168777649,0.5010494977223517,0.4546101396417418,1.0,0.0,0.0,1.0,0.0
32.64208219627705,16.102803493857618,5.623600548530376,1.0,0.0,0.0,1.0,1.0
54.76722532007289,3.733099341611391,1.0585798164329212,1.0,1.0,1.0,1.0,0.0
40.09070723833722,0.0913426304173516,0.1136008376277261,1.0,0.0,0.0,0.0,0.0
38.75985532636599,2.9345380693955327,3.0124934814829603,1.0,0.0,0.0,1.0,0.0
5.63487959610154,14.089402151200291,1.4320528212657466,1.0,1.0,0.0,1.0,0.0
1.9576516836284483,1.4897708932423348,0.4754245796376605,1.0,1.0,0.0,0.0,0.0
25.866278061609368,25.094400909251707,0.292072291541963,1.0,0.0,0.0,1.0,0.0
21.48714666081107,8.355654242727205,0.2824385112075953,1.0,0.0,0.0,0.0,0.0
37.39739486570296,0.3550392358118582,0.3907352177192013,1.0,1.0,0.0,1.0,0.0
0.7239332707018489,3.266850345232485,0.2245908565601542,0.0,0.0,0.0,1.0,0.0
14.99418317814676,42.198361960610335,3.783068356679581,1.0,1.0,0.0,0.0,0.0
49.124594826989046,0.22516342829982,0.3583200363797268,1.0,0.0,0.0,1.0,0.0
125.53787474426358,0.1671718851659221,0.429928636069834,1.0,1.0,0.0,0.0,0.0
161.75953025902834,5.762618772203752,1.756273744779515,1.0,0.0,0.0,0.0,0.0
17.771095604409282,0.0896326125782321,1.0634645711316055,1.0,0.0,0.0,0.0,0.0
2.1603763851937585,13.88974776600024,0.2016820199989914,1.0,0.0,1.0,0.0,0.0
29.605703541346465,1.2579490347097415,0.1695467542634658,1.0,0.0,0.0,0.0,0.0
33.30139288657743,4.014244088520672,0.6238159270021562,1.0,0.0,0.0,1.0,0.0
6.4800579976242085,0.2638138337174208,0.47753680021964,1.0,0.0,0.0,0.0,0.0
9.26400403678456,0.381022288545963,0.29288267816862,1.0,0.0,0.0,1.0,0.0
3.847961124893101,4.952722939440457,1.0958795584261023,1.0,0.0,0.0,0.0,0.0
20.332553925127385,1.1437661176399865,1.8276636916602207,1.0,0.0,0.0,0.0,0.0
79.67600321388247,0.5444517342739277,1.293359438328808,1.0,0.0,0.0,1.0,0.0
8.259112709560155,0.1332915228162405,0.5910766268586176,1.0,1.0,0.0,0.0,0.0
17.6270070199307,0.250805023191422,13.6705715909192,1.0,1.0,0.0,0.0,0.0
4.9047588173973695,0.2931288278055529,0.3626503326940498,1.0,0.0,0.0,0.0,0.0
124.04239803946687,0.5781137721702518,0.7034140842718545,1.0,0.0,0.0,1.0,1.0
244.1871187630799,4.693665399964524,0.1691886920863642,1.0,0.0,1.0,1.0,0.0
13.488712820612536,0.2031379846101974,0.4829874355943175,1.0,0.0,0.0,0.0,0.0
64.49689737543,0.322628935328027,1.4275860503096318,1.0,0.0,0.0,0.0,0.0
0.2739492284165535,1.3838459405001131,4.952771577736196,0.0,0.0,0.0,1.0,1.0
5.050257673725167,0.1144685257642386,1.7182602223637498,1.0,0.0,1.0,1.0,0.0
79.67528399839675,6.013459201758696,0.5400169962708645,1.0,1.0,0.0,1.0,0.0
2.7265778945019354,0.7947063362915825,0.2353006716544305,1.0,0.0,0.0,1.0,0.0
16.43524630314138,7.17043101383748,4.499083771038351,1.0,0.0,0.0,1.0,1.0
367.6179904327832,0.5416844448461581,0.868534649542085,1.0,0.0,0.0,1.0,1.0
1.6326691568678355,0.7146692856111668,0.4961189070175335,0.0,1.0,1.0,1.0,0.0
21.205033708267745,3.103394254768665,0.5188860151601,1.0,1.0,0.0,1.0,0.0
5.059995899117888,0.1288736478853186,0.6004182752191354,1.0,0.0,0.0,1.0,0.0
50.32760042196729,1.3012192374845415,1.0528386339518556,1.0,0.0,0.0,1.0,0.0
7.745998616404079,16.177435330444784,1.0546158681451752,1.0,0.0,0.0,1.0,0.0
2.579363482545388,0.1501328562274742,1.3301180819536818,1.0,0.0,0.0,1.0,0.0
7.638893303818252,2.2121865002535093,2.458211603519534,1.0,0.0,0.0,1.0,0.0
19.075596976307537,1.4914282392775695,1.4202560310983603,1.0,1.0,0.0,0.0,0.0
55.52841737946809,0.1334190258720862,8.275791372676489,1.0,1.0,1.0,1.0,0.0
17.988215421967467,1.0668388513288565,0.9551463061422164,1.0,0.0,1.0,1.0,0.0
3.1640008404616498,2.6844967365101926,0.9126078707662908,1.0,1.0,0.0,1.0,0.0
26.121430264802967,3.511810590699876,1.738146383325504,1.0,0.0,0.0,0.0,0.0
7.709403228367756,0.2025918120454846,2.72184059340719,1.0,0.0,0.0,1.0,0.0
2.2379981611315243,0.0237803884673613,0.4260683136914882,1.0,0.0,0.0,1.0,0.0
20.37077856406317,0.0283347308282366,0.2890852773764737,1.0,1.0,0.0,1.0,0.0
25.74616948040516,0.0946805369996941,1.0915134230150176,1.0,0.0,0.0,1.0,0.0
0.5175063011486716,0.3807577038703951,0.4219448824005802,0.0,1.0,0.0,0.0,0.0
1.7051000634317632,5.054504806137927,1.6725513984578415,0.0,1.0,0.0,0.0,0.0
15.98220312564185,1.1089621244283845,4.405165085072639,1.0,1.0,0.0,0.0,0.0
27.34872884505824,0.1607708192514166,1.4453163618254643,1.0,1.0,0.0,1.0,0.0
11.906874312980603,3.818000972470376,0.362063184840573,1.0,1.0,0.0,1.0,0.0
1.3205067098419514,0.0387380629609979,2.960376400958469,0.0,1.0,0.0,1.0,0.0
3.4843536369438968,4.597850127503906,0.6870264612776897,1.0,0.0,0.0,0.0,0.0
0.3052043640743557,3.593431114917011,2.2432320049989203,0.0,0.0,0.0,1.0,0.0
2.181281601064953,0.2174306482815987,0.3798628014428485,1.0,0.0,0.0,0.0,0.0
8.240184127173194,0.0383480415952538,0.2602284904589849,1.0,1.0,0.0,1.0,0.0
7.542835518913589,1.4358600126653285,0.4471810122790594,1.0,0.0,0.0,1.0,0.0
10.643527092036472,1.281887085638198,5.92672713052075,1.0,0.0,0.0,1.0,1.0
1.8093737962757008,11.974112459433991,1.7803545922112485,0.0,1.0,0.0,1.0,0.0
3.831032749840544,2.618575559296069,2.6782661799962466,1.0,1.0,1.0,1.0,0.0
15.396536383705126,1.182620129667996,0.278242250564437,1.0,0.0,0.0,1.0,0.0
5.213704513018126,0.1182561393710639,0.9416261510378892,1.0,1.0,0.0,1.0,0.0
5.951103403144247,1.3411193311885607,0.1584536131462665,1.0,0.0,0.0,1.0,0.0
5.338707730451107,4.269554029467405,1.3986905784393864,1.0,1.0,0.0,0.0,0.0
1.7718196467545613,9.090885385738328,2.270557509613062,0.0,0.0,0.0,1.0,0.0
41.717199595895465,2.036845151719058,3.5756489699414247,1.0,1.0,0.0,1.0,0.0
35.52785956578493,0.0154402184272373,0.9150990424472732,1.0,1.0,0.0,1.0,0.0
6.988055703944389,2.3145890298713825,0.8442744629482809,1.0,0.0,0.0,1.0,0.0
4.812454518342817,235.91464975538287,0.2319419375835117,1.0,0.0,0.0,1.0,1.0
7.383137155751689,0.6181578163992314,1.1451301647307592,1.0,0.0,0.0,1.0,0.0
1.9200983097985664,1.620297407211819,0.3817803236605507,1.0,0.0,0.0,0.0,0.0
2.980980214359939,5.817764727587278,0.6421437064588915,1.0,0.0,0.0,1.0,0.0
3.23298799390236,0.0315918383711092,1.0585465855383152,1.0,0.0,0.0,0.0,0.0
3.948242859167944,0.9855036507007382,1.1047283812107669,1.0,0.0,0.0,1.0,0.0
18.772568778218385,35.37419061482807,0.3428485879443567,1.0,0.0,0.0,0.0,0.0
9.786430215811189,0.0432235370155905,0.3799698592761701,1.0,0.0,0.0,1.0,0.0
20.032289730043605,3.7549904214393535,1.157194283957381,1.0,0.0,0.0,1.0,0.0
59.88081812632273,0.4640250748967727,4.821893029762611,1.0,0.0,0.0,0.0,0.0
11.78680835914275,3.061474199608873,0.3421040683962387,1.0,1.0,0.0,0.0,0.0
8.954544008331855,0.1346650137364932,7.542260713608845,1.0,0.0,0.0,1.0,1.0
45.74166163331455,0.7546973173220173,0.4061228850246389,1.0,0.0,0.0,1.0,0.0
21.4000607034281,1.5088767333593711,0.3678344980385181,1.0,0.0,0.0,0.0,0.0
21.39664283301749,22.180697193761592,0.4559516930110561,1.0,0.0,0.0,0.0,0.0
4.96910517923894,0.0861453724198651,6.222533433507835,1.0,0.0,0.0,1.0,1.0
65.35167885006304,0.0322041448583024,0.3804525004973151,1.0,0.0,0.0,0.0,0.0
10.749928383086724,0.1636760548900229,0.7957542452479714,1.0,0.0,0.0,1.0,0.0
11.775633978013456,1.835257863504808,0.3378492832075118,1.0,1.0,0.0,1.0,0.0
15.047192608706478,2.1133431863654555,0.2893343025536974,1.0,1.0,0.0,1.0,0.0
8.649815956009565,8.796277431444869,1.03011601765715,1.0,0.0,0.0,1.0,0.0
4.285501844580467,0.2397592072532799,1.30074088115353,1.0,1.0,1.0,0.0,0.0
16.516790905389485,0.0554769467485627,2.381842363229294,1.0,0.0,0.0,1.0,0.0
3.8758081922843193,3.029603998291209,1.873696379713851,1.0,1.0,0.0,0.0,0.0
13.463980795526735,8.9326934202758,1.878648936663376,1.0,0.0,0.0,1.0,0.0
223.36150465497477,3.25374857555452,0.1621493909856132,1.0,0.0,0.0,0.0,0.0
73.50523111265701,0.6042269232935958,0.5584220343200279,1.0,0.0,0.0,1.0,0.0
42.94556564487771,54.14464391432793,4.415101814512035,1.0,0.0,1.0,0.0,0.0
7.528050572519279,0.2905968168209039,0.90583732180958,1.0,0.0,0.0,0.0,0.0
9.532345546591383,3.119074392518655,0.9369992495951392,1.0,0.0,0.0,0.0,0.0
38.853334965389074,1.6129565347340116,1.9278397547886943,1.0,0.0,0.0,0.0,0.0
0.9460615024106752,1.3584818614195924,0.5713231850213688,0.0,1.0,0.0,0.0,0.0
3.8656558541811976,1.387273628137764,1.8396410931715783,1.0,0.0,0.0,0.0,0.0
4.964714614816644,3.111559256574918,0.1526452729523309,1.0,1.0,0.0,1.0,0.0
2.837876128270774,0.4229746577033356,0.2122990496627707,1.0,0.0,0.0,0.0,0.0
11.16177428707461,0.1003428120910215,1.115435973494953,1.0,0.0,0.0,0.0,0.0
4.004030001502881,0.9178958290193464,1.661338367985352,1.0,0.0,1.0,1.0,0.0
26.269776102145364,0.0519044666324348,0.6734685064047762,1.0,1.0,0.0,0.0,0.0
34.58024640353069,0.1953503449796876,0.4517581103145452,1.0,0.0,0.0,1.0,0.0
5.953234915071733,1.0371174784339223,1.8632907641525087,1.0,0.0,0.0,1.0,0.0
19.001655481605887,8.396230527201883,0.9710993080131533,1.0,1.0,0.0,1.0,0.0
35.481738471362384,15.974121430839366,0.1663831826320329,1.0,1.0,0.0,1.0,0.0
5.433919514494409,0.0192023213674938,0.5041665810247051,1.0,0.0,0.0,1.0,0.0
37.575616572326936,0.4807115532996918,1.9625654460167048,1.0,1.0,1.0,1.0,0.0
1.3398451836303502,4.338763140915113,2.6111426735378997,0.0,0.0,0.0,1.0,0.0
13.536934752384708,0.0995608994776141,0.0681954622562814,1.0,0.0,0.0,1.0,0.0
7.453459855668007,0.1539931807443225,2.0695871148122498,1.0,1.0,0.0,1.0,0.0
1.1883158121868689,2.6025516314689594,1.515859078226142,0.0,0.0,0.0,1.0,0.0
1.1844475361513,0.0301380102069652,3.1253326883625383,0.0,1.0,0.0,1.0,0.0
26.419723741147724,0.995025774166638,0.2967063280400365,1.0,0.0,1.0,1.0,0.0
6.543064729142172,3.343888710772321,0.451299544175587,1.0,0.0,0.0,1.0,0.0
114.22843529235176,0.1470083470457001,2.6597502748421094,1.0,0.0,1.0,0.0,0.0
23.414672572831755,0.6169974520113559,5.720629418605951,1.0,0.0,0.0,0.0,0.0
20.66013066512604,0.6676113053089975,0.3249216321403403,1.0,0.0,0.0,1.0,0.0
31.418551462395705,0.0073505444635823,0.3544772092047631,1.0,0.0,0.0,0.0,0.0
31.599317648941376,11.230200272165986,0.4697192501039569,1.0,1.0,0.0,1.0,0.0
15.089081453544829,2.097783130026849,0.5611009165176687,1.0,0.0,0.0,0.0,0.0
4.674240822953584,0.8420948699955705,0.7031885202176098,1.0,0.0,0.0,0.0,0.0
27.39518601851207,16.692092847452667,0.7247052009554532,1.0,0.0,0.0,1.0,0.0
18.172054200500263,2.08936132700782,0.391819706289525,1.0,1.0,0.0,1.0,0.0
33.09140934696021,1.380349757889501,1.1847600028977552,1.0,1.0,0.0,1.0,0.0
13.820410766151662,0.2974467448078093,1.631584564908675,1.0,0.0,0.0,1.0,0.0
33.419988008520384,1.357808852984994,0.6366857381604455,1.0,1.0,1.0,0.0,0.0
2.717166952752116,3.279623940023935,5.790861371343662,1.0,1.0,0.0,0.0,0.0
3.795395084784924,0.1615479083244124,1.7714641646871814,1.0,0.0,0.0,0.0,0.0
3.463139540296086,0.3217429254939247,1.3480709924967182,1.0,0.0,1.0,0.0,0.0
28.03649886624336,1.0756681276509297,4.300311274001651,1.0,1.0,0.0,1.0,1.0
16.65725986531872,1.7463431283549091,0.4806914272209603,1.0,0.0,0.0,1.0,0.0
10.307780996052356,1.8132661289078404,0.9250572137121054,1.0,0.0,0.0,1.0,0.0
37.01889527364955,2.1460035022194703,1.3842873111595115,1.0,0.0,1.0,0.0,0.0
2.2247485432611644,1.47491748914253,1.314838168807123,1.0,0.0,0.0,1.0,0.0
33.73681374869579,3.459582867255841,0.0447212243031844,1.0,0.0,1.0,1.0,0.0
6.316565469389069,28.840580937772145,0.2306821640930106,1.0,1.0,0.0,1.0,0.0
0.6613673668182164,0.0403615056829167,3.444959409382758,0.0,1.0,0.0,0.0,0.0
1.0672475782857602,3.652269007778962,7.530895557812804,0.0,1.0,1.0,1.0,0.0
17.514632298184736,2.4760045059777087,7.471528648375398,1.0,0.0,0.0,0.0,0.0
19.72926832675244,0.4674658324889169,2.768390150797535,1.0,0.0,1.0,1.0,0.0
53.124155327230845,0.2043917909359432,2.8470274077874307,1.0,0.0,0.0,1.0,0.0
4.757139903924178,0.8463987352290767,1.113134880282092,1.0,1.0,0.0,0.0,0.0
14.581188032966956,0.2537910633983704,1.312027255602331,1.0,0.0,0.0,1.0,0.0
14.560947772585616,0.7320247797438234,1.151467897296327,1.0,1.0,1.0,0.0,0.0
27.87655214288476,1.314466950602482,4.993355283072379,1.0,0.0,0.0,1.0,1.0
3.333425263702358,0.0696669087487616,3.200763949033608,1.0,1.0,0.0,1.0,0.0
1.2181009178139102,0.1024967592479303,2.910949154510169,0.0,1.0,0.0,1.0,0.0
3.0199450581258005,3.0710459766113383,0.7771368549539233,1.0,1.0,0.0,1.0,0.0
2.078428026678966,4.616234236835582,0.6385361843282065,1.0,1.0,1.0,0.0,0.0
0.8869087978807436,18.651281691338337,0.3392559640551079,0.0,1.0,1.0,1.0,0.0
3.3233159437443325,0.1843555030569117,1.0861442320502248,1.0,0.0,0.0,1.0,0.0
1.515137223567913,1.058958883353578,0.4173585145547743,0.0,1.0,0.0,0.0,0.0
43.59104252209851,0.5717140096095038,3.4193142370480705,1.0,1.0,1.0,1.0,0.0
5.588806989133551,1.715784468247765,2.254183856906156,1.0,0.0,0.0,1.0,0.0
2.19480867712359,0.0266031160604078,5.259102410338966,1.0,0.0,0.0,0.0,0.0
0.7348286487155257,4.551403436999075,0.6454980214216081,0.0,0.0,0.0,0.0,0.0
119.79817391336744,4.099058288742223,0.6376191248694221,1.0,1.0,0.0,0.0,0.0
14.457062381965727,0.2031429422994334,1.2607819982887265,1.0,1.0,0.0,0.0,0.0
23.686200661563603,0.8039267284821268,10.875546344448512,1.0,0.0,0.0,0.0,0.0
1.691837998439342,94.3323421712787,0.5141959749600524,0.0,0.0,0.0,1.0,1.0
9.048917341853612,0.0710309393501169,0.8884568405537866,1.0,0.0,0.0,0.0,0.0
38.78619628153781,6.278392356971455,0.5672254137616892,1.0,0.0,0.0,1.0,0.0
35.11375720146839,0.0980411790077067,0.9367520390807436,1.0,1.0,0.0,1.0,0.0
57.25056123562248,5.318187781633964,0.6815182524765027,1.0,0.0,0.0,1.0,0.0
4.023436347045845,4.1023020043623415,0.1078951332179506,1.0,0.0,0.0,1.0,0.0
3.5749524124565544,0.1506925977333455,0.5075132667576899,1.0,0.0,0.0,1.0,0.0
13.471473771145163,1.1038614800634208,16.981321422421363,1.0,1.0,0.0,1.0,1.0
0.6173287195318762,0.1405205369466314,2.868258149041192,0.0,1.0,0.0,0.0,0.0
4.966144109290594,0.5913040544017668,0.3980109485071068,1.0,0.0,0.0,1.0,0.0
1.8264548529446083,0.8814259859732354,1.150489861839183,0.0,1.0,0.0,1.0,0.0
19.819029504974065,15.75210197592045,1.6017660245758942,1.0,0.0,0.0,1.0,0.0
2.7504464927515158,0.7367029472749946,2.944402116641607,1.0,0.0,1.0,0.0,0.0
0.1463869513565558,4.885446790094733,0.2765662218779394,0.0,0.0,0.0,1.0,0.0
6.112127327432514,0.3587961115351036,0.2286320920220627,1.0,1.0,0.0,1.0,0.0
1.5994238460041363,0.3095140971135019,1.209504329360927,0.0,0.0,0.0,1.0,0.0
14.83237657597794,0.5554253177537882,0.9782349910810042,1.0,1.0,0.0,1.0,0.0
27.691665612781893,0.4945463160396978,0.3383842584010937,1.0,0.0,0.0,1.0,0.0
4.89954111937015,2.7691097756061938,0.2621912244023793,1.0,0.0,0.0,1.0,0.0
3.467210585265824,2.671019624611932,1.2327094510174594,1.0,0.0,0.0,1.0,0.0
2.212235582355525,7.52719685216471,0.4508104244297418,1.0,1.0,1.0,0.0,0.0
51.1725151881809,0.0429666474553511,0.2607677995441519,1.0,0.0,0.0,1.0,0.0
2.913392573371229,2.870321298906201,0.5608691750156122,1.0,0.0,1.0,0.0,0.0
17.563042571225047,0.4980541297527654,1.0063785869375088,1.0,1.0,0.0,1.0,0.0
20.787925970144908,0.585672774041413,3.655022134153963,1.0,1.0,0.0,1.0,0.0
3.438111002826568,0.2039871010427128,0.7378222618297904,1.0,0.0,0.0,1.0,0.0
5.540966020947524,1.0470029709748128,0.7982111510929721,1.0,0.0,0.0,1.0,0.0
33.32948319017974,7.458325447645814,1.1405159599728831,1.0,0.0,0.0,1.0,0.0
13.05535732238087,0.271314879741641,0.1689559915528788,1.0,0.0,0.0,1.0,0.0
65.17600551304346,0.5789565110727116,2.429058216190973,1.0,0.0,0.0,1.0,0.0
3.608486651544285,0.8583750212019889,0.8751000907930905,1.0,0.0,0.0,1.0,0.0
19.910101070950788,3.969332265081473,4.238214134761071,1.0,0.0,0.0,1.0,1.0
107.36555618374406,1.015126456518686,2.512485810672036,1.0,1.0,0.0,0.0,0.0
14.587114696066852,1.3117555382676558,0.8688887994961961,1.0,1.0,0.0,0.0,0.0
14.757856312166393,2.2634038626765367,5.877823509837107,1.0,0.0,1.0,1.0,0.0
1.3114608541947257,30.17932766305272,0.6214298623959444,0.0,1.0,0.0,0.0,0.0
44.99121132478341,3.346994406483074,0.3048126819939917,1.0,0.0,0.0,0.0,0.0
14.37745255290846,0.4592968090393055,3.880797343236696,1.0,1.0,0.0,1.0,0.0
74.23220785410166,0.0661373189059486,0.7718396531702146,1.0,0.0,0.0,1.0,0.0
0.245612673374933,0.2877676316873949,1.9854363719989443,0.0,0.0,0.0,1.0,0.0
7.451333476727361,44.76998090955924,4.738051390199425,1.0,1.0,0.0,1.0,1.0
33.65410383616924,25.776373235279877,2.605774949822755,1.0,0.0,0.0,0.0,0.0
1.2201242120895484,4.39276274124544,0.1642372152078043,0.0,0.0,0.0,0.0,0.0
95.24670876883174,56.110816302038245,1.5422983156653771,1.0,0.0,1.0,1.0,0.0
47.92806811487858,1.301705960105673,2.934856068067939,1.0,0.0,0.0,0.0,0.0
4.802796706105234,0.0687205879978876,1.7774104546752971,1.0,0.0,0.0,1.0,0.0
4.084086118423601,16.10206124029375,2.0883725506493303,1.0,0.0,0.0,1.0,0.0
13.546230704205392,9.647507932305286,1.5507484133868543,1.0,1.0,0.0,1.0,0.0
4.966237255253479,0.23318484411294,0.2497211313882534,1.0,0.0,0.0,1.0,0.0
14.902724342444545,0.1401418439746406,0.5781516898535181,1.0,1.0,0.0,1.0,0.0
8.168207178795535,4.152768627638626,0.8880093020839627,1.0,1.0,0.0,0.0,0.0
36.72037102347503,3.1109285594263194,3.110102145497378,1.0,0.0,0.0,1.0,0.0
11.055933442103523,4.766773469488104,0.9201677901703276,1.0,0.0,1.0,1.0,0.0
195.11262050936315,1.91775073615067,1.3710401240558774,1.0,1.0,0.0,0.0,0.0
12.42724406684925,16.44575386869776,0.4376104105770932,1.0,0.0,0.0,1.0,0.0
1.7617781225563345,2.0836762717637334,1.494864154608971,0.0,0.0,0.0,1.0,0.0
0.7503101386784554,0.7121309006567639,0.8766473185938485,0.0,0.0,0.0,1.0,0.0
0.9042350116014984,0.0821624738772895,1.0038767185437074,0.0,1.0,1.0,0.0,0.0
28.7958291767093,0.1607240803589741,0.7119627519001743,1.0,0.0,0.0,1.0,0.0
14.15188136905706,0.7640930332027784,0.4222654184646169,1.0,0.0,0.0,1.0,0.0
5.411668236483607,245.51084281837208,0.453947937270987,1.0,1.0,1.0,1.0,0.0
7.285584767325267,0.10228629981613,1.438458040966832,1.0,0.0,0.0,0.0,0.0
4.049213777976152,2.8534279261632056,0.7420718889446414,1.0,1.0,0.0,1.0,0.0
2.4625927457992,0.1691829340887039,1.2525043672566154,1.0,1.0,0.0,1.0,0.0
72.44305037340078,0.0933947975115691,5.287887967207105,1.0,1.0,0.0,0.0,0.0
11.225917336462851,0.2511245313568793,0.4956330057543912,1.0,1.0,0.0,1.0,0.0
29.45954597367488,5.588175893367973,0.1387200994499108,1.0,0.0,0.0,1.0,0.0
32.89757386951723,1.3421075181680475,0.3011165108705761,1.0,0.0,0.0,1.0,0.0
4.114093717833446,0.3003886469122211,6.0972822984617645,1.0,0.0,1.0,0.0,0.0
5.3239609497354365,1.836924954792827,4.937232990090101,1.0,1.0,0.0,1.0,1.0
40.16932448929428,1.83664665171554,1.888194833570333,1.0,0.0,0.0,1.0,0.0
9.233644658009965,7.2832727444659024,2.3807968510402198,1.0,0.0,0.0,1.0,0.0
6.7559197130269535,1.1760779594891813,0.4889999446582544,1.0,0.0,0.0,1.0,0.0
2.410496984505077,0.0498659828037779,0.3152730391295917,1.0,0.0,1.0,1.0,0.0
18.308885360560083,0.7527554159096767,11.940752910178018,1.0,0.0,0.0,0.0,0.0
1.284612941488099,0.2891414485364927,7.626158272364456,0.0,1.0,0.0,1.0,1.0
13.93636313518862,0.9008597429828058,2.0291483392362784,1.0,0.0,0.0,0.0,0.0
11.83440880319054,2.1507758517881874,0.2057730272807664,1.0,0.0,0.0,1.0,0.0
1.0340579012674298,1.4894389116586282,2.200014716986088,0.0,0.0,1.0,1.0,0.0
4.62218121223861,0.7205739241744517,0.3853640764681771,1.0,1.0,0.0,0.0,0.0
99.53778048003755,74.25992555241154,1.0620163421089073,1.0,0.0,0.0,1.0,1.0
2.9754121837202194,18.28079180946955,0.1992486278010008,1.0,1.0,0.0,1.0,0.0
20.691836254578863,2.2283029316978777,3.057890070773154,1.0,0.0,0.0,1.0,0.0
51.44911283229843,2.2708270434907405,0.3981868050801292,1.0,1.0,0.0,1.0,0.0
2.444450676348822,0.0038776989841113,1.2520932411886985,1.0,1.0,0.0,1.0,0.0
1.985796322381964,0.5379905909388237,1.0949030787765113,1.0,0.0,0.0,0.0,0.0
0.5174837730691857,0.8750835265737065,0.4850637273223822,0.0,0.0,0.0,0.0,0.0
1.8248503991986076,1.1237937854488544,3.52157678948705,0.0,1.0,0.0,1.0,0.0
1.9039205561639416,5.128651097707047,6.509228811058506,1.0,0.0,0.0,1.0,1.0
1.610991813303132,2.4767003527591087,0.955782581941008,0.0,1.0,0.0,1.0,0.0
6.319701320863966,0.914632651833716,0.378369170006773,1.0,0.0,0.0,1.0,0.0
39.728337672480045,1.5711221754205296,0.2138019089771609,1.0,0.0,0.0,0.0,0.0
34.2477170826291,0.0518729105441206,5.252820900901033,1.0,0.0,0.0,1.0,1.0
74.13430986466771,0.6774032298934072,0.3497372731160054,1.0,1.0,0.0,1.0,0.0
2.257553531410573,3.4301051226308616,2.2924150145196407,1.0,0.0,0.0,1.0,0.0
27.329936970757707,1.6772859784327212,0.8904120913622545,1.0,0.0,0.0,0.0,0.0
0.5489797152441075,0.1769994937188638,1.0458551037359982,0.0,0.0,0.0,1.0,0.0
3.564294375510303,8.702886734180924,0.8550403562739711,1.0,0.0,1.0,0.0,0.0
2.3477263880644124,1.0235488482821438,0.1952749908647355,1.0,0.0,0.0,1.0,0.0
15.113019317637338,14.584677387644254,2.7704512397447463,1.0,0.0,0.0,1.0,0.0
2.33972100816822,2.587407127034665,1.972690367371872,1.0,0.0,0.0,1.0,0.0
9.061719194591364,0.0893366847974314,4.3717662055739535,1.0,0.0,0.0,0.0,0.0
3.9362293071290257,4.244320487464838,2.071409799262293,1.0,1.0,0.0,1.0,0.0
6.549584711646773,0.1157886167884155,0.3925371095310208,1.0,1.0,0.0,1.0,0.0
6.031437931455547,0.3083773797010687,1.0083383117921545,1.0,0.0,0.0,1.0,0.0
14.3402579207978,2.1061757167726523,3.111609786664047,1.0,0.0,1.0,1.0,0.0
109.64291530969004,0.4701991017458041,1.886253863950624,1.0,0.0,0.0,1.0,1.0
38.32452729967167,2.226787688700683,3.1929206191943957,1.0,0.0,0.0,1.0,0.0
28.91774984117622,0.0374664975260108,2.4515281912729328,1.0,1.0,0.0,0.0,0.0
39.52222703703381,1.825506490865735,0.4407994689702277,1.0,0.0,0.0,0.0,0.0
12.87788921264335,0.1046710397539568,0.1275399039177479,1.0,1.0,0.0,0.0,0.0
2.1950418252916197,0.1655407713506677,0.4190634157347828,1.0,0.0,0.0,1.0,0.0
0.5980023543451988,1.069050066279148,0.3749767792427027,0.0,0.0,0.0,1.0,0.0
36.85581149786076,0.1255311161269792,1.336663241001424,1.0,0.0,0.0,1.0,0.0
8.69251587639355,10.083891293565989,1.1695197194138254,1.0,0.0,0.0,1.0,0.0
3.335893691467545,56.66900172456473,1.09501335132986,1.0,0.0,0.0,1.0,1.0
1.636723184510621,1.6219289321791757,0.3119361939317663,0.0,0.0,0.0,0.0,0.0
34.95469650464234,0.7832261479899425,5.1206564114561255,1.0,0.0,0.0,0.0,0.0
16.98271318575368,0.1483331869587003,1.947420057921963,1.0,1.0,0.0,0.0,0.0
0.3024933881637776,19.637090083265463,1.2347758666070503,0.0,1.0,0.0,0.0,0.0
117.19599442867396,0.4079139996859236,3.5635562874705533,1.0,0.0,0.0,1.0,1.0
1.3802016273401725,0.0229591548206235,0.5996615968645728,0.0,0.0,0.0,1.0,0.0
7.172134393158928,1.20419565865153,1.4612588814232843,1.0,1.0,0.0,1.0,0.0
0.7642429806279841,1.3612596411809992,2.3048712028572136,0.0,1.0,1.0,1.0,0.0
3.791682727171396,7.520194516689664,0.7856681882931797,1.0,1.0,0.0,0.0,0.0
4.992700772736314,4.2085755039301285,0.4430518570133532,1.0,0.0,0.0,1.0,0.0
3.8649070257210414,1.1405083830958689,2.184557975554988,1.0,0.0,0.0,0.0,0.0
10.922864138222758,7.513446366980871,0.9752958705960784,1.0,0.0,0.0,1.0,0.0
5.7915355625837845,0.6201353895713949,7.47099216237357,1.0,0.0,0.0,1.0,1.0
0.8040609390746007,0.0104888554222716,0.3356849847535821,0.0,1.0,1.0,0.0,0.0
74.75205412536067,0.1945437357364884,0.8276340303141646,1.0,0.0,0.0,0.0,0.0
121.71185888374308,0.0892387895444326,0.3537538397011229,1.0,0.0,0.0,1.0,1.0
0.492898166593992,0.0307372074025429,1.4824123449505764,0.0,1.0,1.0,1.0,0.0
0.1787424971885712,0.6629936786933186,0.4433153105221912,0.0,0.0,0.0,1.0,0.0
5.856497109581313,0.8065072800091709,0.2714329165438541,1.0,1.0,0.0,1.0,0.0
3.78090019810537,0.0310582907787361,5.609066966290539,1.0,0.0,0.0,1.0,1.0
4.121395388845255,2.051015297160105,2.487274447214637,1.0,0.0,0.0,0.0,0.0
9.19349579291974,0.8829806906027517,0.7539004261205016,1.0,1.0,0.0,1.0,0.0
36.40708203391885,10.93420081105603,1.20971014828003,1.0,0.0,0.0,0.0,0.0
40.2788022008687,1.603392677822945,0.7334569264036925,1.0,1.0,0.0,1.0,0.0
2.7017779838794778,1.5931585196425802,6.824334001150585,1.0,0.0,0.0,0.0,0.0
1.0384205330406275,0.4351329974601745,0.3672537090156912,0.0,0.0,0.0,1.0,0.0
12.663098060574011,2.232673000722865,1.010013520378219,1.0,0.0,0.0,1.0,0.0
72.13989911518684,3.613984605849119,0.890450817382899,1.0,0.0,0.0,1.0,0.0
6.246439846252922,4.5831768636106105,4.635910110433805,1.0,0.0,0.0,1.0,1.0
12.702949060250416,1.3525898424033134,2.969829255504112,1.0,0.0,0.0,0.0,0.0
9.300089610779478,1.5172346632440017,0.222538178543141,1.0,1.0,0.0,1.0,0.0
27.2868985762727,2.920116759313441,0.1232587415436121,1.0,0.0,0.0,1.0,0.0
5.641500130995401,0.3376200393052614,1.756694607661604,1.0,0.0,0.0,0.0,0.0
20.95317296894281,3.3774878414129663,0.7693366657108351,1.0,1.0,0.0,0.0,0.0
217.48376594933308,2.884364554990998,2.8133209693605723,1.0,0.0,0.0,0.0,0.0
4.795432156324186,4.583283254550637,0.3984062839892677,1.0,1.0,0.0,0.0,0.0
12.01153435525801,4.601537858184673,0.2693401241753194,1.0,1.0,0.0,1.0,0.0
44.93687763172126,10.125126733077506,0.9069974619057068,1.0,0.0,0.0,1.0,0.0
14.783630468926397,8.986596083872618,4.128367163668218,1.0,1.0,0.0,1.0,1.0
1.9483348072544089,0.5636797455977398,7.851824478738858,1.0,0.0,1.0,1.0,0.0
165.7822970787069,0.858906601661649,0.8620910403851572,1.0,1.0,0.0,0.0,0.0
26.295565789454105,1.3017354839634994,0.4495629602001667,1.0,0.0,1.0,0.0,0.0
2.476956057130467,2.26575087608586,0.5263661249696783,1.0,0.0,0.0,1.0,0.0
4.686772057656889,3.915201291531917,0.727321899841069,1.0,0.0,1.0,0.0,0.0
5.713003087720368,0.6211255592531749,0.2988825339075344,1.0,0.0,0.0,0.0,0.0
103.11188917296474,0.6554741003433511,1.268225661301403,1.0,0.0,1.0,0.0,0.0
1.0359138413632274,1.6802427739501544,0.2834277200543048,0.0,0.0,0.0,1.0,0.0
27.489773150372507,0.1490505502661424,1.1863444572862154,1.0,1.0,0.0,0.0,0.0
2.406304220923636,1.004325896626049,0.4192799255643419,1.0,1.0,0.0,1.0,0.0
16.331486719282278,0.5292786042508217,0.8267490500075113,1.0,0.0,0.0,1.0,0.0
7.29431982260316,0.1170009725515259,1.3933026961349575,1.0,1.0,0.0,1.0,0.0
10.546066250132547,1.6836039507617253,2.4395013181453558,1.0,1.0,0.0,1.0,0.0
30.62875812471008,0.6337076565675871,0.6708522003348959,1.0,1.0,0.0,0.0,0.0
9.30241911810537,0.0835095641448863,0.7792347614031353,1.0,0.0,0.0,0.0,0.0
52.84562524739356,7.987467422776324,1.5364617581789788,1.0,0.0,0.0,0.0,0.0
24.23020746588319,1.3209479216522075,2.792632068269275,1.0,1.0,0.0,0.0,0.0
1.505772512247605,0.1507223668984244,0.7962314855015381,0.0,0.0,0.0,1.0,0.0
2.728122024589529,67.31916700693668,1.585836281280291,1.0,1.0,0.0,0.0,0.0
10.30446815199886,2.1597252786134145,0.7359679768744274,1.0,0.0,0.0,1.0,0.0
53.2600297467127,0.0546954953196968,6.421262792920542,1.0,1.0,1.0,1.0,0.0
17.329838967535082,0.8968299665966165,0.3915910960425825,1.0,0.0,0.0,1.0,0.0
11.92810835198236,1.160959713371711,0.6182258363300606,1.0,1.0,0.0,1.0,0.0
3.211694394516205,0.0662178411422381,0.3504374035200887,1.0,0.0,0.0,1.0,0.0
15.5449945954647,0.3139738677145053,0.6070107585420006,1.0,0.0,0.0,0.0,0.0
50.650575117614245,24.86732615365132,1.0875395609229377,1.0,1.0,0.0,0.0,0.0
2.616429901577056,1.8796380238513173,1.056834537697169,1.0,1.0,0.0,1.0,0.0
7.318547309130868,1.270927055601471,0.1630934516367832,1.0,1.0,0.0,0.0,0.0
17.922000119375564,0.5020946461380423,0.7035111914437612,1.0,1.0,0.0,0.0,0.0
30.95016836691037,0.6651060798227396,0.6999965225946118,1.0,0.0,0.0,1.0,0.0
2.8411717196524986,1.4209022403964346,0.8028829760014845,1.0,1.0,1.0,1.0,0.0
31.3799253486374,0.7632585761378902,3.706584173876122,1.0,0.0,0.0,0.0,0.0
1.9286680559601377,3.99527214013818,0.7274902045298155,1.0,0.0,0.0,1.0,0.0
3.518462777026445,0.7843317221765613,1.663983046041974,1.0,0.0,0.0,1.0,0.0
9.770791006190366,0.632867256749048,0.4997663318581057,1.0,0.0,0.0,1.0,0.0
4.74585226068278,3.0914234995827883,5.4019063862214125,1.0,0.0,0.0,1.0,1.0
9.15524317113342,0.3244711251525407,3.607996443117216,1.0,0.0,0.0,1.0,0.0
14.71540326542578,0.0470813409240799,14.749455199959858,1.0,1.0,1.0,0.0,0.0
0.9939743112703728,0.1099527782100234,0.4861620135662324,0.0,0.0,0.0,1.0,0.0
153.70550353817546,0.9015609763166654,1.5588459699987345,1.0,1.0,0.0,1.0,0.0
0.910726011961298,0.6257626369496727,0.2865321552615321,0.0,0.0,0.0,0.0,0.0
3.1894612897005,3.9740771667551416,0.7565411410523908,1.0,0.0,0.0,0.0,0.0
4.18639890413959,0.0159202042944933,0.2641020696902446,1.0,0.0,0.0,1.0,0.0
84.14586660973805,0.0434702364741446,0.1527510250679762,1.0,0.0,0.0,1.0,0.0
45.86816814313571,0.1899411378993065,1.7991720694291895,1.0,0.0,1.0,1.0,0.0
4.558042517310345,0.3232839651414991,0.1880965406607493,1.0,1.0,0.0,1.0,0.0
10.661577526212936,0.4781398879661359,0.6343030114571162,1.0,1.0,0.0,0.0,0.0
13.910791973217284,13.96809223217303,0.5371751027380846,1.0,0.0,0.0,0.0,0.0
21.06171772547865,1.2430697459596736,3.744430994082048,1.0,0.0,0.0,1.0,0.0
4.314940899707984,2.782011107738422,0.1870633942854853,1.0,1.0,0.0,1.0,0.0
5.625668453616448,7.483578755423195,0.5899501864380933,1.0,1.0,0.0,0.0,0.0
20.76169042855977,0.2345260494225724,2.340761903333003,1.0,1.0,0.0,0.0,0.0
29.384144642422832,3.214313796718234,1.5231298091760346,1.0,1.0,0.0,0.0,0.0
2.600683573732533,0.2634331792318177,0.5733672257694458,1.0,1.0,0.0,0.0,0.0
36.382313453739336,13.422919584268714,0.1979235656425401,1.0,1.0,0.0,1.0,0.0
15.404499208793023,0.195431873069884,0.5350406128120028,1.0,0.0,0.0,0.0,0.0
1.5374618945493763,0.9124604678522412,4.453100136378788,0.0,0.0,0.0,1.0,1.0
47.41596193923584,18.228302323836125,0.4981328837405785,1.0,1.0,0.0,1.0,0.0
10.930485259512295,0.3513832013382966,0.1100836105478932,1.0,1.0,0.0,1.0,0.0
5.565261308844534,16.462156981374953,0.4755621535949557,1.0,0.0,0.0,0.0,0.0
0.6588716884478835,0.5220382343315814,9.231926992645503,0.0,0.0,0.0,1.0,1.0
23.172217251488373,0.8514365533512679,0.4837080118688083,1.0,0.0,0.0,0.0,0.0
3.295775278675146,0.4176006107713936,0.4879596972564617,1.0,1.0,0.0,1.0,0.0
5.116857837196231,3.3787283564054023,0.1972428394010805,1.0,0.0,0.0,1.0,0.0
91.05572640663276,0.0321110101067771,3.2556068191512613,1.0,0.0,0.0,1.0,0.0
12.594435795777835,22.4819933565858,0.6529696152546182,1.0,0.0,0.0,1.0,0.0
0.9314973936130886,0.7802119558774968,0.4649477321653196,0.0,0.0,0.0,1.0,0.0
1.4618504552633664,0.5027069316086411,0.87442074001192,0.0,1.0,0.0,1.0,0.0
78.96509206618639,0.002063653938657,4.190077594297143,1.0,0.0,0.0,1.0,1.0
24.30180635867739,0.0502244850668444,6.866848861787146,1.0,0.0,0.0,1.0,1.0
63.82628948652186,42.4054565383463,0.3640606504842387,1.0,0.0,0.0,0.0,0.0
3.3341252810803685,5.874916930190913,0.1972166606403172,1.0,0.0,0.0,0.0,0.0
7.232630389376893,19.72965648024213,2.4084548232373675,1.0,1.0,0.0,1.0,0.0
31.84162327356524,18.087272578958224,0.8006025485760491,1.0,0.0,0.0,1.0,0.0
9.694911102873972,1.5589959158295903,0.3618676230458455,1.0,0.0,0.0,0.0,0.0
11.56010512818116,0.6261666167936679,0.7491894933293867,1.0,0.0,0.0,1.0,0.0
2.865983424950912,0.1541595525388198,9.853974481357042,1.0,0.0,0.0,0.0,0.0
13.852092818501443,1.948282278550699,3.1561125250215687,1.0,0.0,0.0,1.0,0.0
5.998951970124217,1.3938030183565466,0.1559569383084263,1.0,0.0,0.0,0.0,0.0
55.572465702172025,2.0173102119745816,5.987665601304586,1.0,1.0,0.0,1.0,1.0
10.170991688477365,1.8581339519982147,1.1601783847794704,1.0,0.0,0.0,1.0,0.0
11.84727797609064,0.9211347604090512,3.387078860814726,1.0,1.0,0.0,0.0,0.0
2.6589321079489974,0.2261699225345947,2.469937911320531,1.0,1.0,0.0,0.0,0.0
1.9871195458263808,0.8052188966270091,0.1994481524823248,1.0,1.0,0.0,1.0,0.0
5.526557831348232,0.6859578893650549,0.4892586625312312,1.0,0.0,0.0,0.0,0.0
3.06417250378434,0.94310756426217,1.5952151352240354,1.0,0.0,0.0,1.0,0.0
5.695918841543211,6.317815431627143,0.2444859989280434,1.0,0.0,0.0,1.0,0.0
106.30866237893537,0.8477619427134571,0.2194209572824404,1.0,0.0,0.0,1.0,1.0
3.787622421814723,0.3459125398784252,0.3631666301578711,1.0,1.0,1.0,1.0,0.0
8.424959159878302,0.3787325156386251,2.170107573615107,1.0,0.0,0.0,1.0,0.0
1.3367856788808306,5.168549743539381,1.4180428145188857,0.0,0.0,0.0,0.0,0.0
72.6068536071547,0.6159257785998626,0.6612895928484419,1.0,1.0,0.0,1.0,0.0
6.813593314841255,0.1392310068751104,0.5177336259393771,1.0,0.0,0.0,1.0,0.0
90.05279678147768,0.8682574490431814,1.0741770249197589,1.0,1.0,1.0,1.0,0.0
14.252125798195094,3.683393823635362,1.2503046864842209,1.0,0.0,0.0,1.0,0.0
1.6687801582246715,6.187989543516987,0.4205673338562014,0.0,0.0,0.0,0.0,0.0
69.32033911729991,1.1638872035770549,0.6351906218991494,1.0,0.0,1.0,0.0,0.0
16.797104263861137,9.238738794094813,1.6620543038013904,1.0,1.0,0.0,1.0,0.0
1.278092730858175,26.808527059393008,0.6843061584052796,0.0,0.0,0.0,0.0,0.0
81.38255183346554,0.7100215674156326,0.4721683584244942,1.0,1.0,0.0,1.0,0.0
338.5939507126111,0.4592847676550841,1.489267300981992,1.0,0.0,0.0,1.0,1.0
2.5212416330561744,0.0405818588302996,0.1106199100502068,1.0,0.0,0.0,1.0,0.0
0.925039216091848,2.313802837908117,0.8257811936199759,0.0,0.0,1.0,1.0,0.0
10.253885633839683,3.5161735316502574,0.3932654351040006,1.0,0.0,0.0,0.0,0.0
4.195970006639937,0.222569280633996,1.7334960823323258,1.0,1.0,0.0,1.0,0.0
10.127220870441258,0.4893185839239278,3.847770794526682,1.0,0.0,0.0,0.0,0.0
10.687641391569343,1.38821915287046,0.7399440531757597,1.0,1.0,0.0,0.0,0.0
16.086143920640673,1.0016566425820832,0.7931551877161146,1.0,0.0,0.0,0.0,0.0
8.954235414513276,0.2568069866411736,5.446752905710591,1.0,1.0,0.0,1.0,1.0
9.056743472287106,33.55939175363671,0.5754941060852734,1.0,1.0,0.0,1.0,0.0
10.24671888913714,0.0270126731306111,3.431626212182032,1.0,0.0,0.0,1.0,0.0
36.25385598048576,3.186628518169366,5.410517346960677,1.0,0.0,0.0,0.0,0.0
2.1600778210024583,0.3191611644631852,4.056828548858218,1.0,0.0,0.0,1.0,1.0
0.4843604367272192,66.68207977933243,2.355102476996297,0.0,0.0,0.0,1.0,1.0
0.5088260205619253,95.53825549886017,1.5426640132614209,0.0,0.0,0.0,1.0,1.0
81.80114502222156,1.2035872975698914,0.9303393835650834,1.0,0.0,0.0,1.0,0.0
31.92263564496356,1.0121520459914906,2.09831067527442,1.0,0.0,0.0,1.0,0.0
5.743453387687169,0.027995832011643,0.1094862674775639,1.0,1.0,0.0,1.0,0.0
10.597607017924426,0.3487986677082695,0.3443536724898016,1.0,1.0,0.0,1.0,0.0
36.01658900555116,0.200150687011256,1.7377340757977713,1.0,1.0,0.0,1.0,0.0
6.503143118280995,1.1298469620948792,0.1854654347667687,1.0,0.0,0.0,0.0,0.0
5.652603930584594,0.9754112180172508,4.943007260590205,1.0,0.0,1.0,1.0,0.0
3.7952462388930295,5.097623263085231,1.2482229763672206,1.0,0.0,0.0,0.0,0.0
26.6225382064582,0.1307697838153054,0.7980798088272492,1.0,1.0,1.0,0.0,0.0
1.2809143765124726,0.0181889603433214,0.3958352860626992,0.0,1.0,1.0,1.0,0.0
53.55034452471159,0.1507160777219298,1.147455001850187,1.0,0.0,0.0,1.0,0.0
12.327858389835624,0.0692099858183832,1.574028239017326,1.0,0.0,0.0,1.0,0.0
9.389629064664424,0.0353022518600679,0.3144110841805754,1.0,0.0,0.0,0.0,0.0
5.729628477951874,1.577798687006819,5.178834539874404,1.0,0.0,0.0,1.0,1.0
1.3738241809847664,0.0219638921588587,0.2668014495502136,0.0,0.0,0.0,0.0,0.0
3.1749759292135997,0.1633323087210907,1.6479360608649734,1.0,0.0,0.0,1.0,0.0
13.322347550596444,0.0876490750865088,0.4131852376889031,1.0,1.0,0.0,1.0,0.0
27.41546023235569,0.1421509133474307,1.2151953021058433,1.0,1.0,0.0,0.0,0.0
59.40776101949911,0.4807984152341216,0.551804409218802,1.0,1.0,0.0,1.0,0.0
12.271421491533737,1.9484278941053248,0.5075802658113806,1.0,0.0,0.0,0.0,0.0
11.764875803909373,0.7748824098943274,1.699666014403929,1.0,0.0,0.0,1.0,0.0
1.8339320735197453,0.067999462314899,0.4082176665074145,0.0,1.0,0.0,0.0,0.0
255.2779048747593,7.007461618909802,2.834967705137809,1.0,0.0,1.0,1.0,0.0
5.067919046910901,0.6463750018217022,1.8936600280800195,1.0,0.0,0.0,0.0,0.0
517.8887904738907,0.1481737830639526,1.1637298903997335,1.0,0.0,0.0,1.0,1.0
15.451100299832852,0.0422732704053042,2.542384915111618,1.0,0.0,0.0,1.0,0.0
5.75289055684395,7.079977160497833,2.0527319834536923,1.0,0.0,0.0,1.0,0.0
22.735625532418812,0.3678772336752478,2.470018797279102,1.0,1.0,0.0,1.0,0.0
3.683239788062308,0.5425903779843014,0.9106733680882636,1.0,0.0,0.0,0.0,0.0
15.776211777938546,0.739360274958427,1.7319000382901006,1.0,1.0,0.0,0.0,0.0
13.959900670202064,0.2834067738963012,1.0894533870029233,1.0,0.0,0.0,1.0,0.0
1.2599243216018183,20.16659946314853,0.7377838038492145,0.0,0.0,0.0,1.0,0.0
35.405934643675195,0.2000787424549947,0.1332004021980594,1.0,1.0,0.0,1.0,0.0
5.681934845767703,10.914941285272253,1.447000469508384,1.0,0.0,0.0,0.0,0.0
0.641171271250769,4.5888136012995,6.34589750399558,0.0,1.0,0.0,1.0,1.0
43.35923382260771,1.0676171456219958,0.6387817264104273,1.0,0.0,0.0,1.0,0.0
1.3130296868196472,0.4544184944053385,0.558166107520301,0.0,0.0,1.0,0.0,0.0
13.10948436477416,0.2825522321081792,1.3463361248118195,1.0,0.0,1.0,1.0,0.0
76.99107489877726,0.169814017127671,1.7459593613277264,1.0,0.0,1.0,0.0,0.0
338.0236259042642,0.4140785397715359,0.4758988265552945,1.0,1.0,0.0,0.0,0.0
0.8051649963683287,7.071221160074964,1.1533683402010773,0.0,0.0,0.0,0.0,0.0
49.059449652247366,0.7127293473132832,1.7707692423033008,1.0,0.0,1.0,0.0,0.0
4.316699312974297,5.120001367267149,1.750606139123415,1.0,1.0,0.0,0.0,0.0
3.78540479883765,0.1043919572781685,0.4007619429525253,1.0,0.0,0.0,0.0,0.0
13.31867052336796,0.8179510737012361,0.6223382718527453,1.0,0.0,0.0,0.0,0.0
14.672254251971026,0.9008510849205764,0.8056541123645317,1.0,1.0,0.0,0.0,0.0
15.195931791142758,9.60133426608111,0.7873398783743577,1.0,1.0,0.0,0.0,0.0
4.523393292957798,1.219978443990512,15.18224198021046,1.0,0.0,0.0,1.0,1.0
9.845177528695611,0.0473336056607601,4.550382273371369,1.0,0.0,0.0,1.0,1.0
0.7580872485819515,0.1200290730302784,1.3475674609590167,0.0,1.0,0.0,1.0,0.0
14.945064741189013,1.5693403515190671,74.22259531149237,1.0,0.0,1.0,1.0,0.0
23.646906072287045,1.2967535654350797,0.2157231270197594,1.0,0.0,0.0,0.0,0.0
19.92143438147458,4.8392345532674375,3.1309346146343757,1.0,0.0,0.0,1.0,0.0
3.640608640660799,2.6539343680200065,0.670291657406366,1.0,0.0,0.0,1.0,0.0
9.545319421739574,2.319279892507884,2.875343445818684,1.0,0.0,0.0,0.0,0.0
7.401206018055834,18.843702771771284,0.4812850029599603,1.0,0.0,0.0,1.0,0.0
1.1372002193642232,0.0307674467584947,0.4246367692631548,0.0,1.0,0.0,1.0,0.0
9.963225190003666,0.3998395629463308,0.0649375044286162,1.0,0.0,1.0,1.0,0.0
1.3835179651480871,2.03889666081884,2.375415163512009,0.0,0.0,0.0,0.0,0.0
95.44368781632284,0.7653331540749115,1.8393921161304176,1.0,0.0,0.0,1.0,0.0
4.95117701447634,0.2942574464024738,0.5865366113393377,1.0,0.0,0.0,0.0,0.0
3.2864461535526424,0.4034548786148287,4.000204932370558,1.0,1.0,0.0,0.0,0.0
59.95483587635436,0.7074887732016312,1.6134092145955272,1.0,1.0,0.0,1.0,0.0
6.765897799428305,0.0739000596927895,0.3769318315866013,1.0,0.0,0.0,0.0,0.0
25.04270857151504,0.896363089876929,3.639287951101431,1.0,0.0,0.0,1.0,0.0
16.510641065579115,1.8206069148056288,0.7446150309465138,1.0,0.0,0.0,1.0,0.0
73.75289151845456,0.3211375615582202,7.17393508509418,1.0,0.0,0.0,1.0,1.0
1.67451948630836,9.605217709376332,2.1558374779995724,0.0,1.0,0.0,1.0,0.0
180.3486640663303,0.3053556385287713,4.314304339228138,1.0,1.0,0.0,1.0,1.0
34.508755130764314,0.5529991530045228,4.046754793240954,1.0,1.0,0.0,1.0,1.0
15.818530188774083,0.0709032427466443,2.589546089134059,1.0,0.0,0.0,1.0,0.0
5.132817114030528,0.0454223292738467,0.2543096894593589,1.0,0.0,0.0,1.0,0.0
5.024857168056539,0.3119048305390757,1.087100089703866,1.0,0.0,0.0,1.0,0.0
17.4588583892345,0.7907453807263379,2.184418557593973,1.0,1.0,0.0,1.0,0.0
0.8410473297899727,0.2683927205564172,0.0952782774067539,0.0,0.0,0.0,0.0,0.0
45.49527379242811,0.6361835670700362,0.6249152949079978,1.0,1.0,0.0,1.0,0.0
1.0038483059966767,9.706127833714651,13.041467437688237,0.0,0.0,0.0,1.0,1.0
12.165802463732613,2.4447116102144424,0.0643961210131006,1.0,1.0,0.0,1.0,0.0
14.800878116156577,0.2804924722289051,5.98968706088667,1.0,0.0,0.0,0.0,0.0
0.9650217248039882,0.6350419452552197,4.670677908025958,0.0,1.0,0.0,0.0,0.0
37.88091624139175,0.2049671707272461,0.8612436839848354,1.0,0.0,0.0,0.0,0.0
32.92238018939068,12.57019557868455,3.348272652209462,1.0,0.0,0.0,1.0,0.0
0.7130028394022757,6.8914580607273415,0.7619598206424558,0.0,1.0,0.0,0.0,0.0
11.85142453643723,0.0676369377764311,1.1230423455413976,1.0,1.0,1.0,1.0,0.0
70.1924389157004,0.3419607509846114,4.655231499222623,1.0,0.0,0.0,0.0,0.0
50.13354137976386,0.1882321442089274,0.4285587437405467,1.0,0.0,0.0,1.0,0.0
23.2349978583413,0.2583495897657734,0.4238991336739999,1.0,0.0,0.0,1.0,0.0
195.1172694801705,0.2679845805612633,1.5262958398927202,1.0,1.0,0.0,1.0,0.0
13.894362997640236,0.2775440510025705,0.798423109878514,1.0,1.0,0.0,1.0,0.0
17.617580235109898,0.2562079700015516,2.0184749241857527,1.0,0.0,0.0,1.0,0.0
91.87398347297948,0.1718572636540982,1.682111427064699,1.0,0.0,0.0,1.0,0.0
18.666581119499742,0.797930136619779,3.3176643137253894,1.0,0.0,0.0,0.0,0.0
9.104091579068983,2.61056818369724,1.1181864882907648,1.0,0.0,0.0,1.0,0.0
2.1848567506252703,0.3839870887965422,0.4879437993744966,1.0,0.0,0.0,0.0,0.0
0.5832638079772968,21.459400783025483,2.383696122147456,0.0,0.0,0.0,0.0,0.0
1.1460748710289383,0.8012071158684527,1.6816701118544193,0.0,1.0,1.0,1.0,0.0
2.297527795365171,0.1276651247423673,0.4499879114243377,1.0,0.0,0.0,0.0,0.0
4.4733994496721055,1.2203438366820147,0.4505793196928657,1.0,1.0,0.0,0.0,0.0
8.019041844376321,8.171035942400971,1.3035670794911804,1.0,0.0,0.0,0.0,0.0
1.9027249806887812,0.1930343035594814,0.6895652695197761,1.0,0.0,0.0,1.0,0.0
5.680875599889686,10.480884806258487,0.949230503908799,1.0,0.0,0.0,0.0,0.0
166.69597825184806,0.2776664161484994,0.250590558615995,1.0,1.0,0.0,1.0,0.0
31.12021823335118,4.488124897917962,2.1586481681037166,1.0,0.0,0.0,0.0,0.0
5.212362335321204,0.8538121482140769,0.6538817312987063,1.0,0.0,0.0,0.0,0.0
12.735968087398854,0.1128193463270315,2.1081574777514005,1.0,1.0,0.0,1.0,0.0
7.35058967213733,9.30282837316889,0.710143057166949,1.0,0.0,0.0,0.0,0.0
18.7429726541582,0.1220765735190054,0.630696139624312,1.0,0.0,0.0,1.0,0.0
2.6181612692297094,3.32754599131565,3.155617025447431,1.0,1.0,1.0,1.0,0.0
18.09948999734396,0.0397747228631177,0.6285670173392048,1.0,0.0,0.0,0.0,0.0
1.1976665922429022,0.3110116197122846,0.1171924232907816,0.0,0.0,0.0,0.0,0.0
3.8516028240025766,2.869673585978099,1.3922061089583928,1.0,1.0,0.0,1.0,0.0
11.43931648920693,1.6297648314992297,8.110105630559566,1.0,0.0,0.0,0.0,0.0
10.448344900689555,0.1879078099074278,0.3699594904114541,1.0,1.0,0.0,1.0,0.0
77.92430290277859,0.2181142495761182,0.4652344230354471,1.0,0.0,0.0,0.0,0.0
13.608074036925212,2.0525225514271828,1.475419113291518,1.0,1.0,0.0,1.0,0.0
60.76615378645046,0.2321009312850201,0.4264891313411572,1.0,1.0,0.0,1.0,0.0
33.818116578711624,2.600549141590228,0.4937986800114975,1.0,1.0,0.0,1.0,0.0
3.990406113866068,4.544092713070433,1.1835278404476854,1.0,1.0,0.0,0.0,0.0
15.139527018936889,0.0998478171569859,0.9594180874732072,1.0,0.0,1.0,0.0,0.0
9.209569635862575,0.9099144939144046,0.7853517373583742,1.0,0.0,0.0,1.0,0.0
31.11105560488569,0.6158227026188787,1.0111841178832977,1.0,0.0,0.0,0.0,0.0
34.1030704793975,0.6296096560491755,0.2303111799230706,1.0,0.0,0.0,1.0,0.0
110.19675368699424,4.427080185093093,0.1608984127656263,1.0,1.0,0.0,0.0,0.0
1.259387493738061,0.1559433365780943,1.1688884858379336,0.0,1.0,0.0,1.0,0.0
1.1365346032830064,10.97311424681592,0.3751081922081883,0.0,1.0,0.0,1.0,0.0
21.17082214152502,2.99936552969084,1.831103316564452,1.0,0.0,0.0,1.0,0.0
4.955723503722278,1.0984803825081149,1.7790611435282804,1.0,1.0,0.0,0.0,0.0
2.178003824833384,0.4629431537184869,0.5316142748489793,1.0,0.0,0.0,1.0,0.0
4.195539636390993,16.402327862438288,3.224870720270512,1.0,0.0,0.0,1.0,0.0
14.654089176675086,0.7168276632693366,0.1537501510456609,1.0,1.0,1.0,0.0,0.0
2.082849692839261,0.018261920654087,5.4205191219785815,1.0,0.0,0.0,0.0,0.0
10.2749395649572,2.183074836278807,0.2645563870481098,1.0,0.0,0.0,1.0,0.0
3.1498034372300707,16.012508670456516,1.2167494222267896,1.0,0.0,0.0,0.0,0.0
2.531024418068564,0.5988796841845037,3.30219418004036,1.0,1.0,0.0,1.0,0.0
6.008985321190924,5.101240262836332,1.2804641389371632,1.0,0.0,0.0,1.0,0.0
20.110082925597585,0.9726269655254556,1.2965509212795832,1.0,0.0,0.0,1.0,0.0
63.31771807590073,1.0633004661463727,0.4292497778881108,1.0,0.0,0.0,1.0,0.0
3.5702648467641533,3.2151911341496926,0.1091295267923093,1.0,0.0,0.0,1.0,0.0
501.8872163239655,0.2215802328245235,1.6572747372953596,1.0,1.0,0.0,1.0,0.0
3.0486425801169976,0.4983333025100435,0.1414514284814205,1.0,0.0,0.0,1.0,0.0
0.404292768292235,27.409391090713488,0.4048034657881287,0.0,1.0,0.0,1.0,0.0
5.227603840741713,5.868287905039399,4.345742120077227,1.0,0.0,0.0,1.0,1.0
15.969941759453016,0.0851162679311365,0.2508881836816724,1.0,0.0,0.0,0.0,0.0
0.6065451858031856,0.1726293748331201,0.2072488135485076,0.0,0.0,0.0,1.0,0.0
2.2914719388385176,0.4287911197457859,0.1631676783887675,1.0,1.0,0.0,0.0,0.0
16.730335701331338,7.511543112288846,0.2190617658204644,1.0,0.0,0.0,0.0,0.0
3.0107610543686434,4.3690447933182295,0.7019476702931391,1.0,0.0,0.0,1.0,0.0
51.4605316976394,0.0424991317174551,1.151767668071449,1.0,0.0,0.0,1.0,0.0
6.851427071760318,0.6961059328547377,0.2364414535591516,1.0,0.0,0.0,1.0,0.0
0.7984624289708488,15.931268295665816,21.11825306955022,0.0,0.0,0.0,0.0,1.0
51.28380590052836,2.2916847209324827,1.0702051422659038,1.0,1.0,0.0,1.0,0.0
1.1803084657662644,0.0132308372292945,1.2227767966933158,0.0,1.0,0.0,1.0,0.0
6.876426653334997,0.0115478119404534,0.3048272729180971,1.0,0.0,1.0,1.0,0.0
14.36180881482859,0.6089883145150118,1.902387923385924,1.0,1.0,0.0,1.0,0.0
19.10751169060001,0.8063080192849588,2.242969701887072,1.0,1.0,0.0,0.0,0.0
22.62194871885848,49.461883646116895,0.9419065286803304,1.0,0.0,0.0,0.0,0.0
38.799759451412974,20.28011411425829,0.5291041765246282,1.0,1.0,0.0,1.0,0.0
107.84514204229718,0.0275001575973181,1.3930923838531046,1.0,1.0,0.0,1.0,0.0
6.813453362696627,3.814378623342815,0.1948223328237313,1.0,0.0,0.0,1.0,0.0
9.980219791560623,6.543054446980912,0.3001397219867669,1.0,1.0,0.0,1.0,0.0
32.448244429673224,0.2903611233645606,0.8271868444104122,1.0,0.0,0.0,0.0,0.0
28.40905218500857,0.2250020506361063,1.2694892832900315,1.0,0.0,0.0,1.0,0.0
5.372288742366195,11.191863856368274,1.4379998107117846,1.0,0.0,0.0,1.0,0.0
6.0849986709978285,1.4646449178458976,0.2284759590108496,1.0,1.0,0.0,1.0,0.0
3.4152607195478306,1.0353209256252442,1.67692034668372,1.0,0.0,0.0,0.0,0.0
6.048529651781731,0.4655885779526645,0.1550020173255082,1.0,1.0,0.0,0.0,0.0
33.89000318917521,0.6081005572114111,0.1658468607785176,1.0,0.0,0.0,1.0,0.0
5.67930212255501,0.6041816871860681,0.2105655828982075,1.0,1.0,0.0,1.0,0.0
0.4254689976500674,0.2918995371655519,10.19232085011716,0.0,1.0,0.0,0.0,0.0
6.180712898930673,0.7361284798869222,0.3594725676034807,1.0,0.0,0.0,0.0,0.0
0.8217255769928542,2.2663381779704785,0.8261570558954886,0.0,0.0,1.0,0.0,0.0
7.382255978281933,20.79409136612704,1.4045881731175254,1.0,0.0,1.0,1.0,0.0
10.860178642304009,0.7760681099335536,1.1484554534497884,1.0,1.0,0.0,1.0,0.0
67.28562448714705,0.8214666493550848,0.4673451471270831,1.0,1.0,0.0,1.0,0.0
1.085990322983442,8.32384857536881,7.428719830444054,0.0,1.0,1.0,0.0,0.0
37.02954319280583,44.68209949293018,1.3955872090849353,1.0,0.0,0.0,0.0,0.0
9.282296758362213,0.601228624890908,0.9280239635561754,1.0,1.0,0.0,1.0,0.0
46.233053775498895,5.418173024052502,0.6132009738781227,1.0,1.0,0.0,1.0,0.0
6.477825826557203,6.50630188820499,3.193171248621363,1.0,0.0,0.0,1.0,0.0
6.587323294571046,0.6804066015432002,1.4795674565592458,1.0,0.0,0.0,0.0,0.0
16.990843960823792,4.749342157177386,3.068128837557843,1.0,1.0,1.0,0.0,0.0
5.5049726995405805,0.0882258486887455,1.3654828637181415,1.0,0.0,0.0,1.0,0.0
30.65448082994509,12.913754804418977,0.5587993869812856,1.0,0.0,1.0,1.0,0.0
8.615551396612236,0.2636532404078506,0.5648603004905803,1.0,0.0,1.0,0.0,0.0
30.97159315653505,0.198312658838207,2.751444904054961,1.0,1.0,0.0,1.0,0.0
3.659176456133949,0.7885529835218467,0.7294958097847231,1.0,0.0,0.0,1.0,0.0
1.062171599957386,0.4349387018378225,2.0261419828886136,0.0,0.0,1.0,1.0,0.0
1.2929040875901698,0.3521159632109381,0.1782839258677928,0.0,0.0,0.0,1.0,0.0
15.40908333710295,0.4661238559732177,0.6657565175613496,1.0,0.0,0.0,1.0,0.0
10.151299917313692,0.1587104628076497,2.052372283418681,1.0,0.0,0.0,1.0,0.0
134.792086864873,0.2724513446994434,0.16502145048538,1.0,0.0,0.0,1.0,1.0
18.892500249821698,3.1692752872250263,0.3124992342252789,1.0,0.0,0.0,1.0,0.0
9.806992318133364,1.494486285029884,0.3530792392175012,1.0,1.0,0.0,0.0,0.0
4.059303506467666,2.968855216295205,0.6831292217923336,1.0,1.0,0.0,0.0,0.0
4.148691510214138,1.980712715651313,5.3323792511800585,1.0,0.0,0.0,1.0,1.0
2.8805340295603,1.3575818499254169,0.6652247273943623,1.0,0.0,0.0,1.0,0.0
0.5778034028086627,0.540891595670273,0.262201157997416,0.0,1.0,0.0,1.0,0.0
0.1460318925285843,1.9081956099380448,4.023426643139122,0.0,0.0,0.0,1.0,1.0
1.5875071103936305,0.5709774072598042,2.250285205902354,0.0,0.0,0.0,0.0,0.0
32.359395110850386,0.4145355477229652,2.136362572074081,1.0,1.0,0.0,0.0,0.0
72.50040089741985,0.1080270426120488,1.560745284400858,1.0,0.0,0.0,1.0,0.0
8.811049768992133,3.2588473688729622,0.6304449209824172,1.0,0.0,0.0,1.0,0.0
1.7219888664186287,0.4705316175782102,10.99818293972568,0.0,0.0,0.0,0.0,1.0
1.0375250359353831,1.7816061571762265,0.0973864745239237,0.0,1.0,0.0,1.0,0.0
23.532074885410907,0.941023467979442,0.4475095276604875,1.0,1.0,0.0,0.0,0.0
11.70100905457018,0.2521761797227676,1.9913618115178795,1.0,0.0,0.0,1.0,0.0
3.961120425541482,0.0612635807848654,0.5715117103653774,1.0,0.0,0.0,1.0,0.0
3.061569340561679,1.7254273823021538,0.4064422237565122,1.0,0.0,0.0,1.0,0.0
2.341970504218624,13.118758641160856,4.944566480999155,1.0,0.0,0.0,0.0,0.0
47.56001825640277,6.039199723466761,21.64019670679977,1.0,0.0,0.0,1.0,1.0
1.500337348126752,3.862822132745952,1.1607398988038489,0.0,0.0,0.0,1.0,0.0
6.10625917036645,0.1832580728451893,1.6069551725794895,1.0,0.0,1.0,1.0,0.0
7.661326988484712,3.465125220533827,0.4450998684002595,1.0,0.0,0.0,1.0,0.0
0.618680196234241,2.480505549863248,1.2664834399053488,0.0,1.0,0.0,0.0,0.0
9.316351279117857,5.561864450711312,0.3486991077126402,1.0,0.0,0.0,0.0,0.0
12.731895376397915,1.1337253480456335,0.6773577871274284,1.0,1.0,0.0,0.0,0.0
26.966021301870352,2.021179451702695,0.7503599312548828,1.0,1.0,0.0,1.0,0.0
14.818231899345651,0.0621893851496109,0.2812140574810508,1.0,0.0,1.0,1.0,0.0
5.447932587360175,0.1769007410094028,0.8718169501580013,1.0,0.0,0.0,1.0,0.0
2.1219037257210727,0.1800815080722913,1.4207218293967645,1.0,0.0,0.0,1.0,0.0
4.606917215019681,6.714560132359902,0.3578980178674402,1.0,0.0,0.0,1.0,0.0
2.179112773737876,1.950366381994025,0.3119123824780769,1.0,1.0,0.0,1.0,0.0
46.05188004791263,1.1465432028188474,1.365910139892304,1.0,0.0,0.0,1.0,0.0
39.81271915750344,0.374005397936739,3.380196079601753,1.0,0.0,0.0,1.0,0.0
3.825319580950589,8.367024597209372,1.472032569175768,1.0,1.0,0.0,0.0,0.0
4.643080831938624,0.423663572281226,0.6045096052504525,1.0,1.0,0.0,0.0,0.0
18.3791170894285,0.6910243979477492,2.055260051858139,1.0,0.0,0.0,1.0,0.0
68.54085404483298,0.0760138700601173,1.329926784056646,1.0,0.0,0.0,1.0,0.0
23.65484680594677,0.4100254644046676,0.7492039690298292,1.0,0.0,0.0,1.0,0.0
18.09939918716804,3.399264873595573,0.4648329224870546,1.0,1.0,0.0,0.0,0.0
28.579613730407985,0.4812435492830794,1.3749782512113635,1.0,1.0,1.0,1.0,0.0
21.014357718401374,0.5709319836320397,2.420534934126671,1.0,1.0,0.0,1.0,0.0
21.31102693982345,6.75425604076094,0.1901160323959655,1.0,1.0,0.0,1.0,0.0
0.763831593395627,0.2584362206046559,0.9883228112954616,0.0,0.0,0.0,1.0,0.0
27.83259487665118,1.1426682604076086,3.618301868635228,1.0,0.0,0.0,0.0,0.0
52.99599644442233,3.289370307163012,1.166272153494931,1.0,0.0,0.0,1.0,0.0
2.6782341772912783,0.1528320284225998,1.6499356291329048,1.0,0.0,0.0,0.0,0.0
0.7162202237454687,0.0361087656927655,1.9340866922121405,0.0,1.0,0.0,0.0,0.0
27.996010713894297,3.54091303881858,2.861012006751986,1.0,1.0,1.0,1.0,0.0
5.969597984674167,4.837139494031015,1.42771464604273,1.0,0.0,0.0,0.0,0.0
72.61533315062644,0.0200155038391803,1.6002186287497024,1.0,0.0,0.0,1.0,0.0
2.861857438293333,0.07880920730439,0.4564213692928453,1.0,0.0,0.0,1.0,0.0
14.884609107858523,3.454109194691243,1.170869426439332,1.0,0.0,0.0,0.0,0.0
0.848909731091568,0.0307594709580259,3.665416570889205,0.0,1.0,0.0,1.0,0.0
19.89398364185555,1.5195992584894615,1.089843518536857,1.0,0.0,0.0,0.0,0.0
5.721422442483151,0.7757589041808457,2.9386731566838677,1.0,0.0,0.0,1.0,0.0
2.169130863484056,0.3887717262047364,0.5870200361761876,1.0,1.0,0.0,1.0,0.0
5.847269035467774,4.336347129425236,0.2144521760374013,1.0,0.0,0.0,0.0,0.0
2.069162496974306,0.07102221533425,0.6261132625375544,1.0,0.0,0.0,0.0,0.0
4.422316395119049,0.5442737972350356,0.0400175835015287,1.0,1.0,0.0,0.0,0.0
31.671298290677097,0.860542178188287,0.1148166539843245,1.0,0.0,0.0,1.0,0.0
3.1788289138736863,0.0462258040803112,0.1691792316942981,1.0,1.0,0.0,1.0,0.0
3.1089649308849947,0.5415751986081799,0.1734723331469797,1.0,0.0,0.0,1.0,0.0
4.212460562241658,0.8426569360895411,0.1181159725053127,1.0,0.0,0.0,0.0,0.0
2.4882852241105264,0.2666472414601133,1.043396939941117,1.0,0.0,0.0,1.0,0.0
6.392432683266854,0.3444456214909513,0.1882224245326835,1.0,0.0,0.0,1.0,0.0
7.246161971117883,2.793421816154929,0.3915066807276086,1.0,1.0,0.0,0.0,0.0
15.587671636634612,0.6477700492466802,0.9220092203167544,1.0,0.0,1.0,0.0,0.0
14.705024270110757,2.881276399739789,0.2480461304072774,1.0,0.0,0.0,1.0,0.0
17.367767064688934,0.8228015525817889,0.8904796162922387,1.0,0.0,0.0,1.0,0.0
6.506273380810178,0.0315959690898859,0.0988163811811002,1.0,0.0,0.0,1.0,0.0
14.612774893925168,5.331897402223414,4.567613384811057,1.0,1.0,0.0,1.0,1.0
69.54078490665685,0.8564751180205256,0.6005602436509049,1.0,0.0,0.0,1.0,0.0
4.319876351153962,0.9198134663911331,0.7488541677947773,1.0,0.0,1.0,1.0,0.0
20.3317546898137,0.0242068719971916,0.4074276734241982,1.0,0.0,0.0,1.0,0.0
55.33627631734142,0.0190392336139348,3.948139672493854,1.0,0.0,0.0,0.0,0.0
61.068138968606,0.0349420544446464,5.965240567598674,1.0,1.0,0.0,0.0,0.0
59.068955379389735,0.2693880629474454,1.3455731429422415,1.0,0.0,0.0,1.0,0.0
6.497802287225791,0.534366748761068,0.5619992248984126,1.0,0.0,1.0,1.0,0.0
7.198150149925444,0.1139988702152566,0.0868390735402251,1.0,0.0,1.0,1.0,0.0
18.684336090098245,0.0714430782701067,2.7428640938432607,1.0,0.0,0.0,0.0,0.0
5.418489965656025,7.329837812291091,0.3762956831080598,1.0,0.0,0.0,1.0,0.0
1.303052135860516,0.3935525624712034,0.4366804196191894,0.0,1.0,0.0,1.0,0.0
7.808688276063942,5.228393746547847,0.3345614866279687,1.0,1.0,0.0,0.0,0.0
3.8616693263247943,0.4646741063436891,5.7346271661100765,1.0,0.0,1.0,1.0,0.0
2.2035863099503445,0.4243318755885502,0.8120140500157256,1.0,0.0,0.0,1.0,0.0
11.545375121805655,2.9608056376374914,5.872330937842487,1.0,0.0,0.0,0.0,0.0
7.149636567761871,0.5247320125780153,2.317814367276908,1.0,1.0,0.0,1.0,0.0
27.784144229803008,1.1125254806049802,1.3010276798302227,1.0,0.0,1.0,0.0,0.0
2.7426606070270805,0.2114254730458177,3.76448569275489,1.0,1.0,0.0,0.0,0.0
6.771123849299824,0.0726337220912774,1.906085027383956,1.0,0.0,0.0,1.0,0.0
7.309533526403345,0.9877729387150076,3.944508242255968,1.0,0.0,0.0,1.0,0.0
10.717680672203864,0.32490978977819,0.1087978843436602,1.0,0.0,0.0,1.0,0.0
3.5103759133288324,0.8331077299355736,1.1805491136051147,1.0,0.0,0.0,1.0,0.0
5.8477151496056266,1.1677782147835816,10.675955706096442,1.0,1.0,0.0,1.0,1.0
85.68471845022897,0.6206971931511381,0.9967129402545564,1.0,0.0,1.0,1.0,0.0
4.836338651947713,0.3772608405006835,3.949799576200421,1.0,1.0,1.0,1.0,0.0
55.30697058063056,0.8061283375921805,0.9681474293921192,1.0,0.0,0.0,1.0,0.0
14.417420806906232,0.0749338346913084,4.139603304641205,1.0,0.0,0.0,1.0,1.0
15.560365878249256,0.7351928826397135,2.979693571276591,1.0,1.0,0.0,0.0,0.0
14.29261211108661,0.6564332576282852,6.3835583962222975,1.0,0.0,0.0,1.0,1.0
3.194329164621008,0.0610918175290052,2.491184442355568,1.0,1.0,0.0,1.0,0.0
31.64520082237644,0.789786946391892,3.344093205838857,1.0,0.0,0.0,0.0,0.0
18.62347159494603,1.166140558376688,0.6780141354782656,1.0,0.0,1.0,1.0,0.0
9.55612098517987,0.660689454881722,4.817431823566896,1.0,0.0,0.0,1.0,1.0
5.41038796861748,0.2990012177825902,0.3380971011770459,1.0,0.0,0.0,0.0,0.0
22.823628434733173,0.0485391217405534,0.4625341472872819,1.0,0.0,0.0,1.0,0.0
25.11602497893105,0.2814144064521834,1.0087974810867593,1.0,0.0,0.0,0.0,0.0
228.79303164526328,0.2826560604109711,1.5639160369438363,1.0,0.0,0.0,0.0,0.0
4.588685079057196,1.0127270014636565,1.0292786952899258,1.0,0.0,0.0,0.0,0.0
38.16251405229644,5.334918441686137,0.3862423831711477,1.0,0.0,0.0,1.0,0.0
1.9125639398108003,4.721374570520861,0.1441116674188574,1.0,0.0,0.0,1.0,0.0
4.825367377896403,1.7538214780926953,0.3181838929521045,1.0,1.0,0.0,1.0,0.0
48.30323003764934,0.9145459310818382,1.938828659468812,1.0,1.0,0.0,1.0,0.0
46.466993196237965,0.2950512368094698,1.3875755906713003,1.0,0.0,0.0,1.0,0.0
26.064680255274236,0.0398173634352174,1.0771171563385755,1.0,0.0,0.0,1.0,0.0
6.838713997773312,2.826187644051788,0.2642834212459888,1.0,0.0,0.0,0.0,0.0
24.24310091152916,0.7181222152110822,1.1330078612055223,1.0,0.0,1.0,1.0,0.0
11.98752443859152,7.128432422624477,0.2563661767903323,1.0,0.0,0.0,0.0,0.0
15.671416927579829,0.0299701112081344,9.843859590639072,1.0,1.0,0.0,1.0,1.0
71.10838052472528,4.924959730151944,0.8931296727496062,1.0,1.0,0.0,1.0,0.0
1.4087294391599354,0.1702100122448439,1.2927388432437132,0.0,0.0,0.0,1.0,0.0
32.20337159688025,1.2420071042621754,1.2232634889104892,1.0,1.0,0.0,1.0,0.0
102.36433837823506,0.8512292796737677,1.2019438838286145,1.0,0.0,0.0,1.0,1.0
7.084943025737001,0.2507691018862938,2.02458089179298,1.0,1.0,0.0,0.0,0.0
10.571034763919297,2.79436580114934,14.598156866517156,1.0,0.0,0.0,1.0,1.0
14.25160801880588,4.526007607837356,1.5460305930796308,1.0,1.0,0.0,0.0,0.0
10.065393909201616,0.4530418096615712,1.1801490263584573,1.0,0.0,0.0,1.0,0.0
3.3240692844630275,3.3477795596935183,3.8659283498190304,1.0,1.0,0.0,1.0,0.0
17.060023870845068,0.0805514688235662,1.87125355856468,1.0,0.0,1.0,1.0,0.0
201.93788237355963,0.6929194354422911,0.2383603716516149,1.0,1.0,0.0,1.0,0.0
2.262017215598914,3.2078090895744253,0.7280846700500361,1.0,1.0,0.0,0.0,0.0
3.551288553755029,40.95994305741959,0.2861259040858527,1.0,0.0,0.0,1.0,0.0
0.3900413751103483,65.47657799606174,0.6506587804105319,0.0,1.0,0.0,1.0,1.0
19.113727644667083,2.6895781653833057,5.262199744485112,1.0,0.0,0.0,1.0,1.0
6.378124853698278,0.59613685968987,2.692399071504841,1.0,1.0,0.0,1.0,0.0
16.174456902031068,1.1177818647833262,0.1202394713624496,1.0,1.0,0.0,1.0,0.0
29.661081639075043,0.3085417998352567,1.6713379969498567,1.0,0.0,0.0,1.0,0.0
0.9296040909724872,0.0178705098769464,2.005109678403699,0.0,1.0,0.0,1.0,0.0
16.48595004772267,16.423956297221533,3.6279707278633695,1.0,0.0,0.0,1.0,0.0
15.078780484595416,2.627631092856707,2.887747193945204,1.0,0.0,0.0,1.0,0.0
7.030445606902354,2.499283086892951,0.2251643771421894,1.0,0.0,0.0,1.0,0.0
3.5986024314455114,15.004662327547225,0.3687162363610707,1.0,0.0,0.0,1.0,0.0
11.98589700215162,1.7716167645303755,0.734734798802381,1.0,0.0,0.0,1.0,0.0
6.557043745224738,5.41358562183485,3.3057209386355626,1.0,0.0,0.0,0.0,0.0
3.2742983238140013,2.7138028299739787,0.8325933922837757,1.0,1.0,0.0,1.0,0.0
340.4569697765837,4.390213626812961,0.9763086807398552,1.0,0.0,0.0,1.0,1.0
27.74803076204919,6.195648941020954,0.3347464754029594,1.0,0.0,0.0,1.0,0.0
8.794471631140224,0.2870141150330508,1.0538890867922204,1.0,0.0,1.0,1.0,0.0
10.863885248350508,0.4574391475960117,0.8508606848482371,1.0,0.0,0.0,1.0,0.0
3.690204305179219,18.518306296909792,0.1217069843266131,1.0,0.0,0.0,1.0,0.0
14.593498472985466,0.419867818365814,0.5160482366063553,1.0,1.0,0.0,1.0,0.0
139.30800572525476,8.464773724595931,0.4881655901788375,1.0,0.0,0.0,1.0,1.0
13.284346175017458,0.1423210275062084,1.6601719587001025,1.0,0.0,0.0,1.0,0.0
1.5477598369257377,0.2714286306399922,0.0534738426975229,0.0,0.0,0.0,1.0,0.0
8.054099396373404,1.0365407662373514,1.3776249763804322,1.0,0.0,0.0,1.0,0.0
10.669600186524656,14.276813063652954,0.5374319891062475,1.0,0.0,0.0,1.0,0.0
6.352847697404219,6.250374177583886,0.1706968941897307,1.0,0.0,0.0,0.0,0.0
7.528651517004359,0.8952680509356573,0.1941036668416656,1.0,0.0,0.0,1.0,0.0
6.360524698321858,27.821486799903067,0.2136096077723611,1.0,0.0,0.0,0.0,0.0
2.8893537928850805,0.630019162227725,0.9805330767107754,1.0,1.0,0.0,0.0,0.0
5.379454745766468,0.8596798616405573,2.8277857148007737,1.0,0.0,0.0,1.0,0.0
46.064677922483725,0.0718681399156076,1.0335560391560124,1.0,0.0,0.0,0.0,0.0
31.590477498744917,3.4159003079542773,0.4103816748414522,1.0,0.0,0.0,0.0,0.0
57.35113853562922,8.422452818506324,1.536368547962095,1.0,1.0,0.0,1.0,0.0
1.767607091206751,7.408802562425568,1.250957110190347,0.0,1.0,0.0,1.0,0.0
150.00093380518237,3.6242729513120575,3.807864688813357,1.0,0.0,0.0,0.0,0.0
1.7134411091085564,1.5701872692337062,4.664984380628215,0.0,1.0,0.0,1.0,1.0
11.355989343723191,0.1265153927210549,0.3024995105179824,1.0,1.0,1.0,0.0,0.0
5.13187879063585,1.9878246148551788,3.2780007746312383,1.0,1.0,0.0,0.0,0.0
15.168484383457685,5.179342753217923,0.2622659309752242,1.0,0.0,0.0,1.0,0.0
3.729210141798318,0.7027201255069689,1.5151001475317536,1.0,1.0,0.0,0.0,0.0
2.4609097438882186,17.312709742967414,3.5397794262004525,1.0,1.0,0.0,1.0,0.0
8.109526665447952,0.2089391972040368,1.545047759254777,1.0,0.0,0.0,1.0,0.0
97.5798106064086,0.3490222436624081,5.807357010790615,1.0,0.0,0.0,0.0,0.0
2.1374567583660924,0.533811818500433,0.9270130883234232,1.0,0.0,1.0,1.0,0.0
3.7555359789305394,1.2529226072368769,0.446176784923823,1.0,1.0,0.0,0.0,0.0
6.625137654056071,2.245378326141814,1.809786461769728,1.0,0.0,0.0,1.0,0.0
67.82248448801788,1.2372627771861566,3.0591202294769237,1.0,1.0,0.0,1.0,0.0
64.82825683598644,0.8920004189036355,1.9738908840576384,1.0,0.0,0.0,1.0,0.0
0.5957379718788529,3.74868605772274,0.5005968447330832,0.0,0.0,0.0,1.0,0.0
160.5430521661391,0.3302226764618435,0.6097915926634311,1.0,1.0,0.0,1.0,0.0
1.4491355037002696,5.549982445456056,0.3879406128053287,0.0,1.0,0.0,1.0,0.0
8.166617818010943,0.2764741642951443,0.36216835449601,1.0,1.0,0.0,1.0,0.0
12.068384567278477,4.431698845503303,0.9330108941487296,1.0,0.0,0.0,1.0,0.0
224.81225932253423,0.9244570435508036,3.4987774868524584,1.0,0.0,0.0,1.0,1.0
16.65219441596026,14.040856734950443,3.423082364976391,1.0,1.0,0.0,1.0,0.0
83.10166449378062,0.4747898839047232,1.9393136827828852,1.0,0.0,0.0,1.0,0.0
6.958627258206898,0.7784373039078134,0.4981046197717483,1.0,1.0,0.0,1.0,0.0
2.095108170873616,0.1434841421870088,0.2717986065675578,1.0,0.0,0.0,1.0,0.0
15.007723809667787,0.374583097018142,0.0825722218383023,1.0,1.0,0.0,1.0,0.0
20.85682692638532,0.1901217952718137,1.0716746903146863,1.0,0.0,0.0,1.0,0.0
7.445930239792075,0.9637497095702208,0.1818001554937785,1.0,1.0,1.0,1.0,0.0
52.71766781419716,3.381691358999284,1.8637296312246392,1.0,0.0,0.0,1.0,0.0
3.754881873864606,0.270646890722786,4.5033646432725725,1.0,0.0,1.0,1.0,0.0
0.1792310900004958,4.223348196117906,4.265178522971937,0.0,0.0,0.0,1.0,1.0
89.26432572613957,0.160194716999274,0.2832732965759636,1.0,0.0,0.0,0.0,0.0
8.544873697464055,0.8797840183605842,0.1487462873408407,1.0,1.0,0.0,1.0,0.0
14.790562304052292,2.1901379226939004,0.8104202073989674,1.0,1.0,0.0,0.0,0.0
16.167953097821044,0.9157510680507868,1.996979055280848,1.0,0.0,0.0,0.0,0.0
1.2659478091654857,0.5306789716122658,0.8351457527769689,0.0,1.0,1.0,1.0,0.0
48.97312982639238,4.3733537793515564,1.0481463384403074,1.0,1.0,0.0,1.0,0.0
39.51373353818486,2.182966148219851,0.2439775352843372,1.0,0.0,1.0,0.0,0.0
8.181553057936659,6.375155640474948,2.357741409707423,1.0,0.0,0.0,0.0,0.0
172.14315926331554,1.9787434230615133,0.347141565177219,1.0,1.0,0.0,0.0,0.0
150.51834256282982,0.1773107335989221,0.2046079197049943,1.0,0.0,0.0,1.0,1.0
8.958671594316366,0.0222636209656668,1.6177006450288214,1.0,0.0,0.0,1.0,0.0
12.420009032953848,0.6532877953394243,1.1892050266249434,1.0,0.0,1.0,1.0,0.0
7.768817643295661,1.0674276169921533,1.266786352119644,1.0,1.0,0.0,1.0,0.0
6.173671785617019,3.9497846240176,0.4913339435579814,1.0,0.0,0.0,1.0,0.0
2.877533352125852,1.2090907149468133,4.927400800729376,1.0,0.0,0.0,1.0,1.0
7.732046197691202,0.7385717655537625,1.2334174700951304,1.0,1.0,0.0,1.0,0.0
27.476568539373456,0.5575846247841247,0.1112130296228007,1.0,0.0,0.0,1.0,0.0
64.77389550823735,0.3458165959317141,1.141596109173098,1.0,1.0,0.0,1.0,0.0
13.859949150545384,2.047919565885063,0.6808587392587074,1.0,1.0,0.0,1.0,0.0
3.372820063475176,1.3488766200945084,2.279472438341332,1.0,0.0,0.0,0.0,0.0
0.8187257272014212,0.7546562172706719,0.8234874714460224,0.0,0.0,0.0,0.0,0.0
0.905392308883546,0.2628936214906807,0.6767659854403503,0.0,1.0,1.0,1.0,0.0
17.63725173476266,18.415911121866333,1.0295523847438672,1.0,0.0,0.0,0.0,0.0
9.439532678347012,7.507058826436647,0.6556671506677012,1.0,1.0,0.0,1.0,0.0
6.833203790854934,2.336477881425004,0.7890108521370246,1.0,1.0,0.0,0.0,0.0
6.921406043859052,1.6672176960912668,0.285023238811215,1.0,0.0,0.0,1.0,0.0
15.904380967769605,10.800300859178163,0.3262645657064957,1.0,1.0,0.0,0.0,0.0
5.000868232071317,3.480131579352748,0.250478729984335,1.0,0.0,0.0,1.0,0.0
92.42783843840624,0.5010447540818569,0.1735156009344941,1.0,0.0,1.0,0.0,0.0
1.3375612400277517,20.247343255875936,0.3701090923369438,0.0,0.0,0.0,1.0,0.0
1.699263690747823,0.0813453140712325,1.1397123316050468,0.0,0.0,0.0,1.0,0.0
13.199326384509469,14.715223243242326,1.5088760781180843,1.0,0.0,0.0,1.0,0.0
11.865967619901324,11.001181241435273,1.3560127157463957,1.0,0.0,0.0,1.0,0.0
85.24396410908228,2.3714740227223063,1.1807605016016534,1.0,1.0,0.0,1.0,0.0
19.68543146321365,0.4885504368647753,4.979036955284667,1.0,0.0,0.0,0.0,0.0
16.373414564761873,3.5399405249454143,1.461705725984455,1.0,0.0,0.0,1.0,0.0
16.3454771040026,6.945649939981059,0.6352644479560748,1.0,0.0,0.0,0.0,0.0
10.845462789757647,26.12602843875225,0.175518551461908,1.0,0.0,0.0,0.0,0.0
4.400509020517498,0.1210362136152824,0.1787952624342155,1.0,1.0,0.0,1.0,0.0
12.62719565826652,0.3291102626052979,0.808122885417479,1.0,0.0,0.0,1.0,0.0
2.3674445756924123,0.1399415875426026,0.8170264103423185,1.0,0.0,0.0,1.0,0.0
1.5042213175075103,3.045317052341909,4.917484768339431,0.0,0.0,0.0,1.0,1.0
5.870652490737692,1.6216156389494238,1.0751564914566123,1.0,0.0,0.0,1.0,0.0
57.62245426285279,0.1192830853397779,0.5189862284789485,1.0,1.0,0.0,1.0,0.0
10.1859814082569,0.3138230617885392,0.518653202835263,1.0,0.0,0.0,1.0,0.0
10.369531297413175,1.537844160318461,2.0413039373288915,1.0,1.0,0.0,1.0,0.0
0.4707635611201681,0.1524519208801986,0.2055722734180571,0.0,0.0,0.0,1.0,0.0
5.116766718491493,2.188203181313507,2.178704868097966,1.0,0.0,0.0,0.0,0.0
8.20480385642746,6.764622199962365,6.154385563792071,1.0,0.0,0.0,0.0,0.0
2.802645153101341,1.2412455543259522,0.3049458604099999,1.0,1.0,0.0,1.0,0.0
0.9151263155461932,1.077406762223993,0.0429538910475777,0.0,0.0,1.0,0.0,0.0
3.063688538519221,0.7878635947909229,2.5453153704858664,1.0,0.0,0.0,0.0,0.0
47.87797457235415,1.207830399126149,0.6258171278489894,1.0,0.0,0.0,1.0,0.0
33.0289167574857,13.458674970883765,0.2358609967371694,1.0,0.0,0.0,1.0,0.0
9.28475323251775,42.260102264649696,0.1559226113526699,1.0,1.0,0.0,1.0,0.0
20.823100956583307,3.461009210333394,0.545868602341837,1.0,1.0,0.0,1.0,0.0
5.7448022762245445,2.6499965799706624,0.3574922466826842,1.0,1.0,0.0,1.0,0.0
90.5121090873886,2.2287029329768075,2.723924916965899,1.0,0.0,0.0,0.0,0.0
2.965423304212381,4.942531793299982,0.4671486051654692,1.0,1.0,0.0,1.0,0.0
20.470966258649128,6.309364071837573,2.0917561501520896,1.0,0.0,0.0,1.0,0.0
0.8661619381818082,0.4037795592454877,0.3363154481972332,0.0,0.0,1.0,0.0,0.0
65.70783000340764,1.821755990796433,0.4119373846662899,1.0,1.0,0.0,1.0,0.0
0.6878625040082929,0.2642359506893183,5.3895453753525375,0.0,0.0,0.0,1.0,1.0
2.816830338295321,0.2809115669322661,2.046416574384622,1.0,1.0,0.0,1.0,0.0
4.353995236445839,2.762955168035175,0.1304179296219421,1.0,1.0,0.0,0.0,0.0
1.1141944353012954,2.364802544586893,0.4527776968692602,0.0,1.0,0.0,1.0,0.0
11.897413423887087,0.5309583898815665,0.1089018250669136,1.0,0.0,0.0,0.0,0.0
51.76066219739506,5.263953586658793,2.2305956668368125,1.0,0.0,0.0,0.0,0.0
32.036473398377,0.5435201086261849,7.277127910377179,1.0,0.0,0.0,1.0,1.0
1.4024649448302111,14.228897956540989,4.2463898239249085,0.0,1.0,0.0,1.0,1.0
17.618597709626126,0.069903872538397,0.4457388838178394,1.0,0.0,0.0,1.0,0.0
3.019999435585424,2.425542032753791,2.4704391004680497,1.0,1.0,0.0,1.0,0.0
10.26581456273686,2.7812374868336924,4.675705332211406,1.0,0.0,0.0,0.0,0.0
6.065564586785724,5.951179728313685,0.9704800892293908,1.0,1.0,0.0,1.0,0.0
22.653841461359228,1.8752041699813269,0.8191544694085414,1.0,0.0,0.0,1.0,0.0
3.137011003572028,7.828325448097631,2.7036868459752355,1.0,1.0,0.0,1.0,0.0
3.2320660604468787,0.0696448646944722,0.4944821964576127,1.0,0.0,0.0,0.0,0.0
5.051396677623422,0.353177717518092,1.7796135212841395,1.0,1.0,0.0,1.0,0.0
169.4857288499083,0.3654835719651698,0.1836184353377667,1.0,0.0,0.0,1.0,1.0
8.512119477020427,14.242865414172073,0.0905676090079333,1.0,1.0,0.0,0.0,0.0
1.0564700885964005,0.0040941985860808,3.252449154940817,0.0,0.0,0.0,0.0,0.0
87.05358313977268,25.41558326820901,0.7266123969770921,1.0,0.0,0.0,0.0,0.0
225.66298471473115,0.3703531298133389,0.5539997855959683,1.0,0.0,0.0,0.0,0.0
2.1238521114220097,4.690244676868772,0.3746374839785279,1.0,0.0,0.0,1.0,0.0
5.816762423625287,0.1171206234901496,2.9641180729764818,1.0,0.0,0.0,0.0,0.0
18.375380903661057,8.821176468483337,0.246117400702927,1.0,0.0,0.0,0.0,0.0
15.815903186311086,1.76990343943873,4.500068130712132,1.0,0.0,0.0,1.0,1.0
42.82608683592543,0.0388409628162201,0.391151261909919,1.0,0.0,1.0,1.0,0.0
5.698730818901937,1.202168421814979,0.090978289295803,1.0,0.0,0.0,1.0,0.0
6.068227797120753,1.9810064155436429,1.3951332049623006,1.0,0.0,0.0,1.0,0.0
4.838300034179845,0.133850501388035,1.241795935085603,1.0,0.0,0.0,1.0,0.0
0.5004998595975899,3.335349720310677,1.4166545081890278,0.0,0.0,0.0,0.0,0.0
0.3050925103810576,0.1773450923679005,9.409164544176129,0.0,1.0,0.0,1.0,1.0
15.519035753409796,21.2283018131165,1.1211361513461873,1.0,0.0,0.0,1.0,0.0
0.1015828025940781,0.7369960377617487,0.6685583389924723,0.0,0.0,0.0,1.0,0.0
14.406562638397611,0.1317703099971177,5.525308237998198,1.0,0.0,0.0,1.0,1.0
3.7106358577183927,5.460276611728336,0.8190677352301633,1.0,0.0,0.0,0.0,0.0
21.209439820798885,0.6531963359344719,0.955327278793175,1.0,0.0,0.0,0.0,0.0
32.20054501488788,0.0474762202046664,7.42467148507761,1.0,0.0,0.0,1.0,1.0
5.511271598001973,2.463235096295525,2.0309378691805247,1.0,1.0,0.0,0.0,0.0
12.37638440255706,0.3480439316594634,0.4351494915258752,1.0,0.0,0.0,1.0,0.0
1.8377025929023303,0.2264231749311321,1.2836458716448484,0.0,0.0,0.0,1.0,0.0
11.247096043816116,0.7134370910988319,0.2519895335559243,1.0,1.0,0.0,1.0,0.0
52.4157536097449,0.0882195766216175,1.6443162848114368,1.0,0.0,0.0,1.0,0.0
61.9242148735956,0.2212827478657704,1.4638419525862325,1.0,0.0,0.0,1.0,0.0
2.104483879922056,7.439041844945341,0.6587662823805475,1.0,0.0,0.0,1.0,0.0
1.5216241587198762,15.726486712176763,2.454354246562366,0.0,0.0,0.0,1.0,0.0
2.9921074810229213,0.2923576774317414,0.8708312922148964,1.0,0.0,0.0,0.0,0.0
4.161425427144942,0.1172637790987933,0.6143710187459617,1.0,0.0,0.0,0.0,0.0
5.258639163862565,0.6643683128916258,0.7957176259464537,1.0,0.0,0.0,1.0,0.0
3.5180325842664866,8.767963278002288,5.375418213949307,1.0,1.0,0.0,0.0,0.0
20.08505805694603,5.657987939509557,0.3685252275870054,1.0,1.0,0.0,0.0,0.0
64.6597885714968,2.383614489815472,0.2681383428952971,1.0,1.0,0.0,1.0,0.0
5.195213962159974,0.1034797639701174,7.92980821212068,1.0,1.0,0.0,1.0,1.0
12.401263880992456,0.9116581290895396,0.9987441971275725,1.0,0.0,0.0,0.0,0.0
15.72816744660185,42.08662430790509,18.54976951045624,1.0,1.0,0.0,0.0,0.0
30.452516411575964,0.9808583892859082,0.6084544313745978,1.0,1.0,0.0,1.0,0.0
56.34384546496232,0.4585404408225759,0.2813566033319833,1.0,1.0,0.0,1.0,0.0
134.54394286384516,23.1044278524394,0.3481653026106041,1.0,0.0,0.0,0.0,0.0
3.744340325648752,4.235122580639661,0.659851704311887,1.0,0.0,0.0,0.0,0.0
81.35955981460604,0.733403410180311,1.7252992821569662,1.0,0.0,0.0,1.0,0.0
0.7040398459676108,2.2865711319480666,0.442163020409387,0.0,0.0,0.0,1.0,0.0
7.964476154963938,7.172805062526635,3.080900932514178,1.0,1.0,0.0,0.0,0.0
374.1930965419909,3.1010795109866125,0.4545276977096329,1.0,0.0,0.0,1.0,1.0
19.165193485127453,0.3682395384392645,0.9997653465924308,1.0,0.0,0.0,1.0,0.0
11.266365949496748,1.6628748311109829,1.6127521538386558,1.0,0.0,0.0,1.0,0.0
20.96898814111659,0.4573157672997252,0.1755994166048783,1.0,1.0,0.0,1.0,0.0
18.66966743104848,0.0170155412362374,1.287252939908925,1.0,0.0,0.0,1.0,0.0
24.303937928573216,0.1884810932005419,1.0878674136107271,1.0,0.0,0.0,1.0,0.0
3.89491329162803,0.1056012366167469,0.9897268034403256,1.0,1.0,0.0,1.0,0.0
152.1688185597936,0.068381558760378,0.8285591221178725,1.0,0.0,0.0,1.0,1.0
15.29642264393751,0.177596259352351,0.4874097319397196,1.0,0.0,0.0,0.0,0.0
88.73287203287231,1.4035783640958392,4.718651651167346,1.0,0.0,0.0,1.0,1.0
19.54813249136167,20.80964988667533,6.3819246327830905,1.0,1.0,0.0,1.0,1.0
11.391074215108546,0.2172415093881853,0.2114955718686848,1.0,1.0,0.0,0.0,0.0
16.418656848412645,1.3745880023846753,0.8775639702770139,1.0,0.0,0.0,1.0,0.0
9.860339720559582,1.3222638324317433,0.4122027212847432,1.0,0.0,0.0,0.0,0.0
13.19729584177358,0.0213135484062309,1.3806997091377469,1.0,1.0,0.0,1.0,0.0
9.180073801344868,0.6352732451929158,2.608689468981376,1.0,0.0,0.0,1.0,0.0
38.50013041721022,0.0070917016717132,0.2112162350646838,1.0,0.0,0.0,0.0,0.0
67.65993633747553,0.8935818170470748,3.407852202872519,1.0,1.0,0.0,1.0,0.0
0.6077710553195628,0.3256224166989103,0.8192371639291487,0.0,0.0,0.0,1.0,0.0
2.695391659658219,2.097637430272772,0.3903392575881446,1.0,0.0,1.0,1.0,0.0
7.891305515372868,0.2031768970459402,0.3598640517789634,1.0,1.0,0.0,1.0,0.0
7.988441702492494,2.969030261147195,1.4943650161343671,1.0,0.0,0.0,0.0,0.0
229.12808157771616,6.341511192300069,0.757383437231441,1.0,0.0,0.0,0.0,0.0
0.1411874093693021,2.5913102869296667,7.950744408932786,0.0,0.0,0.0,1.0,1.0
37.23162348271501,0.0297036672440504,1.562608687394273,1.0,0.0,0.0,1.0,0.0
8.330406419054475,0.5867940038484972,1.5333861185930544,1.0,0.0,0.0,1.0,0.0
19.95482256646829,0.1529711470569109,0.4241698255281522,1.0,0.0,0.0,1.0,0.0
3.971731452585098,1.422423945568883,2.225935932495993,1.0,1.0,1.0,1.0,0.0
2.6516178018671592,2.080099220542466,1.1767405105415296,1.0,1.0,0.0,0.0,0.0
3.1199734015431444,0.0087210993997646,1.047361250062782,1.0,1.0,0.0,0.0,0.0
26.35645048479345,0.1157512779928497,12.539870679741686,1.0,0.0,0.0,1.0,1.0
27.634344491088317,0.384995699340442,0.2811343473051339,1.0,0.0,0.0,1.0,0.0
3.6579795252396656,1.3280329236115962,0.3860259227727713,1.0,0.0,0.0,1.0,0.0
3.6603606964087474,2.287648131925145,0.1930251465410305,1.0,1.0,0.0,1.0,0.0
19.184932165573343,1.7680315429953102,2.7686777783089878,1.0,0.0,0.0,1.0,0.0
12.058609299749264,7.225812442641406,1.1143776464693482,1.0,1.0,0.0,0.0,0.0
1.1985477216435363,2.47594132648258,1.1762392752099275,0.0,1.0,0.0,1.0,0.0
8.2729500731506,11.574022675818709,0.256311922685951,1.0,0.0,0.0,1.0,0.0
3.658408911251428,0.1744042397817677,0.5650939014766805,1.0,0.0,1.0,1.0,0.0
37.37466255222134,0.0796436573614617,1.151723904719444,1.0,0.0,0.0,0.0,0.0
28.14724759478376,2.836155990929208,8.473821090900321,1.0,0.0,1.0,1.0,0.0
9.237271164227211,2.319009619018181,1.779929262288133,1.0,0.0,0.0,1.0,0.0
7.550603267700067,2.442797436501453,0.6831780553120037,1.0,0.0,0.0,0.0,0.0
30.66488688290501,1.0409749364302292,1.678515580412733,1.0,0.0,0.0,1.0,0.0
9.417521197391348,1.2202117135795971,0.929844940248932,1.0,0.0,0.0,0.0,0.0
9.727047168245202,14.174084301749252,2.0833515835776306,1.0,0.0,0.0,1.0,0.0
8.833945107477412,0.626258296494914,2.156958522829002,1.0,1.0,0.0,1.0,0.0
5.961546478643089,0.0451364834905762,0.1734780534363171,1.0,0.0,0.0,1.0,0.0
3.4065229664380205,0.4981379486676619,4.050211950960037,1.0,0.0,0.0,1.0,1.0
16.20880880256141,0.1747938870475259,3.128176592529337,1.0,0.0,0.0,1.0,0.0
35.94531428479626,0.1554667629647535,0.364570313895889,1.0,0.0,0.0,0.0,0.0
27.799171295314476,0.2124508603859551,1.1224214668198762,1.0,1.0,1.0,1.0,0.0
8.263284765166123,0.0198621514138937,0.6174778871905653,1.0,1.0,0.0,1.0,0.0
6.884096263280604,1.1410100265510446,2.217914908551733,1.0,1.0,0.0,1.0,0.0
110.00137041541244,76.57428052236371,0.2901218629926157,1.0,1.0,0.0,0.0,1.0
18.95092220028887,0.3977450543786424,3.3558670181117844,1.0,0.0,0.0,1.0,0.0
16.762652909638916,0.0838937721614261,1.5879781758658291,1.0,0.0,0.0,1.0,0.0
1.5826459312902943,0.1089939402074624,0.4370613397837615,0.0,0.0,0.0,1.0,0.0
4.25749166299191,1.9432642479799476,0.1682146872404108,1.0,0.0,0.0,1.0,0.0
11.92730306790122,0.2001093610331483,3.003235939656662,1.0,0.0,0.0,1.0,0.0
23.050440892712995,0.0422430052787252,3.8293141997378894,1.0,1.0,0.0,1.0,0.0
4.398634443182953,2.6624773367815275,1.6214054903121244,1.0,1.0,0.0,1.0,0.0
1.233280209721492,0.2750808029769435,0.6604679001354004,0.0,0.0,1.0,0.0,0.0
24.56143253709198,0.4201261690167264,1.0265914505906997,1.0,0.0,0.0,1.0,0.0
2.999956727876299,0.1588023538390539,2.093426852117631,1.0,1.0,0.0,1.0,0.0
7.297139753311347,17.130655463955534,0.3910823825814623,1.0,0.0,0.0,1.0,0.0
21.46172601065443,9.54879612971606,0.5480422562668104,1.0,0.0,0.0,1.0,0.0
2.64156736695266,0.3773623438074652,2.375529656349749,1.0,0.0,0.0,0.0,0.0
1.5780993143636763,1.2784458666090623,1.866486215110059,0.0,0.0,0.0,0.0,0.0
2.2604827730478103,0.6520242813749276,7.951918221289283,1.0,1.0,0.0,0.0,0.0
24.860758256076657,10.848771152166316,1.543727620588106,1.0,0.0,0.0,1.0,0.0
13.144228007557968,1.3810141064097732,0.1196046417963668,1.0,1.0,0.0,1.0,0.0
25.578261170287263,0.1794201948959661,1.3656652589616212,1.0,1.0,0.0,0.0,0.0
16.319064050876804,0.1179963065105145,0.4976374585923867,1.0,0.0,0.0,0.0,0.0
26.333688052613997,0.0723452308722527,0.4226772466823945,1.0,1.0,0.0,1.0,0.0
9.494072821362376,0.7145942214733485,0.5716135430697137,1.0,0.0,0.0,1.0,0.0
7.026519251595939,0.1171652734937675,2.360425762471355,1.0,0.0,0.0,1.0,0.0
15.591628228522447,0.2144262433797981,0.5715988569540713,1.0,0.0,0.0,1.0,0.0
10.790311391137957,0.2134764423635779,0.7681141038059326,1.0,0.0,0.0,1.0,0.0
8.75616995950736,0.2831694227415991,3.5812290799869,1.0,0.0,0.0,1.0,0.0
546.0611798787047,3.514337724031172,0.5081525362748629,1.0,0.0,1.0,1.0,0.0
6.157029705918354,1.8943696767766456,0.3688396455837328,1.0,1.0,0.0,1.0,0.0
17.87690374562921,1.3425734145967982,0.2910700387686812,1.0,0.0,0.0,1.0,0.0
17.919113877713382,0.0770873877307368,13.560228840085204,1.0,1.0,0.0,1.0,1.0
10.094075302336355,0.976090796806281,0.1903719650331117,1.0,0.0,0.0,1.0,0.0
21.415004804208383,0.1551403848527062,0.998903575478534,1.0,0.0,1.0,1.0,0.0
3.6154095491901663,0.0469953775255604,1.153501857540727,1.0,0.0,0.0,0.0,0.0
136.935102251254,4.548686882402129,3.54259417045434,1.0,1.0,0.0,1.0,0.0
54.77913995889572,0.230348614910199,1.7892088103309176,1.0,0.0,0.0,1.0,0.0
90.6044587017654,0.0196990101171737,0.4379022760057156,1.0,0.0,0.0,1.0,0.0
1.7295896601625944,4.256566461057425,0.6187800026424828,0.0,0.0,0.0,1.0,0.0
4.4245197616975,0.008203477526984,3.428715699811306,1.0,1.0,0.0,0.0,0.0
5.81636500644998,2.1470482200399648,0.779820331442989,1.0,0.0,0.0,1.0,0.0
11.352966514282803,0.6668503796857674,1.889358499609602,1.0,1.0,0.0,1.0,0.0
8.636130599947583,0.5697589544263473,0.1313223603223329,1.0,0.0,0.0,0.0,0.0
28.57069723441325,0.0477598958379037,1.4914992913287433,1.0,1.0,0.0,1.0,0.0
0.4699981507051768,20.817200614076015,1.1005277258077426,0.0,1.0,0.0,0.0,0.0
4.880376425841118,0.0363279148511909,3.062958584515237,1.0,1.0,0.0,1.0,0.0
0.8232920695314769,0.4554567154491089,1.0899938837835794,0.0,0.0,0.0,1.0,0.0
0.660473338383876,1.053613193342578,0.4064699444780228,0.0,1.0,0.0,0.0,0.0
4.146790385164035,0.0124646247526068,1.3371810260321222,1.0,0.0,0.0,0.0,0.0
27.812252421101807,0.3417943350403918,1.0231279041174672,1.0,1.0,0.0,1.0,0.0
25.820152434875062,4.990461711257777,1.2060361137959903,1.0,0.0,0.0,1.0,0.0
20.65312600610749,0.6051092896590672,2.2066271227474905,1.0,0.0,1.0,1.0,0.0
21.923025077118645,0.4026524998350015,0.918962657696102,1.0,0.0,1.0,1.0,0.0
2.589112865228607,15.82532795702542,0.2595776773872038,1.0,0.0,0.0,1.0,0.0
24.198248334827493,5.280745817587829,0.6492057593257163,1.0,1.0,0.0,1.0,0.0
17.261875579616508,0.329896932357975,0.3822396602926832,1.0,0.0,0.0,0.0,0.0
4.863962683257406,0.3671796016911185,8.123292627471502,1.0,1.0,0.0,1.0,1.0
13.475429014051926,5.219391946432239,2.9450259527049334,1.0,0.0,0.0,1.0,0.0
99.23977873983618,0.2854931794772318,6.962425419532167,1.0,1.0,0.0,1.0,1.0
4.652386280326879,134.60422286793315,2.271823141220481,1.0,0.0,0.0,1.0,1.0
16.759171511616017,0.6737768461411974,1.0399711892678078,1.0,1.0,0.0,1.0,0.0
18.72556454528324,2.93640962338445,0.5545994454588736,1.0,0.0,0.0,1.0,0.0
1.322504240195361,0.2827092505068804,1.3476328981249976,0.0,0.0,0.0,1.0,0.0
4.409422078256028,0.1140217996765182,0.9779524341369988,1.0,0.0,0.0,1.0,0.0
4.138386854847176,9.626095884371296,0.1961377322750317,1.0,1.0,0.0,1.0,0.0
45.18996789974532,1.8575422925438687,1.2173779392029531,1.0,0.0,0.0,0.0,0.0
204.7399841975973,0.565765840306706,2.1505734609826987,1.0,1.0,1.0,0.0,0.0
8.971848659303648,7.5786424966163395,0.6707360731770151,1.0,0.0,0.0,1.0,0.0
71.80165759699425,0.1488424829010481,1.4005449742292768,1.0,0.0,0.0,0.0,0.0
11.004498900919856,7.472247104155564,0.9494164046428852,1.0,1.0,0.0,1.0,0.0
2.064518809362596,0.7725450671105456,0.4005952790599859,1.0,1.0,0.0,0.0,0.0
16.75167278094034,4.00139757761383,0.391484945636497,1.0,0.0,0.0,1.0,0.0
2.0754814715143834,5.4748263578598895,6.077643854769575,1.0,1.0,1.0,1.0,0.0
14.127516857945867,0.0223949604705319,0.6112338326587061,1.0,1.0,0.0,1.0,0.0
14.893530337886682,11.395050352249756,1.008234379604137,1.0,1.0,0.0,1.0,0.0
5.952484635320484,0.5456364803700466,9.440855322617944,1.0,0.0,0.0,1.0,1.0
44.49465322828832,0.7823012619936511,0.8812423189033254,1.0,0.0,0.0,1.0,0.0
33.88976252777475,0.2075857113333063,2.774331982468341,1.0,0.0,0.0,1.0,0.0
1.888820962634809,1.7598082199990095,3.4953182434181964,0.0,0.0,0.0,1.0,0.0
34.58579568018773,0.0979891953875201,1.2194820001666622,1.0,0.0,0.0,0.0,0.0
8.572095120402464,1.6701165026760545,0.3339783751448705,1.0,0.0,0.0,1.0,0.0
33.09201190333509,1.1132976461417083,0.7894289755537264,1.0,1.0,1.0,0.0,0.0
11.876402255335751,14.40727547567878,0.0392467959422469,1.0,0.0,0.0,1.0,0.0
19.15743932067457,4.410811266369134,0.6330007839667603,1.0,1.0,0.0,1.0,0.0
18.739565751959173,1.3693275625776544,2.7515082621811104,1.0,1.0,0.0,1.0,0.0
1.038011348488767,1.7570964827230848,1.21129696953241,0.0,1.0,0.0,0.0,0.0
18.40660199272389,0.7325971565107989,0.4236222081401905,1.0,0.0,0.0,1.0,0.0
9.100150226364557,0.6498137458803508,1.8015008835057036,1.0,0.0,0.0,1.0,0.0
15.48420368414161,0.9446633771033393,1.6519276094094628,1.0,0.0,1.0,0.0,0.0
27.644150295237708,0.4911686572693777,1.264187062155287,1.0,0.0,0.0,1.0,0.0
341.5537768860217,0.264114220033063,0.3707639353674389,1.0,1.0,0.0,1.0,0.0
5.652463645660251,3.208555247672797,1.216041376106402,1.0,0.0,0.0,1.0,0.0
2.4627373301984683,7.451988807579237,0.9173859118897209,1.0,0.0,0.0,1.0,0.0
570.063543556018,2.1721859698608634,1.732304722472818,1.0,1.0,0.0,1.0,0.0
5.787154407615488,0.1685320222179508,1.1327423799465215,1.0,0.0,0.0,1.0,0.0
1.6581287169643129,0.1899372088463486,0.430357380605407,0.0,0.0,0.0,0.0,0.0
13.657414646157012,0.8685919630727056,1.775749166051574,1.0,0.0,0.0,1.0,0.0
36.05661146741322,0.0763219986766858,0.7809974870433584,1.0,1.0,0.0,0.0,0.0
27.02630752869805,0.3949000369033786,0.3237672826611336,1.0,0.0,1.0,1.0,0.0
5.070932245832484,0.2092558735332161,0.4280472747234409,1.0,0.0,1.0,1.0,0.0
3.481072049922868,0.2718509541642088,0.7809136571854847,1.0,0.0,0.0,0.0,0.0
1.60481731114326,0.6346243730776818,0.9639979440505289,0.0,0.0,0.0,1.0,0.0
15.849422309747704,4.040581777619458,0.6409715934348722,1.0,1.0,0.0,1.0,0.0
32.05915851266924,0.2927704739918168,5.221987501466712,1.0,0.0,1.0,1.0,0.0
0.9893196592043312,4.219511339796716,12.967752587279398,0.0,1.0,0.0,0.0,0.0
5.968538806143086,10.042803615669486,0.3790281881502428,1.0,1.0,0.0,0.0,0.0
9.502261840173716,0.5615702561722531,2.1785780767363327,1.0,0.0,0.0,1.0,0.0
16.943230672439483,0.2303998984906146,2.0979281592121684,1.0,0.0,0.0,1.0,0.0
58.82847878954568,21.901194606958175,5.451145513475715,1.0,0.0,0.0,0.0,0.0
10.784938291918804,0.1452749990243559,0.7574634022381038,1.0,1.0,0.0,1.0,0.0
2.051597904525315,1.1906403986754377,2.4924860329104037,1.0,1.0,0.0,0.0,0.0
13.647441092327323,7.076808083060319,4.476381062096388,1.0,1.0,0.0,1.0,1.0
3.217751778414337,2.3628631635035653,0.3061230473649661,1.0,0.0,1.0,0.0,0.0
4.096117756416218,0.0133203475128507,0.577545570600897,1.0,0.0,0.0,0.0,0.0
3.883184556453529,0.7319398343399822,1.086431265804778,1.0,0.0,0.0,0.0,0.0
0.4943089119078842,0.2345239686769145,1.5922149818563538,0.0,1.0,0.0,1.0,0.0
90.89338311439076,0.346644485508803,1.225311048652611,1.0,1.0,0.0,0.0,0.0
3.9914272930427774,0.9343188803396852,1.998410223384379,1.0,0.0,0.0,1.0,0.0
114.9566242724392,0.6430877462517057,3.879280998500843,1.0,0.0,0.0,0.0,0.0
1.7435311760678254,0.0720409955625235,3.440217509692675,0.0,0.0,0.0,0.0,0.0
3.262861001803166,0.990241990067907,0.8228483915491102,1.0,0.0,1.0,1.0,0.0
13.259934076116696,1.2614867137431829,1.5910968986648797,1.0,1.0,0.0,0.0,0.0
8.056493937099283,2.5177231413798182,0.4889942747885021,1.0,0.0,0.0,1.0,0.0
33.968994502845526,729.9736525883276,0.4462726643389076,1.0,0.0,0.0,1.0,1.0
4.371768901046875,0.0820042231400746,0.241257447750036,1.0,1.0,0.0,1.0,0.0
72.93513187414338,0.231294005696908,2.0963499156110923,1.0,0.0,0.0,1.0,0.0
23.4987453220782,35.514639050397285,0.3442917932674793,1.0,0.0,0.0,1.0,0.0
0.7370277378463738,0.9886250472891104,0.8626181766690751,0.0,0.0,0.0,0.0,0.0
11.98356690268382,0.6220862373822451,0.3133094440730847,1.0,0.0,0.0,1.0,0.0
136.31443733777422,0.2526525736262572,0.9143617055911458,1.0,0.0,0.0,1.0,1.0
2.435399840786909,0.2265764096693723,0.5521398200934227,1.0,1.0,0.0,0.0,0.0
7.142614586060751,5.432470500605717,2.070542837778357,1.0,0.0,0.0,1.0,0.0
11.315709216352872,0.0447566723875036,0.2723853068657764,1.0,0.0,0.0,1.0,0.0
80.03517347096077,37.02032771660612,0.8245229783256666,1.0,1.0,1.0,1.0,0.0
28.453799911181434,0.0871945984550067,0.155897448754501,1.0,0.0,0.0,1.0,0.0
17.507229533340475,0.1139150631763977,0.028711535128983,1.0,0.0,1.0,0.0,0.0
3.178230931489445,0.4617273897799411,0.9841805219804892,1.0,0.0,0.0,1.0,0.0
27.4339293209353,1.156393933180432,0.442107557803405,1.0,1.0,0.0,0.0,0.0
31.243104921518917,4.416968335835308,1.1115036847976965,1.0,1.0,0.0,1.0,0.0
4.772088768972052,0.1110063796633567,0.5874804417661106,1.0,0.0,0.0,1.0,0.0
68.92306026909105,1.951573591165345,4.98637722765655,1.0,0.0,0.0,0.0,0.0
2.842247561446448,8.071544794168508,1.36149843148536,1.0,0.0,0.0,0.0,0.0
8.570881361698676,0.1244523459825962,1.8996834044992064,1.0,1.0,0.0,1.0,0.0
6.694980222077308,3.2596050756603105,0.1869029444807372,1.0,0.0,0.0,0.0,0.0
0.6563253243743018,0.1639341801827826,1.3811036887286618,0.0,0.0,0.0,0.0,0.0
2.08695417166152,3.095243252345337,0.1341494756400443,1.0,1.0,0.0,1.0,0.0
126.42473890793634,1.0234799456716652,1.1696935777683053,1.0,0.0,0.0,1.0,1.0
3.601420396415297,48.1147791709961,0.1769997724005695,1.0,0.0,0.0,1.0,0.0
7.951607357067781,2.2641377432522405,0.2040346895231945,1.0,0.0,0.0,0.0,0.0
0.9802683357683188,0.9388451980141878,0.3287035484421404,0.0,0.0,0.0,0.0,0.0
3.0953296476041983,1.0328100899670098,12.510999762386689,1.0,1.0,0.0,0.0,0.0
7.507148482083339,2.8652028065787603,0.3367371721738686,1.0,1.0,0.0,0.0,0.0
6.882016836301335,1.5433630904239397,2.7844300825412613,1.0,0.0,0.0,1.0,0.0
13.707190055199408,43.75797611779032,1.1568876514316373,1.0,0.0,0.0,1.0,0.0
29.48545101622512,27.23212419547684,0.5737810165838731,1.0,0.0,0.0,1.0,0.0
5.3040046134703696,13.898400247047304,2.207942858496588,1.0,0.0,0.0,1.0,0.0
4.184590123901235,1.0509037830977597,0.3549833151756747,1.0,0.0,0.0,0.0,0.0
23.45184498801872,6.35331922991592,0.6730760669879587,1.0,0.0,0.0,1.0,0.0
8.521501280756258,0.3883568193748383,0.1357306728447841,1.0,1.0,0.0,1.0,0.0
13.13040797068706,1.436639989666237,0.6100933735240969,1.0,1.0,0.0,1.0,0.0
1.583182171941939,39.96330239256485,0.5986014797257727,0.0,0.0,0.0,1.0,0.0
104.42528629482884,42.650566291103104,0.2979083765148862,1.0,0.0,0.0,1.0,1.0
84.93865990462726,4.641254743806283,5.272136903884495,1.0,1.0,0.0,0.0,0.0
4.06537061239329,0.2615894854309252,5.290898252818196,1.0,0.0,0.0,1.0,1.0
5.83512400238567,4.70590882092544,0.8989603183173087,1.0,0.0,0.0,0.0,0.0
1.924430558317975,0.0797540678370748,0.5854537513365233,1.0,0.0,0.0,1.0,0.0
46.73328205591694,0.2219254649932224,0.611596819770942,1.0,1.0,0.0,1.0,0.0
2.930487647425916,0.1465779965817294,2.5394868228682994,1.0,1.0,0.0,1.0,0.0
1.521459858474207,1.4889953878614264,0.5319101443811287,0.0,0.0,0.0,0.0,0.0
326.1765769716769,2.61903790358289,0.6852764770753412,1.0,0.0,0.0,1.0,1.0
10.58871342217169,0.5712563500949823,0.9929873881910688,1.0,0.0,1.0,0.0,0.0
22.533679031044446,3.400621942143514,1.31535480116989,1.0,0.0,0.0,1.0,0.0
13.64710059940031,11.65168917795818,0.0889443942111711,1.0,1.0,1.0,0.0,0.0
5.068277204790045,3.6904849374570494,1.1007045499334769,1.0,0.0,0.0,1.0,0.0
15.093139078815902,0.7255161581007165,1.0602632972246109,1.0,0.0,0.0,1.0,0.0
15.74672151135278,3.807635011449357,2.6694534817071016,1.0,1.0,0.0,1.0,0.0
3.007076514369733,0.0971042677239326,0.3111207500109832,1.0,1.0,0.0,1.0,0.0
8.89799681719183,1.1384798138408094,0.2767229086327248,1.0,1.0,0.0,1.0,0.0
5.813373112520885,155.14164733276553,1.3755502670124553,1.0,0.0,1.0,1.0,0.0
24.81003444474821,0.3176985507562526,3.589038497110675,1.0,0.0,0.0,1.0,0.0
7.391798964248225,5.923227230146874,2.3270613814313093,1.0,1.0,0.0,1.0,0.0
7.327191974318316,0.2434348217401857,0.8890145454628361,1.0,1.0,0.0,1.0,0.0
49.39492155620119,15.210562104467009,0.728831689338929,1.0,1.0,0.0,1.0,0.0
13.838664004600693,0.1679685473747671,1.498931956004378,1.0,0.0,0.0,1.0,0.0
8.149273458895998,4.9431985937499405,0.1138288900541308,1.0,0.0,0.0,0.0,0.0
9.71088677567854,0.9627188293916829,1.231583895813766,1.0,0.0,0.0,1.0,0.0
29.888576329951192,1.023474382702619,0.6559817389380831,1.0,0.0,0.0,1.0,0.0
11.817203098568946,0.6091849278111793,0.8059110793761104,1.0,1.0,0.0,1.0,0.0
3.3122746261696707,6.214607549731013,0.836896361406963,1.0,1.0,0.0,0.0,0.0
0.5795419649445744,0.4194898394977737,1.7993787131264758,0.0,0.0,0.0,1.0,0.0
70.23720493653803,0.0422398734925363,3.2715774122670176,1.0,0.0,0.0,1.0,0.0
11.486559175744096,0.3863721655662321,1.4587774648315608,1.0,1.0,0.0,1.0,0.0
3.609828292277205,1.4390779416712047,2.210728206047257,1.0,0.0,0.0,1.0,0.0
5.901282064668217,0.4780444406039896,0.8771835892834969,1.0,0.0,0.0,0.0,0.0
65.71571152210505,8.687096282069662,2.6695360689228824,1.0,0.0,0.0,1.0,0.0
16.227365135463,1.6657186351569966,0.631329722687392,1.0,0.0,0.0,0.0,0.0
3.6720908745031897,5.445621698739839,0.7589701088081385,1.0,1.0,0.0,1.0,0.0
1.2011966438684631,5.441568590669052,1.4767876989624826,0.0,0.0,0.0,1.0,0.0
56.45393353848643,41.05765625668146,1.052303686439166,1.0,0.0,0.0,1.0,0.0
1.4313576414583924,6.053190373579639,2.12878527037361,0.0,0.0,0.0,1.0,0.0
2.761809783046433,3.257045345972948,6.162816012057702,1.0,1.0,0.0,1.0,1.0
6.40107518581754,0.4850559781522529,2.8700486300107566,1.0,1.0,0.0,1.0,0.0
598.8416590977181,3.171469845306204,2.543442852735821,1.0,0.0,0.0,1.0,1.0
3.5089373901192897,2.008644561709324,0.2579629969227356,1.0,0.0,0.0,0.0,0.0
0.8716305107553608,6.0269441798344925,0.3444705202404941,0.0,0.0,0.0,0.0,0.0
181.27454445189028,4.227979018445176,1.199993443626154,1.0,0.0,0.0,1.0,1.0
6.359727366970682,0.3236621550573327,0.6566162436843841,1.0,1.0,0.0,1.0,0.0
7.346726271791657,3.4319941029855507,0.7431577756478436,1.0,0.0,0.0,0.0,0.0
12.14600244435896,0.1882978352276197,0.5160412478318305,1.0,1.0,1.0,1.0,0.0
7.914123396071201,3.390697286140132,1.3756196672699104,1.0,1.0,1.0,0.0,0.0
7.043680201828617,7.199047940181476,14.500304500979144,1.0,1.0,0.0,1.0,1.0
23.506177596318302,1.940108607940436,10.060857978122067,1.0,0.0,0.0,0.0,0.0
12.439268651258647,0.6101376933923617,0.6419057780488443,1.0,1.0,0.0,1.0,0.0
2.835166851213605,0.0429966666091021,0.2791486518992818,1.0,1.0,0.0,0.0,0.0
30.419813875490863,2.788908095278293,3.6132834740901623,1.0,0.0,0.0,1.0,0.0
2.9959847923164937,0.4010374247322402,1.430131927692833,1.0,0.0,0.0,0.0,0.0
1.5132828101663909,0.9299835368825732,2.382186189796533,0.0,1.0,0.0,0.0,0.0
39.72692671287732,5.570904271283584,1.3428963436806851,1.0,0.0,0.0,1.0,0.0
3.9713675244381306,0.6147371946343141,1.0638538571545335,1.0,0.0,1.0,1.0,0.0
2.200352385789867,0.5282307069780374,3.369409864241389,1.0,0.0,0.0,1.0,0.0
4.231437411380114,0.2840483573117248,1.862543479747559,1.0,0.0,0.0,1.0,0.0
5.575309042567904,0.5929692422519104,1.4911635210313778,1.0,1.0,0.0,1.0,0.0
5.404790169473825,4.764173471622154,0.754529201666123,1.0,0.0,0.0,1.0,0.0
7.467457325744841,0.1677671436849006,0.9705502757426888,1.0,0.0,0.0,1.0,0.0
63.94044639248421,3.083619122626012,0.4064677646327944,1.0,1.0,0.0,0.0,0.0
16.80750239147428,1.6348026574759629,1.9437382475644225,1.0,0.0,0.0,1.0,0.0
11.757376664771074,2.494077840784534,0.3971624821466289,1.0,1.0,0.0,1.0,0.0
1.556217979349692,0.7004893761202475,3.262367789933992,0.0,1.0,0.0,1.0,0.0
2.0336310012116465,15.12241307208553,0.8283774540906819,1.0,0.0,0.0,1.0,0.0
4.898158821932896,18.016669890078266,2.163881473189788,1.0,0.0,0.0,1.0,0.0
45.76419235446689,0.657940320620284,6.234423508341092,1.0,1.0,0.0,0.0,0.0
3.0776401872315327,0.1473463933259105,3.3189619739023946,1.0,0.0,0.0,1.0,0.0
12.012993274982662,0.0747675517212609,4.964583427491626,1.0,0.0,0.0,1.0,1.0
8.723699115127628,2.075371876324361,0.3683589929256201,1.0,0.0,0.0,1.0,0.0
2.333833157104783,0.3919480761170458,0.2668707284638196,1.0,1.0,0.0,0.0,0.0
0.9974283140148584,0.6867281458181065,0.6447743199318482,0.0,1.0,0.0,1.0,0.0
15.693826826053693,0.0255257166054385,0.3901980624479391,1.0,0.0,0.0,1.0,0.0
1.7567251683909162,0.2419035416551568,2.375013838676165,0.0,0.0,0.0,0.0,0.0
12.954579049616076,0.8482754547405306,1.0142524887893305,1.0,0.0,0.0,1.0,0.0
15.891698502125251,1.2763375089928215,0.3619088129658943,1.0,0.0,0.0,0.0,0.0
8.910452152755015,0.2940765372778064,0.7753392344987532,1.0,0.0,0.0,0.0,0.0
72.56962580193195,2.012196802106608,3.4269636896789213,1.0,0.0,0.0,0.0,0.0
6.550498959741819,37.09472250341514,0.3150788359494161,1.0,0.0,0.0,1.0,0.0
4.424086100569183,0.4783825075773059,0.655733550740336,1.0,0.0,0.0,0.0,0.0
10.06147871065655,0.0509125537108181,2.878274147783656,1.0,0.0,1.0,0.0,0.0
9.898502616048663,0.3367669394784339,0.5603565310259688,1.0,0.0,0.0,1.0,0.0
0.7755146860079268,0.9284823787599702,0.7747527371771764,0.0,0.0,0.0,1.0,0.0
1.5368301589014373,0.0563890015018669,0.8590052083959117,0.0,0.0,0.0,1.0,0.0
15.029757855278984,0.6100932836680143,1.8285394402143027,1.0,0.0,0.0,1.0,0.0
0.4130124221718273,1.673206739054789,2.332175328444524,0.0,0.0,0.0,1.0,0.0
2.1370332110476085,2.5928350975037757,2.733798892341936,1.0,0.0,1.0,1.0,0.0
0.2407383814363974,0.2133139896781873,0.2250567383603739,0.0,1.0,0.0,1.0,0.0
22.72854921817344,2.878427799998021,0.2117030589778684,1.0,1.0,0.0,1.0,0.0
20.597665384400223,0.216895334599575,0.3713538594832415,1.0,1.0,0.0,1.0,0.0
2.020369496611517,0.7851206094511969,0.5870654472083081,1.0,0.0,0.0,1.0,0.0
2.764250119035873,3.1459451164156578,0.8318993694092488,1.0,0.0,0.0,1.0,0.0
2.6141537660316856,2.0819775858920555,1.7973467085494843,1.0,0.0,0.0,0.0,0.0
3.0253686362205423,0.5316510431172273,0.6654348284250072,1.0,1.0,0.0,1.0,0.0
264.00019534930703,0.842294868368843,17.868126594427874,1.0,1.0,0.0,0.0,1.0
1.229848600299596,5.0377024837043125,1.192693982627722,0.0,0.0,0.0,1.0,0.0
11.234329404141151,0.5829494142040738,1.4649179887785355,1.0,1.0,0.0,1.0,0.0
5.61558546603683,0.0544492705416205,1.3237267345069812,1.0,1.0,0.0,1.0,0.0
5.276444576665504,0.0914809735124313,0.5405205597637355,1.0,0.0,0.0,1.0,0.0
7.025127889738233,1.965202732274694,1.4513169048458727,1.0,0.0,1.0,1.0,0.0
31.8805385913868,0.7053909489301263,1.8506850668417716,1.0,1.0,1.0,0.0,0.0
12.83724238885037,13.521138487122908,1.286450222618933,1.0,0.0,1.0,1.0,0.0
245.70322722898504,9.269515060965071,1.2472404342559535,1.0,0.0,0.0,1.0,1.0
97.44315321763166,0.4245604704212042,3.523408440484189,1.0,0.0,0.0,1.0,0.0
4.695948653482008,15.105519842625853,1.253682385376543,1.0,0.0,0.0,0.0,0.0
96.37356752256792,1.5334644858893762,1.5973416920274424,1.0,0.0,0.0,0.0,0.0
8.302973443276287,1.157914862980901,0.2466183582841606,1.0,0.0,0.0,1.0,0.0
31.68104014305627,13.719362601963908,0.5393715111614371,1.0,1.0,0.0,1.0,0.0
7.474486259237621,1.2578302648495905,9.62960992492643,1.0,0.0,0.0,0.0,0.0
4.983490496357787,7.1641732873177,1.80480118093256,1.0,0.0,0.0,1.0,0.0
3.694256386003529,1.562775644944672,2.4959909564996945,1.0,0.0,0.0,1.0,0.0
18.975580897178634,1.0021823409586157,2.964843761251921,1.0,0.0,0.0,0.0,0.0
46.2496161974337,0.6345332164904991,0.0841897346582709,1.0,0.0,0.0,1.0,0.0
8.422648735530007,2.596789760865549,0.3609675432488032,1.0,0.0,1.0,1.0,0.0
2.0827448155086272,0.4588763397904474,1.1995159910305722,1.0,0.0,0.0,1.0,0.0
11.236569230048625,3.2565182348012707,0.6659528951399241,1.0,0.0,0.0,0.0,0.0
1.5671022650201714,3.788569921940614,0.3936895887224222,0.0,0.0,1.0,1.0,0.0
23.150305691284903,0.3476466950627567,3.935169268671777,1.0,0.0,0.0,1.0,0.0
7.520276396602794,2.300987427723382,1.279482513715929,1.0,0.0,0.0,1.0,0.0
2.3843365743277527,0.5339970736059408,0.3835642841910192,1.0,0.0,0.0,1.0,0.0
25.43396925595733,0.8459538174079272,0.2091402509130792,1.0,0.0,0.0,1.0,0.0
15.270506541010183,0.0580671257987971,0.5578605029134678,1.0,0.0,1.0,1.0,0.0
44.09690375969979,0.3202519294165408,0.2026287070250185,1.0,1.0,0.0,1.0,0.0
10.628920862911956,0.92951033739743,1.8697300846695224,1.0,0.0,1.0,1.0,0.0
17.137633793427394,0.1204554779789029,2.351559270434969,1.0,0.0,0.0,1.0,0.0
66.78269681266136,0.1523996878446613,1.5470907200805213,1.0,0.0,0.0,0.0,0.0
3.971012394850256,14.385394967545109,1.9212001056301249,1.0,0.0,0.0,0.0,0.0
29.296967581688296,0.1630879770339439,0.3291767897316463,1.0,0.0,0.0,1.0,0.0
4.408510246372919,0.4746357051700303,0.3115778148513201,1.0,1.0,1.0,1.0,0.0
4.35280467526339,1.093422902972489,1.097933627459438,1.0,0.0,0.0,0.0,0.0
5.893649657102388,1.34267982408947,0.8203998406103556,1.0,0.0,0.0,1.0,0.0
14.349383508966683,0.1474797618378289,2.037572998693348,1.0,1.0,0.0,0.0,0.0
40.854565491456064,0.0555887649835125,0.3125343417350395,1.0,0.0,0.0,1.0,0.0
0.5815211893780703,1.749932092176716,1.0034316543984736,0.0,1.0,0.0,1.0,0.0
12.44821460228711,0.1860411742019465,1.8087037472351013,1.0,1.0,0.0,1.0,0.0
63.17362435840174,0.5724976714334516,2.696332269828912,1.0,0.0,0.0,0.0,0.0
2.9104547082322307,0.3049113459822011,0.3662695160042385,1.0,0.0,0.0,1.0,0.0
5.258392920185017,0.1919093804229512,1.4337358205758235,1.0,1.0,0.0,1.0,0.0
17.413865605070338,2.2883044198337004,1.8576079847159996,1.0,0.0,0.0,1.0,0.0
19.34534083413891,0.0138271097735314,6.824580500946209,1.0,0.0,0.0,1.0,1.0
8.506911633051212,0.9495134974845416,5.341691111714158,1.0,0.0,0.0,0.0,0.0
71.12241241423611,1.3832445120908463,7.251311553511538,1.0,0.0,0.0,0.0,0.0
7.80931949706033,2.8855708719220803,0.726956292976697,1.0,0.0,0.0,1.0,0.0
1.8404300861647145,0.0766692775364246,1.0867290416647954,0.0,0.0,0.0,1.0,0.0
2.6040275458126447,1.8354264480576603,1.6254945658096134,1.0,1.0,1.0,1.0,0.0
9.9970377518899,2.608390332056451,0.342991219563487,1.0,0.0,0.0,1.0,0.0
5.203917897139921,0.042123335272018,0.2467370727972924,1.0,1.0,0.0,1.0,0.0
3.973193740771361,0.677383115321295,0.0896833269794847,1.0,0.0,0.0,0.0,0.0
6.299073493437051,1.1903941196065706,0.3980002927889729,1.0,0.0,0.0,1.0,0.0
9.76547310150083,12.05499124171623,2.317420002622627,1.0,0.0,0.0,1.0,0.0
6.1245539788778345,0.5823968094656735,1.6167688010646848,1.0,0.0,0.0,1.0,0.0
1.796895515733195,0.594256099686022,4.647424719372796,0.0,1.0,0.0,0.0,0.0
12.286211029862908,7.297883635780665,3.199912772216117,1.0,0.0,0.0,0.0,0.0
28.398384508944982,0.1214998759740914,4.691287125038168,1.0,0.0,0.0,0.0,0.0
4.686223944318128,0.4468196704881557,5.075490997208877,1.0,1.0,0.0,1.0,1.0
196.11428412968917,1.856825204611526,8.428620116132143,1.0,1.0,0.0,0.0,1.0
32.0500283913786,1.6943145288275787,1.720655496221906,1.0,0.0,0.0,0.0,0.0
38.886109174820994,0.3817234832103518,0.2748185575340876,1.0,0.0,0.0,0.0,0.0
9.51706344437407,0.0514972563407021,0.3948998211326192,1.0,0.0,0.0,0.0,0.0
16.44846781584896,13.028893286237029,0.4856816219405402,1.0,1.0,0.0,1.0,0.0
68.41662874892953,0.4486106145862251,8.198098319750082,1.0,0.0,0.0,0.0,0.0
2.468348097562117,0.2400976233470992,0.968177115774832,1.0,0.0,0.0,0.0,0.0
1.8928060378848244,0.5861121370922732,2.646524390360713,0.0,1.0,0.0,1.0,0.0
2.0238767789295333,15.423051115655053,0.5636852464292902,1.0,0.0,0.0,0.0,0.0
15.989568599714303,1.3029566201484877,0.6436593656270836,1.0,1.0,0.0,0.0,0.0
14.110701739925055,0.0516480505943061,3.1232555237756574,1.0,1.0,0.0,0.0,0.0
3.2674464234038894,0.7464621858993419,1.945183780233823,1.0,0.0,0.0,1.0,0.0
40.79622269397846,29.79774798406233,0.1233188315229202,1.0,0.0,0.0,1.0,0.0
23.8211667330358,3.8361660405494047,1.941496571578766,1.0,0.0,0.0,0.0,0.0
2.834574608866116,1.4724335447906642,0.0979439527286413,1.0,0.0,0.0,1.0,0.0
8.225295809731831,1.5105863610235692,0.4417115388265179,1.0,0.0,0.0,1.0,0.0
22.318641682139624,0.0338138331846625,2.8029461962553506,1.0,1.0,0.0,0.0,0.0
6.82747403490094,0.2588796513395705,0.138265574735303,1.0,0.0,1.0,0.0,0.0
44.19681111429412,91.37017692683597,0.3973577607027943,1.0,1.0,0.0,0.0,0.0
21.877544203044057,0.6606938313545077,0.6445227149146797,1.0,0.0,0.0,1.0,0.0
0.4366971441888488,0.6092349129631461,0.2821140960351316,0.0,0.0,0.0,0.0,0.0
33.44236803027035,2.4928689363055327,2.114860513454807,1.0,0.0,0.0,0.0,0.0
107.31968671410873,0.2235819672538991,0.5639369317203965,1.0,0.0,0.0,0.0,0.0
20.90245036836643,0.3397291286367103,0.3564310707708999,1.0,0.0,0.0,1.0,0.0
37.34198172405523,3.415495016059628,0.2353030861210117,1.0,1.0,0.0,1.0,0.0
17.55033776357219,0.5684671603629772,0.4561168709772085,1.0,1.0,0.0,1.0,0.0
17.176500060524692,2.090305669791067,10.111535301467686,1.0,1.0,0.0,0.0,0.0
1.4522935598511508,3.32451382949118,1.3941070214012723,0.0,0.0,0.0,0.0,0.0
4.791564167989617,0.0409344530716067,1.156172994433497,1.0,0.0,0.0,1.0,0.0
18.535909938323613,18.8811583768819,3.773979120972126,1.0,0.0,0.0,1.0,0.0
6.3211742619029225,0.2112729635016118,0.661384537280171,1.0,0.0,0.0,1.0,0.0
6.656348167212351,2.562488526602859,1.1890909913782994,1.0,1.0,0.0,1.0,0.0
7.461533024566996,0.395338498996106,1.292460527242639,1.0,0.0,0.0,1.0,0.0
16.21854686247471,0.2035386668425104,0.1552887696967886,1.0,0.0,0.0,1.0,0.0
76.96663176293694,12.295784171829808,9.163821749393096,1.0,0.0,0.0,1.0,1.0
9.488311677660104,1.4226575622979214,3.464082682148173,1.0,1.0,1.0,0.0,0.0
1.4381628864460072,3.0257651139256896,2.1554633140595296,0.0,0.0,0.0,0.0,0.0
9.8568787555636,5.697639181641777,0.3340735032645284,1.0,1.0,0.0,1.0,0.0
16.177136770194803,1.2257642472355097,0.8469404200524081,1.0,0.0,0.0,1.0,0.0
29.04329421748616,0.2396028876914379,2.1675934670651325,1.0,1.0,0.0,0.0,0.0
0.4441700469923498,2.4735022314917967,3.1523125581816127,0.0,0.0,1.0,1.0,0.0
97.41716525416244,0.1116256034962573,1.3857591420109288,1.0,1.0,0.0,1.0,0.0
29.51230090932924,67.90761525245935,4.29525269281607,1.0,0.0,0.0,1.0,1.0
6.515237507568835,0.1193302046529733,4.813469211204326,1.0,1.0,0.0,1.0,1.0
27.988871173066293,0.1217760977034452,0.5973140102808063,1.0,0.0,1.0,1.0,0.0
9.727872716947504,0.0418667413227224,4.352259377717078,1.0,1.0,0.0,1.0,1.0
3.3762965323704246,1.859750932811293,3.020078613034951,1.0,0.0,0.0,1.0,0.0
44.55420022042712,0.2200959575947354,0.1533649229253717,1.0,0.0,0.0,1.0,0.0
30.235635539695856,0.0826532954761704,0.2369568780298203,1.0,0.0,0.0,1.0,0.0
42.31281754925229,0.130590219678384,2.6562501626103767,1.0,0.0,0.0,0.0,0.0
11.517672142968872,0.1694199049866611,0.848128331367859,1.0,0.0,0.0,0.0,0.0
76.23741792653476,0.1900255714794052,1.90002002465142,1.0,0.0,0.0,1.0,0.0
6.222053257046004,0.7931069760317891,1.0998763382535657,1.0,0.0,0.0,1.0,0.0
47.75260509365254,0.0508340257114485,0.5100516783949421,1.0,0.0,0.0,0.0,0.0
3.481035314163022,0.3664963942182566,1.5423126982717594,1.0,0.0,0.0,1.0,0.0
17.206290423957945,0.7036966210881519,0.3703841621031484,1.0,0.0,0.0,1.0,0.0
13.34909669094487,9.611120848527552,1.463408474941256,1.0,1.0,0.0,1.0,0.0
3.931380197018272,0.3133598143402281,0.6292857271858497,1.0,0.0,0.0,1.0,0.0
8.409507569464525,1.030606404261614,1.8315246957858136,1.0,0.0,0.0,1.0,0.0
22.21781597733632,0.1780703656029947,1.4092640347357248,1.0,0.0,0.0,1.0,0.0
0.3264853640355078,2.877117640251501,0.1205377785557634,0.0,1.0,0.0,1.0,0.0
1.7111836860470429,1.1509963241853696,1.137221252142399,0.0,0.0,0.0,0.0,0.0
253.3024193294097,0.0997288983067846,1.821538555476489,1.0,0.0,0.0,1.0,1.0
28.89846983763577,1.0027936947861764,0.2352812282482118,1.0,0.0,0.0,1.0,0.0
38.44422768176575,0.646268118845655,1.2014175757669037,1.0,1.0,0.0,0.0,0.0
42.34625691069414,2.1259772250779125,0.8500397233013044,1.0,0.0,0.0,0.0,0.0
3.12231126749998,3.091537520240194,5.625036701385594,1.0,0.0,0.0,0.0,0.0
70.27269773689338,0.3077615759528437,14.03834094136212,1.0,0.0,0.0,1.0,1.0
102.27767084836138,0.6000185682104644,9.347766345885775,1.0,1.0,0.0,1.0,1.0
5.014422142120133,2.999562686723857,0.1513924675042439,1.0,0.0,0.0,1.0,0.0
3.9853935673282894,1.6032493235765957,0.2017609794351044,1.0,0.0,0.0,1.0,0.0
14.681707548189198,0.6501545645670852,0.2132074483991338,1.0,1.0,1.0,0.0,0.0
5.85504440291303,7.240286897288874,4.728131946609348,1.0,0.0,0.0,1.0,1.0
41.39338601254994,0.3450563142909695,0.1889721861729138,1.0,1.0,1.0,0.0,0.0
30.03523478566518,1.1935635303957794,0.6149475987183203,1.0,1.0,0.0,1.0,0.0
3.666724519238541,8.410953146966547,2.494129981959984,1.0,1.0,0.0,1.0,0.0
234.32315679207755,0.3910282326706046,1.661658075092729,1.0,1.0,0.0,0.0,0.0
17.101282262142114,36.93404091768566,2.7373970015889806,1.0,1.0,0.0,1.0,0.0
31.802813659102203,0.1231617011486193,0.9780684215097282,1.0,0.0,0.0,1.0,0.0
50.2412093617857,11.848029765659348,2.8736931870309634,1.0,1.0,1.0,1.0,0.0
8.023368183148195,0.1699052491561618,0.721379334138639,1.0,1.0,0.0,1.0,0.0
4.801015322369574,2.530062346900827,0.6916072910003299,1.0,1.0,0.0,0.0,0.0
22.944019139324972,0.8099498886732822,27.02214530945052,1.0,0.0,0.0,1.0,1.0
14.540617580548496,0.620070558150219,0.2836395569738416,1.0,0.0,0.0,1.0,0.0
5.520944872199928,0.7856611842021507,0.5233303695050019,1.0,0.0,0.0,0.0,0.0
67.58487007773213,6.403816639136856,0.6979326335817627,1.0,1.0,0.0,0.0,0.0
85.57853896449387,0.0191096973919533,14.839719201859522,1.0,0.0,0.0,1.0,1.0
3.43071871344687,1.6211521593855729,0.3812397984754389,1.0,1.0,0.0,0.0,0.0
14.34504772663605,0.2709761842592308,0.18183874868133,1.0,0.0,0.0,1.0,0.0
28.53345270274458,0.2382955974716585,0.3305811991893448,1.0,1.0,0.0,0.0,0.0
29.98940296145558,1.0132539561497498,1.201049325982176,1.0,0.0,0.0,1.0,0.0
10.579625504519164,2.105913196496071,0.2175048035193083,1.0,0.0,0.0,0.0,0.0
22.239163427428863,0.8889163112762455,0.3330967248132801,1.0,0.0,0.0,1.0,0.0
3.7305711772284655,0.0047546649251789,0.4044676838404521,1.0,0.0,0.0,0.0,0.0
4.351066114484388,0.7503493864617267,1.1906985496208016,1.0,0.0,0.0,1.0,0.0
86.75484136386575,1.531145073756193,35.704024879939965,1.0,0.0,0.0,1.0,1.0
5.438641937971309,19.194116591256694,1.0166274360135057,1.0,1.0,0.0,1.0,0.0
21.119115786299524,0.0996256831387138,3.145631318768642,1.0,0.0,0.0,1.0,0.0
2.758693633770541,0.2623037722159596,1.2552268393938726,1.0,0.0,0.0,0.0,0.0
5.944590541221595,26.02109860480737,0.6635361019623042,1.0,0.0,0.0,1.0,0.0
12.15711131825488,1.5004544964523476,2.093091439545632,1.0,0.0,1.0,1.0,0.0
91.75716586599292,0.0651447701635502,0.3045716528075853,1.0,1.0,0.0,0.0,0.0
53.93439125025394,0.1012369659974966,0.2188930271847092,1.0,1.0,1.0,0.0,0.0
59.80039731305676,0.7803216108115228,0.5605828164038774,1.0,0.0,0.0,1.0,0.0
22.76032846592017,10.705122194342126,0.2999134874270681,1.0,0.0,0.0,1.0,0.0
3.098184094985778,0.3734791390365933,2.1149693328169192,1.0,0.0,0.0,1.0,0.0
80.28890986954906,8.39332505973592,4.639330933478019,1.0,0.0,0.0,1.0,1.0
14.42741972445,1.0447433899607603,0.8765048827062509,1.0,1.0,0.0,1.0,0.0
51.43644999509183,25.340483630792345,12.102279716693957,1.0,1.0,0.0,0.0,0.0
16.272131929025207,0.2883189055869691,0.1176634781924189,1.0,0.0,0.0,0.0,0.0
1.6667838165434452,0.8268578684896807,2.97531300896938,0.0,0.0,0.0,1.0,0.0
20.00353328689279,8.752020216146661,1.6513910947495891,1.0,0.0,1.0,0.0,0.0
3.4434971926855544,0.3538552655149729,2.008681905326464,1.0,1.0,0.0,1.0,0.0
107.47355895720784,0.1714915896557262,2.1383785168631526,1.0,0.0,0.0,1.0,1.0
5.118315891987721,0.2838150677277427,0.3701216693120426,1.0,0.0,1.0,0.0,0.0
12.796503383257573,0.0757504112394285,1.5650787362089664,1.0,1.0,0.0,0.0,0.0
2.3575078708454416,0.0788364759604905,0.993269328609361,1.0,0.0,0.0,1.0,0.0
23.53906604424037,1.3825861306830856,0.6584477731741041,1.0,1.0,1.0,0.0,0.0
7.427261015908604,0.316984672747812,0.3606215607934738,1.0,1.0,0.0,1.0,0.0
5.769360288695234,2.9913415553560583,0.6408948181343772,1.0,1.0,0.0,0.0,0.0
5.796428559417457,0.5294370938284637,1.3897899058110612,1.0,0.0,0.0,0.0,0.0
3.3722102649738703,3.029321325574452,0.4876931249433172,1.0,0.0,1.0,1.0,0.0
2.939618508149312,0.1482882816208299,3.762176771865546,1.0,1.0,0.0,1.0,0.0
9.899155091824769,2.077184619128137,1.3779676996185333,1.0,0.0,0.0,0.0,0.0
0.2433315900347923,0.4601887784600875,0.7346256691159391,0.0,0.0,0.0,1.0,0.0
5.4697111451907325,0.5365263085153102,0.1915516693694922,1.0,1.0,0.0,1.0,0.0
9.77972690431606,1.2640314338298229,1.0851061754022775,1.0,0.0,0.0,1.0,0.0
5.858032265955617,2.059939678086619,0.7287839956038207,1.0,0.0,0.0,1.0,0.0
1.847550700010021,0.291817771956356,1.555113898148859,0.0,0.0,0.0,1.0,0.0
35.84260419280696,0.2377006674949918,0.3926958204653523,1.0,1.0,0.0,1.0,0.0
1.6607501369788658,0.4960682410147051,0.3040327413951713,0.0,0.0,1.0,0.0,0.0
10.395987682866366,1.206285481279988,0.359702431517909,1.0,0.0,0.0,1.0,0.0
11.653337130082893,0.3744694823225327,0.1485904599302344,1.0,1.0,0.0,0.0,0.0
3.824879999465003,0.0801902095294319,0.5919925158809783,1.0,1.0,1.0,0.0,0.0
18.42925711510276,0.0735864111052475,1.7087913738250553,1.0,0.0,0.0,1.0,0.0
10.87088101366883,2.9903011183888557,3.7066508471923942,1.0,0.0,0.0,0.0,0.0
35.27793994707072,2.0355554360719736,0.5863394343744751,1.0,1.0,1.0,0.0,0.0
2.518613060798187,0.1362749250080397,0.6414053189254879,1.0,1.0,0.0,1.0,0.0
2.912011498390083,0.1328224481162285,1.022792687289048,1.0,0.0,0.0,1.0,0.0
16.204961875007015,14.83312131979672,0.1933921549965969,1.0,1.0,0.0,1.0,0.0
1.0160677574738182,5.230570538846688,2.541408252869902,0.0,1.0,0.0,0.0,0.0
19.453130947318662,0.2447446874148179,1.6937640171131012,1.0,0.0,0.0,0.0,0.0
7.55280247181128,0.0951532506282585,12.096473195405803,1.0,0.0,1.0,0.0,0.0
170.67558451575047,0.3537848121765164,0.6207128486609407,1.0,0.0,1.0,1.0,0.0
2.4137856237819486,0.2966380927572477,0.8339351407602756,1.0,1.0,0.0,1.0,0.0
17.00786979760181,0.0169183391606226,3.772064849013366,1.0,1.0,0.0,1.0,0.0
4.739001223925146,2.7638945320892585,3.456688849018266,1.0,1.0,1.0,0.0,0.0
5.519976880474094,5.098866558743713,0.2167759727754126,1.0,0.0,0.0,1.0,0.0
4.629641219711264,0.5574428579127527,0.7194910060379239,1.0,1.0,0.0,1.0,0.0
0.5390423603207727,1.0872989044364587,5.166660293090137,0.0,0.0,0.0,1.0,1.0
2.301666957748279,0.3917218868100625,0.8346841755379283,1.0,0.0,0.0,1.0,0.0
4.636888308920214,0.919774239581484,0.1940326832207043,1.0,0.0,1.0,1.0,0.0
33.53373688336915,0.2542761408983033,0.0692826078730578,1.0,0.0,0.0,0.0,0.0
8.688954709265298,0.2748466412714228,2.2844000863676497,1.0,1.0,0.0,1.0,0.0
131.87022796681433,0.7013607852628349,0.2369031567873248,1.0,1.0,1.0,1.0,0.0
24.238216396474265,0.3647071673119604,1.9929606661886832,1.0,0.0,0.0,0.0,0.0
3.280690547464084,0.0743843515390857,0.2507899521608271,1.0,0.0,0.0,1.0,0.0
4.909995139614355,0.3580967791064764,1.3892292709322542,1.0,0.0,0.0,0.0,0.0
27.480873778257696,5.087740905003546,2.6384126451923717,1.0,1.0,0.0,1.0,0.0
43.75861799425141,30.067422790604613,1.782906861916178,1.0,1.0,0.0,1.0,0.0
10.53307000327768,1.939455428143373,1.0786225870561368,1.0,0.0,0.0,1.0,0.0
20.325404868721023,2.9216284500680985,0.2528188721329685,1.0,0.0,0.0,0.0,0.0
55.41615561619234,0.2606735825199083,0.4068270991483059,1.0,1.0,0.0,0.0,0.0
22.071719538385388,0.1267421482356881,1.321107396454583,1.0,0.0,0.0,1.0,0.0
9.044078627096896,0.3367274168978164,0.1601409022888756,1.0,1.0,0.0,1.0,0.0
10.156728837983303,2.036348313993567,2.0540589262110696,1.0,1.0,0.0,1.0,0.0
40.02608105958404,9.68388613085816,0.2082616252633911,1.0,1.0,0.0,1.0,0.0
4.626073045909455,1.3186085813631043,11.402661549809668,1.0,1.0,0.0,1.0,1.0
35.46091242126472,0.8704946281796464,1.0065132523554543,1.0,0.0,0.0,0.0,0.0
0.4653206775511576,1.408033229218218,1.3187680635372985,0.0,1.0,0.0,1.0,0.0
7.50297618112727,2.1311326009537046,0.7670573688466942,1.0,0.0,1.0,1.0,0.0
11.411421507497051,14.37986912170332,3.615496630033542,1.0,0.0,0.0,0.0,0.0
40.41800343783977,0.2087986240297176,0.7267246438102037,1.0,0.0,0.0,0.0,0.0
32.3132108340651,8.321408504698049,0.689606029282843,1.0,1.0,0.0,1.0,0.0
8.060448251053204,10.198943327003173,0.8293324627929407,1.0,1.0,0.0,1.0,0.0
17.50991735006026,0.0472271804640346,1.0300341911327409,1.0,1.0,0.0,0.0,0.0
2.7398999185715733,1.1567052949028611,1.0505731453678435,1.0,0.0,0.0,1.0,0.0
51.50955393732236,1.034214762945964,3.831505837201549,1.0,0.0,0.0,0.0,0.0
10.871834788722742,1.5636639126790584,3.129853834406683,1.0,1.0,0.0,0.0,0.0
11.308274124256048,0.5674053624042917,2.444509934989248,1.0,1.0,1.0,1.0,0.0
6.415074062056687,0.8678913715917128,0.6791086744006865,1.0,0.0,0.0,0.0,0.0
21.622720330385672,5.634764302605176,0.8961866133978984,1.0,0.0,0.0,0.0,0.0
8.18861444907976,18.85849238672644,0.6836627498421992,1.0,1.0,0.0,1.0,0.0
2.1046710405488267,3.0584568743027902,0.1252544692812077,1.0,0.0,0.0,0.0,0.0
3.2022483530016013,0.7810276880584492,2.10881529809561,1.0,1.0,0.0,1.0,0.0
13.086062642421195,1.1915287198239286,0.901497969019282,1.0,0.0,0.0,1.0,0.0
2.4170262367116027,0.7717030195348731,0.8938861915424037,1.0,0.0,0.0,0.0,0.0
7.183967704814178,0.156775014575258,0.4594482899114949,1.0,0.0,0.0,1.0,0.0
61.52650365283861,0.9136312418530912,0.5558339950676702,1.0,1.0,0.0,1.0,0.0
2.28628115543141,14.753715838115498,0.2825681661815126,1.0,1.0,0.0,0.0,0.0
8.912627969133856,0.0351580744308523,0.7462765057643224,1.0,0.0,1.0,1.0,0.0
5.76932162824109,26.70108728114906,0.5256706479736213,1.0,0.0,0.0,1.0,0.0
14.092055884897771,6.52626248729227,0.1631926993886727,1.0,0.0,0.0,1.0,0.0
15.13415472012713,1.15103450271546,0.876468430514366,1.0,0.0,0.0,1.0,0.0
8.377468003315192,0.5452351402850838,1.034125287451121,1.0,1.0,0.0,0.0,0.0
0.3711978609916104,0.0491198929188086,0.1667515569385525,0.0,1.0,0.0,1.0,0.0
3.4861303169532314,0.0380587123209144,2.2157567044793978,1.0,0.0,0.0,0.0,0.0
4.561241714868622,104.52001252521286,2.2233936795108105,1.0,0.0,0.0,1.0,1.0
0.5289994467403756,1.217104768176297,0.3527989066814603,0.0,0.0,0.0,1.0,0.0
5.959457691244361,0.0736067670588246,0.3202495177754814,1.0,0.0,0.0,1.0,0.0
0.4559744457803093,0.5472081279448299,0.6286838658795155,0.0,0.0,0.0,1.0,0.0
8.76459067708963,12.187180755340195,0.5043782763013345,1.0,0.0,0.0,0.0,0.0
3.201706016142917,1.993947648761013,6.64408979955755,1.0,0.0,0.0,0.0,0.0
6.644084145882446,2.397291945979985,2.7719765961488507,1.0,0.0,0.0,1.0,0.0
10.320942508715852,0.2131262347580602,1.0542502396978126,1.0,0.0,0.0,0.0,0.0
575.0354440292605,9.56737989642447,1.3639282848822276,1.0,1.0,0.0,1.0,0.0
2.0803593398215807,0.4626105447593516,2.656359025238975,1.0,1.0,0.0,0.0,0.0
22.690978329136858,3.3097180810418383,0.4134639124410419,1.0,0.0,0.0,1.0,0.0
14.140651435705822,21.41517636249504,0.4309692468494642,1.0,0.0,0.0,1.0,0.0
3.370288289629351,4.548492377417994,8.40065237456941,1.0,0.0,0.0,1.0,1.0
1.6516765494398775,11.677848929437475,1.056961987217961,0.0,1.0,0.0,0.0,0.0
87.01084733059044,0.3561351121697087,0.7933824830497488,1.0,1.0,0.0,1.0,0.0
8.802562843188857,0.4494864561253599,0.1797936469346741,1.0,1.0,0.0,1.0,0.0
5.653063210860913,3.570940177652962,0.8330082832073208,1.0,1.0,0.0,1.0,0.0
6.293301169930497,1.6989454775512811,6.8301388955669085,1.0,1.0,0.0,0.0,0.0
5.005884212201694,0.1111651318626916,1.053181311671906,1.0,0.0,0.0,1.0,0.0
27.531488064604996,0.5267141290928901,0.8758566422411779,1.0,1.0,0.0,1.0,0.0
22.618234045338905,61.73150474060549,2.235775599353386,1.0,0.0,0.0,1.0,1.0
2.5795393625480183,1.7214683401594748,0.5959713529240412,1.0,0.0,0.0,1.0,0.0
3.317064745614286,12.358892668426035,1.305756800132812,1.0,0.0,0.0,1.0,0.0
38.02657227234275,0.0332257334573997,26.126355702416223,1.0,0.0,0.0,0.0,0.0
17.312202342281484,0.2031848017020021,0.304355960905551,1.0,1.0,1.0,1.0,0.0
3.435843843831993,0.0655874813404937,2.7459032132423737,1.0,0.0,0.0,1.0,0.0
84.31960613346563,1.736487631566301,0.1141342330414812,1.0,0.0,0.0,1.0,0.0
6.978106880653228,2.965323541252975,2.1850150389728182,1.0,1.0,0.0,1.0,0.0
0.5604026293200012,0.0258118382357449,0.8803922919233355,0.0,0.0,0.0,1.0,0.0
11.903710436588923,3.7028515497414807,4.846903636393827,1.0,0.0,0.0,1.0,1.0
36.002962411134824,0.3713247853206918,21.638171924224118,1.0,0.0,0.0,0.0,0.0
294.6652358142971,0.1207797158362928,0.6870090593639773,1.0,0.0,0.0,1.0,1.0
12.367910361484544,3.8882658816338425,1.6714762281893507,1.0,0.0,0.0,0.0,0.0
11.972791482317511,20.014441926179725,2.7458441497920694,1.0,0.0,1.0,0.0,0.0
225.85931020620168,0.4104683302950338,0.8531840749414422,1.0,1.0,0.0,1.0,0.0
6.693152113296604,2.9764614147199717,2.00750469442664,1.0,0.0,0.0,0.0,0.0
16.257402552365306,0.7655991488697095,1.6839351953475468,1.0,0.0,0.0,1.0,0.0
2.8651721515838764,7.093967729835986,4.055588259929762,1.0,0.0,0.0,1.0,1.0
6.926137133747351,12.174386681092606,1.0106857454056115,1.0,0.0,0.0,1.0,0.0
12.391362758189668,1.0107352338915394,1.2081961695832344,1.0,0.0,0.0,1.0,0.0
8.665320840332514,0.3636381350962155,0.5766392746710609,1.0,1.0,0.0,1.0,0.0
8.458809883298539,0.4945982020017426,1.776413587686602,1.0,0.0,0.0,1.0,0.0
5.665579573593605,1.722171651117,0.1493309599642789,1.0,1.0,0.0,1.0,0.0
1.358972008483741,0.1329435434354777,0.292757615325446,0.0,0.0,0.0,0.0,0.0
5.557371273385911,0.3499974041002976,0.2698295948787755,1.0,1.0,0.0,1.0,0.0
8.126061132564296,0.224633693501059,2.214513661824797,1.0,0.0,0.0,1.0,0.0
9.269016338541666,0.0492101641964418,0.1211443338156728,1.0,0.0,0.0,1.0,0.0
15.106782857602424,7.409211707456336,1.8325556139048136,1.0,0.0,0.0,0.0,0.0
4.279131152992902,13.646215904001531,2.799730147368145,1.0,0.0,0.0,1.0,0.0
0.8370115654972883,0.3266937062669802,0.3359264164215005,0.0,0.0,0.0,1.0,0.0
6.465127378692366,0.125861113564262,0.345806253398507,1.0,1.0,0.0,1.0,0.0
31.80219380264088,1.5243767441009302,0.8531209736188549,1.0,0.0,0.0,1.0,0.0
61.460648226751005,3.349501319622094,0.2306027389872211,1.0,1.0,0.0,1.0,0.0
10.344467869360573,0.1451650015802617,0.3689337598760961,1.0,1.0,0.0,1.0,0.0
49.06188468138927,0.0844332833172414,2.2764101521748974,1.0,1.0,0.0,1.0,0.0
1.8627651126432396,4.462296026576159,0.4169168495267075,0.0,0.0,1.0,1.0,0.0
39.33311271685179,2.5603667234130105,0.0708329549774341,1.0,0.0,0.0,1.0,0.0
11.341376979120286,0.034057763969165,0.4487223410237176,1.0,0.0,0.0,0.0,0.0
126.76357074521847,1.3983391104257648,0.6503420315428844,1.0,0.0,0.0,0.0,0.0
12.316481014451512,496.80104817171264,1.4218825508661046,1.0,0.0,0.0,1.0,1.0
7.0714852603895855,1.0685781167536137,0.3203489708975272,1.0,0.0,0.0,0.0,0.0
3.702651037266396,5.965081974738145,1.3649666890509826,1.0,1.0,0.0,1.0,0.0
2.0253493691517543,0.5943817905745462,0.513126347595299,1.0,0.0,0.0,1.0,0.0
43.01184287130697,15.938727631325408,0.4883360358082561,1.0,1.0,0.0,1.0,0.0
27.96341601013151,4.477069616797828,0.321616946503269,1.0,0.0,0.0,1.0,0.0
2.5933853158967484,3.1830526002781467,2.19066190337906,1.0,1.0,0.0,1.0,0.0
15.430014827886998,0.7033327804176909,0.7726406213327571,1.0,1.0,0.0,1.0,0.0
8.18102359643205,0.8143555358298807,0.3128437874225666,1.0,0.0,0.0,1.0,0.0
4.643004261340222,0.0776666389582906,0.1322375501910971,1.0,0.0,0.0,0.0,0.0
47.47580077769644,18.0558167138306,3.918040651576916,1.0,1.0,0.0,1.0,0.0
215.42771449613647,19.614253980139605,9.69661430272676,1.0,0.0,0.0,0.0,1.0
23.23132511796196,0.2280909341316005,3.839361387446769,1.0,1.0,0.0,0.0,0.0
12.732529452152374,55.71777632423053,0.4565452176367225,1.0,0.0,0.0,1.0,1.0
2.435801623652048,7.578558873080729,0.163711364863422,1.0,0.0,0.0,1.0,0.0
1.8450692081398608,1.1300291678728251,1.7346123929796535,0.0,0.0,1.0,0.0,0.0
8.676958977087189,0.1315848195550328,1.7454382625648892,1.0,0.0,0.0,1.0,0.0
9.648932920671596,1.145890632318466,0.3261972840363939,1.0,1.0,0.0,1.0,0.0
5.078052104727373,0.1019142040805737,0.2412435433298809,1.0,0.0,0.0,1.0,0.0
6.793287455461859,5.790250929799599,0.2441579560963985,1.0,0.0,0.0,0.0,0.0
13.055737908862952,5.632184690526676,1.7786906907549227,1.0,0.0,0.0,1.0,0.0
9.694990995327608,1.0145040836061638,0.7135078832416591,1.0,1.0,0.0,1.0,0.0
6.296962496163614,1.086554854434059,0.2819159138347336,1.0,0.0,0.0,1.0,0.0
29.97447280722231,1.3474990944069212,3.051742373927417,1.0,0.0,0.0,0.0,0.0
24.6302122048312,0.3402230694094031,1.015695561026697,1.0,1.0,0.0,0.0,0.0
0.6806570786144935,1.673014565122205,0.5632128790382394,0.0,0.0,0.0,1.0,0.0
26.23071375148989,36.430389747008014,1.6941265046234355,1.0,1.0,0.0,1.0,0.0
17.570479088567026,0.0269653228911613,4.651357217184714,1.0,1.0,0.0,1.0,1.0
23.03414721855461,6.673021377483253,0.4300927368688212,1.0,1.0,0.0,1.0,0.0
205.38952928406715,0.1622917694544939,1.8560319010828956,1.0,1.0,0.0,1.0,0.0
27.248078473225497,0.0397033452800611,2.393098073039018,1.0,0.0,0.0,0.0,0.0
27.382976148872665,0.0108277296432632,0.2077739305678041,1.0,1.0,0.0,0.0,0.0
6.371553717293743,0.3536228538653508,3.693477752045528,1.0,0.0,0.0,1.0,0.0
30.413260322885144,3.5615911728448437,2.1234373915168328,1.0,0.0,0.0,0.0,0.0
9.532542663254462,0.2750653392426907,0.8986722336192989,1.0,0.0,0.0,1.0,0.0
29.40928618569826,0.5766462108082904,0.2675292241061632,1.0,1.0,0.0,1.0,0.0
48.30068139011646,3.273021938541416,1.2578219478457409,1.0,0.0,0.0,1.0,0.0
71.07503142988627,0.6733946919361465,0.562200606382178,1.0,0.0,1.0,1.0,0.0
2.8752508736340308,0.2773238971133289,2.2944790948283704,1.0,0.0,0.0,1.0,0.0
11.808245348953678,16.41925047355971,1.5121390222777142,1.0,0.0,0.0,0.0,0.0
24.95324381637635,0.5638696964673434,0.7377159850637048,1.0,1.0,0.0,1.0,0.0
39.048051763936606,0.7726608366098472,2.196292259652682,1.0,1.0,0.0,1.0,0.0
3.705961402331576,0.6934390153508839,1.158851688940263,1.0,0.0,0.0,1.0,0.0
16.97719109610818,5.591090002975626,1.0394920098457323,1.0,0.0,1.0,0.0,0.0
5.405121147123463,7.446310865652974,1.5351403501126235,1.0,0.0,1.0,0.0,0.0
1.13351869989995,0.978785710704817,0.5447216664866309,0.0,1.0,0.0,1.0,0.0
51.29957384629352,2.1149695736175094,11.47480009415975,1.0,1.0,0.0,0.0,0.0
53.44251732792536,39.75047970892162,0.3707732587748463,1.0,0.0,0.0,1.0,0.0
50.15541231973639,0.7445048807493151,0.9542178666365544,1.0,1.0,0.0,0.0,0.0
1.801499779799397,15.281195340590443,0.273010026077582,0.0,0.0,0.0,0.0,0.0
117.3384840680382,0.7340020914352102,0.5256616390533488,1.0,1.0,0.0,1.0,0.0
16.667792093014807,12.61034318915809,0.2285974911942761,1.0,0.0,0.0,1.0,0.0
6.614944312001807,1.2300566590938244,2.3963299437143086,1.0,1.0,0.0,1.0,0.0
10.370460542413712,0.5498837022563593,0.3407855734597301,1.0,0.0,1.0,0.0,0.0
60.88498922093208,0.1534173891200265,0.6329302839573484,1.0,0.0,0.0,1.0,0.0
16.005969801810675,10.743765379151878,0.5556630141221945,1.0,0.0,0.0,1.0,0.0
3.403907138781299,0.0562639873664885,0.0995880097114302,1.0,0.0,0.0,1.0,0.0
109.26320483224296,3.0485354400642226,2.8183789940002306,1.0,1.0,0.0,1.0,0.0
34.39804304243344,0.1161596166670513,0.7701747481588377,1.0,0.0,1.0,1.0,0.0
26.04164088971836,0.529462431241047,6.484719906100968,1.0,1.0,0.0,1.0,1.0
54.61093084722226,0.7615403647699087,0.3388014342843686,1.0,0.0,0.0,1.0,0.0
1.2287173076310332,0.5940906199631746,8.857737832528928,0.0,0.0,0.0,0.0,1.0
8.939417995321607,5.825889807838385,1.0289664153712472,1.0,0.0,0.0,1.0,0.0
1.3004085039284414,0.6346117269969184,1.3670499209800724,0.0,1.0,0.0,1.0,0.0
14.086552461232335,6.504794539516509,4.499466326862275,1.0,0.0,0.0,0.0,0.0
12.62366289089704,0.2376509436614106,2.444799007672713,1.0,1.0,0.0,0.0,0.0
0.1871154719235817,2.9195183597763648,0.5215657744681764,0.0,0.0,0.0,1.0,0.0
74.93975900901621,0.9845443571568449,1.5927349585838335,1.0,1.0,0.0,1.0,0.0
2.8520803186069887,2.132952519002635,9.85403021429692,1.0,0.0,0.0,0.0,0.0
20.428425670221543,1.2823755592669628,1.1876138616891925,1.0,0.0,0.0,1.0,0.0
107.29120163836927,1.8970975360947089,0.3234969419176906,1.0,1.0,0.0,1.0,0.0
46.780091431912105,8.514898962822263,1.047503675716771,1.0,1.0,0.0,0.0,0.0
19.97710908016658,6.5138195843391005,2.114885697680241,1.0,0.0,0.0,0.0,0.0
23.6119014097965,0.687387449492721,2.258333931354368,1.0,0.0,0.0,1.0,0.0
9.878343826705134,0.1895276453523202,0.7370978266524093,1.0,0.0,0.0,0.0,0.0
6.026487234896626,0.2945844158678322,2.1872261944285887,1.0,0.0,0.0,0.0,0.0
39.63411643336887,0.3043801931088059,3.824760013913521,1.0,0.0,0.0,1.0,0.0
16.1948796834387,0.1412359194756209,0.6537202364475801,1.0,0.0,0.0,1.0,0.0
4.659429058691281,0.5706397252760281,3.904746600276413,1.0,0.0,0.0,1.0,0.0
113.272251787309,0.2215831254340849,0.531264025060044,1.0,0.0,0.0,0.0,0.0
0.4852875210171675,0.887147862566239,0.644327007389919,0.0,1.0,0.0,1.0,0.0
3.822052287191426,0.0617177583146505,0.7528685772113269,1.0,0.0,0.0,0.0,0.0
6.571112759036802,0.1383432344979612,1.9822761510149467,1.0,0.0,0.0,1.0,0.0
11.64306950273198,0.0092006089281616,2.5323288275562525,1.0,0.0,0.0,1.0,0.0
23.391035652945675,13.422312166152045,0.461779812281556,1.0,0.0,0.0,0.0,0.0
9.149233827183794,0.0184654347718836,0.4036917878165997,1.0,1.0,0.0,0.0,0.0
0.3477239210196281,7.477402015276573,1.656311404894168,0.0,1.0,0.0,0.0,0.0
1.9711003539036835,0.0459474674849785,0.3172438344548118,1.0,0.0,1.0,1.0,0.0
70.01633184468683,0.668159725126717,0.6910122364371911,1.0,0.0,0.0,0.0,0.0
50.33666025767976,4.468367763215389,0.4010511605371161,1.0,0.0,0.0,1.0,0.0
4.281201475221593,0.9887279355815544,2.511608520361,1.0,0.0,0.0,1.0,0.0
44.00969899394509,3.4145750721382,3.2068996309280315,1.0,1.0,0.0,1.0,0.0
88.40419779978826,0.5135584299179425,0.8954792020877197,1.0,1.0,0.0,1.0,0.0
0.8162263130662014,0.7772441341661815,1.30837328085013,0.0,0.0,0.0,1.0,0.0
1.554479101646888,0.1150901797276446,1.1576748654999591,0.0,0.0,0.0,0.0,0.0
3.556656773162924,40.8990718031188,0.345055037214265,1.0,1.0,1.0,1.0,0.0
46.69048149736574,0.7666512184967561,1.3873601299563687,1.0,0.0,0.0,0.0,0.0
0.5878266906891285,0.4645779557013502,0.4233015545315102,0.0,1.0,0.0,0.0,0.0
19.180729933453826,0.6466299802259304,0.5593238436846409,1.0,0.0,0.0,1.0,0.0
29.69663710178324,2.3590624612186266,0.9212008278490892,1.0,0.0,0.0,1.0,0.0
11.565072171876968,1.993672191122964,1.191234811012533,1.0,0.0,0.0,0.0,0.0
6.085448023003492,27.422405639044847,0.5744071299217562,1.0,1.0,0.0,1.0,0.0
2.7189193070808257,1.78339007814518,0.9791259347980168,1.0,0.0,0.0,1.0,0.0
1.0281260422486096,0.4747921168095392,1.4866754191923952,0.0,1.0,0.0,0.0,0.0
15.800626697049688,0.2686175674404113,0.8424206645094892,1.0,0.0,0.0,1.0,0.0
2.8319657912799885,0.1036485747850356,2.48898066535526,1.0,1.0,0.0,1.0,0.0
1.049433097720048,5.591560766233881,0.6748794705037306,0.0,1.0,0.0,0.0,0.0
20.986033837573554,0.0873310311948495,0.6729613872269453,1.0,1.0,1.0,0.0,0.0
74.46613663124074,0.4199146755935472,1.758819638229321,1.0,0.0,0.0,1.0,0.0
75.34527667521277,3.557350742319461,0.9223542945654456,1.0,0.0,0.0,0.0,0.0
6.310542678484825,0.3029829358944642,4.435358740821086,1.0,1.0,0.0,0.0,0.0
61.32942763837252,0.3817933889037392,0.0387098428514914,1.0,0.0,0.0,1.0,0.0
36.101176905352126,0.0504345155145097,11.225437067315102,1.0,0.0,0.0,1.0,1.0
25.89431783076904,2.740814449809891,1.2975819582679884,1.0,1.0,0.0,0.0,0.0
21.32207921733355,5.007107405987433,2.258503262790126,1.0,0.0,0.0,1.0,0.0
4.7893032435542215,0.4619229302557068,7.649309619608623,1.0,0.0,0.0,1.0,1.0
7.159165361848876,5.777485603230423,2.6699714814783952,1.0,0.0,0.0,0.0,0.0
5.385902493778165,0.2011212232990628,0.2834016151290857,1.0,0.0,0.0,1.0,0.0
1.3228669233439017,3.2430955502919243,2.028846322617293,0.0,1.0,1.0,1.0,0.0
23.41661049207245,1.5960322471187105,0.3428609125621155,1.0,0.0,1.0,1.0,0.0
9.663384679623006,0.1376535541793957,0.9686456917018086,1.0,1.0,1.0,0.0,0.0
1.1129577838116105,0.3251980065185714,1.2891898584638388,0.0,1.0,1.0,1.0,0.0
227.9293524563596,1.759133735930423,0.5460503179164767,1.0,1.0,0.0,1.0,0.0
0.7578243987839461,13.235679922017672,4.13757811756218,0.0,0.0,0.0,0.0,1.0
18.918047273255294,13.359150509062353,5.797786304772727,1.0,0.0,0.0,1.0,1.0
28.89851164194203,3.6028147890872995,1.511811867547868,1.0,0.0,0.0,0.0,0.0
79.55401148852948,0.4369703696910889,0.3740083221210424,1.0,0.0,0.0,1.0,0.0
3.777374964053456,8.21820439249406,0.7713736120669268,1.0,1.0,0.0,0.0,0.0
1.1798626648998969,10.037157975283924,4.543566480831365,0.0,0.0,0.0,1.0,1.0
1.7856915764139498,7.565756153476101,0.8087869052023855,0.0,1.0,0.0,1.0,0.0
11.791118689919225,0.2012405572734566,0.768111310663394,1.0,0.0,0.0,1.0,0.0
21.278931915315887,4.164886340183184,3.2072821559441684,1.0,1.0,1.0,1.0,0.0
21.5440749232161,25.28553315450265,0.5377585408351376,1.0,1.0,0.0,1.0,0.0
18.790073608869008,0.204986712359298,2.851414044976969,1.0,1.0,0.0,0.0,0.0
13.677737689289234,0.3104598012426532,0.3019093663271078,1.0,1.0,0.0,1.0,0.0
3.415562658424679,0.1651242013382957,2.6136489893098336,1.0,0.0,0.0,1.0,0.0
17.018250976261683,0.6234397110610479,1.0096647614348222,1.0,0.0,0.0,0.0,0.0
7.405416673780063,0.7785813003237391,1.543668573285622,1.0,0.0,0.0,1.0,0.0
8.948449292030121,0.0378585913435967,1.010225259797599,1.0,0.0,0.0,1.0,0.0
24.160428416855865,1.7773618591485407,0.3972544621139006,1.0,0.0,0.0,0.0,0.0
23.00449972607305,0.1297157821473027,7.334090379821834,1.0,1.0,0.0,1.0,1.0
3.6679616287335577,0.2418169607274387,0.1770303685431206,1.0,0.0,1.0,0.0,0.0
10.452841116495511,0.6515195947534039,0.4152235550884414,1.0,1.0,0.0,1.0,0.0
7.744203296944753,0.1093726497801496,3.2591114569974367,1.0,0.0,0.0,1.0,0.0
43.30616523073074,245.52433618473617,1.5648368617442474,1.0,1.0,0.0,1.0,0.0
9.281618681356449,0.1828267492136095,1.0111834650618787,1.0,0.0,0.0,1.0,0.0
49.87460609328312,0.7811370256653476,3.4309731261334777,1.0,1.0,0.0,1.0,0.0
12.41639903464642,4.635303958687538,1.857259911133296,1.0,1.0,0.0,1.0,0.0
3.017673338259132,0.0193130088425667,0.9299735955900208,1.0,0.0,0.0,0.0,0.0
2.342577710859109,3.711872123923456,0.9541309351214332,1.0,1.0,0.0,1.0,0.0
69.91600044706117,0.2536499530374205,1.1793264649028263,1.0,0.0,0.0,0.0,0.0
3.871309804863983,375.88436485233177,7.891798064496697,1.0,1.0,0.0,1.0,1.0
0.1822659172553042,7.935484646010361,0.6067800769043408,0.0,0.0,0.0,0.0,0.0
0.7142966576130343,1.2320815523710864,0.6636769150260656,0.0,0.0,1.0,1.0,0.0
3.187167584202145,1.1343108023648287,2.1774357757367606,1.0,0.0,1.0,1.0,0.0
72.31307563462519,1.2164007059474282,1.2292948630817266,1.0,0.0,0.0,1.0,0.0
12.570451943344398,0.6642672908271994,3.2782588288483776,1.0,1.0,1.0,0.0,0.0
13.092967572160672,1.0654125731903707,1.4120033854093548,1.0,0.0,0.0,1.0,0.0
12.575715489488235,14.36454872089633,0.1768688449560327,1.0,1.0,1.0,1.0,0.0
5.205580997537292,4.22180704863375,3.8653401045962017,1.0,1.0,0.0,1.0,0.0
45.22112581972884,2.3505399393811346,3.164995237754689,1.0,1.0,0.0,0.0,0.0
10.279786050611117,0.2652090808865476,0.8169869764321245,1.0,1.0,0.0,0.0,0.0
2.316092934201414,2.1500711667861694,2.271833935176048,1.0,0.0,0.0,1.0,0.0
1.6704863439668955,9.499144606343512,0.901085041326058,0.0,0.0,0.0,1.0,0.0
4.671512345599518,2.384547243216649,0.7021008270141634,1.0,1.0,0.0,0.0,0.0
16.844757688262433,0.0529460666264318,1.91847847565702,1.0,0.0,0.0,1.0,0.0
24.26454443755463,0.1710436123674932,0.4784911361808466,1.0,1.0,1.0,1.0,0.0
40.05793854021851,0.1057202727325853,1.1548034900441155,1.0,0.0,0.0,1.0,0.0
3.928074761298486,0.0548467849398671,0.6582508175734209,1.0,0.0,0.0,0.0,0.0
21.263756424215547,0.9603950536819718,0.4990606688724812,1.0,0.0,0.0,1.0,0.0
63.024030205406895,2.911091908450897,1.193035366681486,1.0,0.0,0.0,1.0,0.0
10.723176333312178,0.1420271454029836,4.145576941420057,1.0,1.0,1.0,1.0,0.0
2.7183612886783366,0.6636360346910409,2.1811408436062254,1.0,0.0,0.0,0.0,0.0
26.846043259579712,0.3499517940649485,10.759003599841334,1.0,1.0,0.0,1.0,1.0
12.03554248527091,0.9972673084931016,0.7995363613483017,1.0,0.0,0.0,1.0,0.0
33.63264784415549,10.735413411427595,0.2565857047666233,1.0,0.0,0.0,1.0,0.0
46.7880096359275,88.62119679585771,1.413298836897089,1.0,1.0,0.0,1.0,0.0
28.259072102640676,1.152304564768962,3.7552114139732313,1.0,0.0,0.0,0.0,0.0
5.3876542645750805,0.4914829535327801,0.4547190280242261,1.0,1.0,0.0,1.0,0.0
3.360586853446628,0.133978306846662,0.3255059081780433,1.0,0.0,0.0,0.0,0.0
3.92074839554976,42.420596203272375,0.6842219084194997,1.0,0.0,0.0,0.0,0.0
12.36017095339408,8.342086072497283,0.4794027310269291,1.0,0.0,1.0,1.0,0.0
9.390281700235512,3.177190728937287,0.6109311214823829,1.0,0.0,0.0,0.0,0.0
11.880818647619371,0.8133733100827129,0.5703408532567847,1.0,0.0,0.0,1.0,0.0
37.27411061082057,0.0298948696719896,0.7813817847923443,1.0,0.0,0.0,1.0,0.0
4.42667952269628,7.531003030211956,0.088480836777776,1.0,0.0,1.0,1.0,0.0
3.924261733751241,0.7344379617809544,2.6928851181440527,1.0,0.0,0.0,1.0,0.0
20.28999340284151,0.4433672513796462,1.147367843142158,1.0,1.0,0.0,1.0,0.0
75.10988465435234,3.298558408203556,1.9047380484336056,1.0,1.0,0.0,1.0,0.0
8.30357304702127,9.727284869676753,1.8396634097506996,1.0,0.0,0.0,0.0,0.0
4.258433957609201,1.253851413222423,0.7414260458784359,1.0,0.0,0.0,0.0,0.0
2.11752363668638,1.2826649449701877,4.316845395351145,1.0,0.0,0.0,0.0,0.0
94.59554180886217,0.8362893268299175,1.3708721992148796,1.0,1.0,1.0,1.0,0.0
35.613585981932104,0.7803331208305585,0.8542380999944874,1.0,1.0,1.0,1.0,0.0
3.775762388677156,4.927048730930678,0.8648875749026579,1.0,0.0,0.0,1.0,0.0
2.095703559027733,3.645740486111909,1.083864294323413,1.0,0.0,0.0,0.0,0.0
8.32458487684566,0.5288075500208353,0.3063809428745248,1.0,1.0,0.0,1.0,0.0
6.372939667093544,4.990223842792981,0.8620878072717623,1.0,1.0,0.0,0.0,0.0
5.705427946225528,131.71052682236407,10.031666296783474,1.0,0.0,0.0,1.0,1.0
16.19474285249841,0.5153579924596877,2.337639308014701,1.0,0.0,0.0,1.0,0.0
1.5283574512589588,1.5612214529719637,1.694886226156896,0.0,0.0,0.0,1.0,0.0
6.413043822038155,0.639181433197375,0.0878532511101328,1.0,0.0,0.0,1.0,0.0
29.86596064942185,0.4616573045896494,5.429209346071502,1.0,0.0,1.0,1.0,0.0
646.1056938164178,4.212102098478569,4.793873291557468,1.0,0.0,0.0,0.0,1.0
13.224802311578884,5.041819195021652,0.2417044549422036,1.0,1.0,0.0,1.0,0.0
2.38667251153324,1.1559681324007047,0.2241872035928224,1.0,0.0,0.0,1.0,0.0
4.465527699385882,2.4532964753131377,1.39418871667929,1.0,0.0,0.0,0.0,0.0
4.043295030434162,0.2836292429014571,2.4658956606048514,1.0,1.0,1.0,0.0,0.0
220.3933642985193,0.0054232877614792,0.6244042873512333,1.0,1.0,0.0,0.0,0.0
14.422866907359412,0.1709405699114321,2.411996349267834,1.0,0.0,0.0,0.0,0.0
1.2399470180965593,0.5240718168546918,0.1158282514018129,0.0,0.0,0.0,0.0,0.0
7.137356388547779,8.207138603168195,0.7142496751297315,1.0,0.0,1.0,0.0,0.0
62.45924148576526,45.582131588087854,0.6739119937422255,1.0,1.0,0.0,0.0,0.0
35.65972405964616,2.8253623583185004,1.710388435595974,1.0,0.0,0.0,0.0,0.0
54.9775883569725,10.729629386264024,1.684337808654874,1.0,1.0,1.0,1.0,0.0
27.29940986854654,2.611645112185617,1.3738028595366394,1.0,1.0,0.0,1.0,0.0
121.99960526053005,0.1592798001454692,2.0200894257345925,1.0,1.0,0.0,1.0,0.0
176.6879998173314,0.530460549363645,0.2003083460499152,1.0,0.0,0.0,1.0,1.0
16.8175320350177,1.05186078841234,3.340973826892687,1.0,0.0,0.0,1.0,0.0
34.878562260375084,0.2692637494734567,1.9894840220463017,1.0,0.0,1.0,1.0,0.0
51.95790921139602,2.103450086954794,0.3055415796599958,1.0,0.0,0.0,1.0,0.0
35.035227281096134,2.7474445966850998,2.6775011925454275,1.0,0.0,0.0,0.0,0.0
4.327659570786262,0.2422560322124068,4.665354568497299,1.0,0.0,0.0,1.0,1.0
11.28839645570427,6.158800994575521,0.3934298610382377,1.0,1.0,1.0,0.0,0.0
9.883121074449097,0.091582543912658,1.2307094991405991,1.0,0.0,0.0,0.0,0.0
5.805722371781472,16.7264277510914,0.35699433715253,1.0,0.0,0.0,1.0,0.0
1.2614256175690086,0.0356145178587548,0.3321924035370382,0.0,0.0,0.0,1.0,0.0
18.46256942755024,2.4667952337321024,1.2167808139300678,1.0,0.0,0.0,0.0,0.0
7.803292396953329,0.9064525802553488,0.7811104741267937,1.0,1.0,0.0,1.0,0.0
0.8851821838964639,0.1511921608973191,1.553984171001138,0.0,1.0,0.0,0.0,0.0
2.7717415925100446,0.0456349487770814,1.006895795958203,1.0,1.0,0.0,1.0,0.0
10.26793524345195,0.3323756374369507,0.9489636816069668,1.0,0.0,0.0,1.0,0.0
8.88338404787341,8.277813800887403,0.4390018676141798,1.0,1.0,1.0,0.0,0.0
2.148480836521826,2.5017899606880376,1.3415733160817285,1.0,0.0,0.0,1.0,0.0
14.106851136972264,1.8233241311061392,0.3498820575790133,1.0,1.0,0.0,1.0,0.0
0.7990678759766112,1.3836574023354575,0.7780508251646766,0.0,0.0,1.0,0.0,0.0
0.7964912246395299,0.0273537825220096,4.906011283822417,0.0,0.0,0.0,1.0,1.0
4.604407549666723,81.12875198729215,2.416961709158357,1.0,0.0,0.0,1.0,1.0
1.821367203216496,2.137159497726784,8.638778768612777,0.0,0.0,1.0,0.0,0.0
18.75069897186657,0.8486551145687788,0.2604166825038703,1.0,0.0,0.0,0.0,0.0
3.682094963685461,0.1687837968580954,0.1291776331785085,1.0,0.0,0.0,0.0,0.0
23.67510407199936,0.3778105283832478,0.2736574671342594,1.0,0.0,1.0,1.0,0.0
5.669214675088312,0.1462698727834752,0.169720299605246,1.0,1.0,0.0,0.0,0.0
4.8479665244124845,3.1097439743286444,4.326443186092152,1.0,1.0,0.0,0.0,0.0
4.350016231487785,1.8697915660444653,0.1431930500611161,1.0,1.0,0.0,0.0,0.0
2.973162071161202,1.7444739171880688,0.358637704073197,1.0,1.0,0.0,1.0,0.0
10.856027229900045,0.973229875755726,2.909032000125307,1.0,0.0,1.0,0.0,0.0
10.27740476127099,5.547977917268348,6.900909695312512,1.0,1.0,0.0,1.0,1.0
12.61582964645381,0.0315571844373919,0.6295127403649377,1.0,1.0,0.0,1.0,0.0
18.298166770564404,6.166183482820906,0.1455464426126445,1.0,1.0,0.0,1.0,0.0
39.27502107465476,0.0179212060271587,4.5859538922761045,1.0,0.0,0.0,0.0,0.0
0.7822247313292933,0.158033249211647,2.412460584090959,0.0,0.0,1.0,1.0,0.0
5.877652928557826,0.1312315673735892,1.682017277289983,1.0,1.0,1.0,1.0,0.0
2.940411261140194,0.5726766516397387,0.3065406990583161,1.0,0.0,0.0,1.0,0.0
4.2989859230124665,1.2624678886725782,2.576227286037465,1.0,1.0,0.0,1.0,0.0
6.418488672044421,0.2693772048948877,0.2753875658684813,1.0,1.0,0.0,0.0,0.0
0.6744155840901761,0.711360041461627,0.5517763225581788,0.0,0.0,0.0,1.0,0.0
9.220243980486796,0.0881713387348672,0.5904399552797128,1.0,0.0,0.0,1.0,0.0
10.464271455013016,0.2207863879052879,0.524926500584234,1.0,0.0,1.0,0.0,0.0
2.674592977164689,0.1576961356898207,0.2788626870351387,1.0,1.0,0.0,1.0,0.0
64.36646598255034,4.260992316715302,1.2554272758738023,1.0,0.0,0.0,1.0,0.0
10.389346971297126,0.5252787264341682,1.3152525093024876,1.0,0.0,0.0,0.0,0.0
148.7202019234726,17.85526323612386,0.4633329416991738,1.0,1.0,0.0,1.0,0.0
16.433329996105,1.5112357435246384,0.6794815623969935,1.0,1.0,1.0,1.0,0.0
1.71201337258445,1.749038434228993,1.9707688676411543,0.0,0.0,0.0,1.0,0.0
2.1808222290484225,4.001668216055237,0.7890386758715421,1.0,0.0,0.0,1.0,0.0
53.064058846871134,35.90160634405328,1.032925047651553,1.0,0.0,0.0,1.0,0.0
9.138554618104186,0.1445800520348184,2.1591347962027165,1.0,0.0,0.0,1.0,0.0
10.282798304197687,2.8962038845810567,1.440367619223078,1.0,0.0,0.0,1.0,0.0
9.077173026499404,0.3074663667915401,0.4684499689416792,1.0,1.0,0.0,1.0,0.0
18.06305921287258,12.559444704242445,0.2253840481408283,1.0,0.0,0.0,1.0,0.0
71.22954314784683,5.565775996565398,0.7820338192885524,1.0,0.0,0.0,1.0,0.0
7.563846517368943,4.322953912455438,10.078323024738967,1.0,1.0,0.0,1.0,1.0
44.44111934387195,2.651625321716228,1.6860837456473143,1.0,0.0,0.0,1.0,0.0
6.225162096077235,0.270771150624652,0.3230758230004452,1.0,0.0,0.0,1.0,0.0
1.0507873113547277,1.3585279310073932,4.967153089415165,0.0,0.0,0.0,1.0,1.0
26.83387636165605,2.2314596984202253,2.152750515119779,1.0,0.0,0.0,1.0,0.0
3.308568563748333,8.919456913007231,1.170340701924304,1.0,0.0,0.0,0.0,0.0
6.727216812844798,2.3253370572902696,0.6029955274848164,1.0,0.0,0.0,1.0,0.0
14.43232452686338,0.2102216834044498,0.8241349914835773,1.0,0.0,0.0,1.0,0.0
19.126350907429003,1.3466940127773634,3.6353663993580336,1.0,1.0,0.0,0.0,0.0
0.5272506487948355,0.8381484451534805,1.5575798393066556,0.0,0.0,0.0,1.0,0.0
14.135011142728333,2.5109053225796907,2.444999393387555,1.0,0.0,1.0,0.0,0.0
9.484127077451037,1.840186790295281,2.102629890113469,1.0,0.0,0.0,1.0,0.0
54.48576038764034,3.820401529263684,4.275376494442657,1.0,1.0,0.0,1.0,1.0
13.8989481754146,2.318623787921368,0.3813674946116189,1.0,0.0,0.0,1.0,0.0
5.20719910104532,0.7437069041181021,0.1802817109337628,1.0,1.0,1.0,1.0,0.0
2.345394900677827,0.1071835203024233,1.6592242127578245,1.0,0.0,0.0,1.0,0.0
3.002094661768309,0.0865606911583215,0.5681852897538251,1.0,0.0,0.0,0.0,0.0
0.5002044660356445,0.4464069810216949,1.0786820194144218,0.0,0.0,0.0,0.0,0.0
2.959279633874366,0.7411153442917202,0.1906348742940201,1.0,0.0,0.0,1.0,0.0
62.08245692557524,0.1937388831898333,4.058042214980215,1.0,1.0,0.0,0.0,0.0
20.904313511006404,0.5913574712449643,4.229224528380087,1.0,0.0,0.0,0.0,0.0
15.016322700299868,3.913223112966468,1.3625229062157578,1.0,1.0,0.0,1.0,0.0
15.797993836949043,0.6270519144681799,3.347738891078554,1.0,0.0,0.0,0.0,0.0
28.01097002520484,0.8163605605054155,0.3710357145263441,1.0,0.0,0.0,0.0,0.0
16.967583925370878,0.850970901288847,1.583578711655624,1.0,0.0,0.0,1.0,0.0
75.93413750614823,0.3471702732378198,6.34234849095164,1.0,1.0,0.0,0.0,0.0
7.001052428878293,0.4417350352728654,0.8219902186479113,1.0,0.0,0.0,0.0,0.0
27.47754927660451,3.2357421240403195,0.3465281641501351,1.0,1.0,1.0,1.0,0.0
236.3379427794516,1.70799288000306,0.8140928131644344,1.0,1.0,0.0,1.0,0.0
12.232951494635174,0.4434816373286566,0.7604757195322333,1.0,0.0,0.0,1.0,0.0
12.455251894869557,1.233667124360158,1.826773129859237,1.0,0.0,1.0,1.0,0.0
25.06442017789919,0.2419846398729212,0.2958654380212669,1.0,0.0,0.0,1.0,0.0
70.0217574154338,2.3059399033091905,0.2919662445559772,1.0,0.0,0.0,1.0,0.0
2.3020198972219728,0.2550375620942888,3.86588893173416,1.0,1.0,0.0,1.0,0.0
0.5823499392856967,16.862340594496022,0.4050214460200982,0.0,1.0,1.0,0.0,0.0
4.738456715083777,18.55169650650448,0.880300312872185,1.0,0.0,0.0,0.0,0.0
487.0352184913056,0.0279328237393966,2.1360364237424228,1.0,0.0,0.0,1.0,1.0
2.3397982490958835,10.193267108194174,0.4376679205565857,1.0,1.0,0.0,1.0,0.0
3.680522369530325,2.8450788772775057,0.1146199184937991,1.0,0.0,0.0,1.0,0.0
19.59999597340254,3.034744182884972,0.6963547964258562,1.0,0.0,0.0,1.0,0.0
58.44499092599091,2.834918488600429,1.9766961148722448,1.0,0.0,0.0,1.0,0.0
4.733806181146403,0.060674590246288,0.5525193675463448,1.0,1.0,0.0,0.0,0.0
12.39642985292637,0.889427330575513,0.2437048821760423,1.0,0.0,0.0,0.0,0.0
11.888853107461632,0.4531123284868013,0.0704630874978928,1.0,1.0,0.0,1.0,0.0
50.59429716532113,0.7423133751772761,1.315375762656367,1.0,0.0,0.0,0.0,0.0
10.066324872684756,0.4108160135109228,0.3766598767719638,1.0,1.0,0.0,0.0,0.0
4.0045410609903245,0.4539182322781275,0.7373641442231101,1.0,1.0,0.0,0.0,0.0
2.7799684782843106,0.0688837968441565,1.275856914810037,1.0,1.0,0.0,1.0,0.0
4.918763232068112,0.2007795108241389,0.4630085221380554,1.0,0.0,1.0,1.0,0.0
10.688845026213292,0.8224316142031795,0.5123313107535847,1.0,1.0,0.0,1.0,0.0
5.158673963868342,0.0281120028949808,0.1850538712270565,1.0,1.0,0.0,1.0,0.0
0.2894983584317768,0.9661022276882684,3.8162952304492017,0.0,0.0,0.0,1.0,0.0
27.08958051539773,0.199644279800479,1.333181275807084,1.0,0.0,0.0,0.0,0.0
3.8277636717117134,0.3540375723253392,0.8442098271293528,1.0,1.0,0.0,1.0,0.0
3.0897203719912247,0.2496476761499358,0.7441721581581566,1.0,1.0,0.0,0.0,0.0
33.497121676272215,0.7089267901549476,1.5388263720258684,1.0,0.0,0.0,0.0,0.0
9.885306462153403,0.5673156597456852,1.624950509962798,1.0,1.0,0.0,1.0,0.0
2.43196528706954,1.054040042533847,1.5832234280237223,1.0,0.0,0.0,1.0,0.0
637.3768529030325,0.5474193795327129,5.077298496273298,1.0,0.0,0.0,1.0,1.0
2.011290267844319,0.7862981832206779,3.008070297051208,1.0,0.0,1.0,1.0,0.0
4.986908710747356,6.814039001326304,1.249977831114626,1.0,0.0,0.0,1.0,0.0
15.207619476602565,0.1442777206843055,3.78228203732437,1.0,1.0,0.0,1.0,0.0
2.77918459830873,0.0443642500478798,0.1704001503502099,1.0,0.0,0.0,1.0,0.0
25.129778880218502,1.341591836210527,4.73359361845864,1.0,1.0,0.0,0.0,0.0
13.127595840928391,5.771115076650275,2.2273090745944097,1.0,0.0,0.0,1.0,0.0
27.255652257531253,0.7784390537146606,0.5809510601460999,1.0,1.0,0.0,0.0,0.0
22.959303848325582,0.4634539218282114,2.7900421895997214,1.0,0.0,0.0,1.0,0.0
1.5966586728150978,0.0247027787866601,0.7958562207006429,0.0,0.0,0.0,1.0,0.0
16.31787048018636,0.5845144750514881,6.502031056675375,1.0,0.0,0.0,1.0,1.0
67.10730025243355,1.3178650067371938,36.25600617899344,1.0,1.0,0.0,0.0,0.0
4.080936569909234,9.142522204024512,3.01990323057128,1.0,0.0,0.0,1.0,0.0
11.775059301383898,1.8328548022337312,0.1990088466004509,1.0,1.0,0.0,1.0,0.0
4.492142570280128,0.4336989622892143,0.4796322734619414,1.0,0.0,0.0,1.0,0.0
383.12638698886815,12.698960897321257,0.2393156291452295,1.0,0.0,0.0,1.0,1.0
6.121454604553603,0.2255839692732583,3.143417852967189,1.0,1.0,0.0,0.0,0.0
7.385334235519598,0.8689584699862197,0.8077989327019499,1.0,1.0,0.0,0.0,0.0
54.51278105481097,0.3489846146959278,2.6502619623741235,1.0,0.0,1.0,1.0,0.0
31.989558541567455,0.2078180568065522,0.542310083396707,1.0,1.0,0.0,0.0,0.0
0.8611026238383478,6.944413611135367,0.4340851239957659,0.0,1.0,0.0,1.0,0.0
6.571884954216792,5.587448981157955,0.3802285313675651,1.0,0.0,0.0,1.0,0.0
203.3081407781267,0.2904955353761371,0.2299889551218911,1.0,1.0,1.0,1.0,0.0
14.375676918257328,1.0434920221616435,2.2074306729851947,1.0,1.0,0.0,1.0,0.0
51.51401917984756,11.378666240130784,0.3535588307426899,1.0,1.0,0.0,0.0,0.0
10.180917671912535,0.0234057489481532,1.3705977919474153,1.0,0.0,0.0,0.0,0.0
2.0236307787111625,1.2124033739032956,1.1203203116870544,1.0,1.0,0.0,1.0,0.0
97.73521041646748,1.7079448196092777,2.858170693133685,1.0,0.0,0.0,1.0,0.0
4.278167143275502,0.784837339963101,3.70877787207115,1.0,0.0,0.0,0.0,0.0
2.0186407336553214,2.3104658988208744,0.4051779587160253,1.0,0.0,0.0,0.0,0.0
3.9108614797551633,42.91509158797848,4.911592598227188,1.0,0.0,0.0,1.0,1.0
25.626680925378945,2.536344655131674,1.4192376762212369,1.0,1.0,0.0,1.0,0.0
1728.5171079465968,0.0070259201391399,2.676914665033148,1.0,0.0,0.0,1.0,1.0
0.3462281417613825,0.0140092192199171,2.2300779214817137,0.0,0.0,1.0,0.0,0.0
1.31954917601161,6.318146375224677,4.40659857071333,0.0,0.0,0.0,1.0,1.0
54.69450402054836,0.6707529569019238,1.7188357621602743,1.0,0.0,0.0,1.0,0.0
16.54006375446225,6.3510312232293815,1.182658158680699,1.0,1.0,0.0,1.0,0.0
32.73825099840384,1.90767985035534,0.1349038643521689,1.0,0.0,0.0,1.0,0.0
4.413332571007188,0.0441516494270589,0.0896728746487873,1.0,1.0,0.0,1.0,0.0
5.350835208332461,1.480448419370473,2.3468466992231027,1.0,0.0,0.0,1.0,0.0
7.830193209947216,3.9263209416749447,1.7443450083444023,1.0,0.0,0.0,0.0,0.0
7.006913002013734,3.793340655457679,1.1932276759215663,1.0,0.0,0.0,1.0,0.0
6.882612686846075,0.6630406000227582,0.3429374850783646,1.0,0.0,0.0,1.0,0.0
2.246432878005003,0.6362306156471612,0.8312468745249847,1.0,0.0,0.0,1.0,0.0
2.6454717140522184,2.6404753480802325,0.2168404771841045,1.0,1.0,0.0,1.0,0.0
11.119894526420644,2.4767459796951914,0.3771101616246283,1.0,0.0,0.0,1.0,0.0
0.7042499734757037,0.5239993234945312,0.9228601029438304,0.0,0.0,0.0,1.0,0.0
23.22910409635457,2.1239075392647524,2.353873571827441,1.0,0.0,0.0,1.0,0.0
45.69744731043675,2.3776410559934784,0.1333624424018973,1.0,0.0,0.0,1.0,0.0
87.8038263277538,1.1959312358941228,0.3949629722467756,1.0,0.0,0.0,0.0,0.0
2.6463808280432466,1.452762110743067,6.895792734215958,1.0,1.0,0.0,1.0,1.0
10.624132314860129,9.443715757773502,0.7568900534627364,1.0,0.0,1.0,1.0,0.0
28.17447936033177,3.4917058895858437,6.466860688926948,1.0,0.0,0.0,1.0,1.0
17.187758769406646,0.1082064775114176,0.1347052650665512,1.0,1.0,0.0,1.0,0.0
1.6783906388357726,0.954107995386231,1.6195025382116863,0.0,0.0,0.0,0.0,0.0
3.1844236572021374,0.5502350864333584,1.0111566595445975,1.0,0.0,0.0,1.0,0.0
27.5272127773451,0.5535379034959623,0.4616210650046949,1.0,0.0,0.0,0.0,0.0
25.654032467863576,0.8692399435585282,5.10248706425716,1.0,0.0,0.0,0.0,0.0
21.221865008817005,46.23408880679232,0.8444926937770691,1.0,1.0,0.0,1.0,0.0
29.482792941961712,5.063382897155498,0.3910256376097312,1.0,0.0,0.0,0.0,0.0
90.19540858879212,0.4004606748381351,3.3631941219632924,1.0,0.0,0.0,1.0,0.0
6.266657535820798,0.5070237638516196,3.0989825860507856,1.0,0.0,0.0,1.0,0.0
2.0683828570667737,0.0723599816895598,0.7756021673400688,1.0,1.0,0.0,1.0,0.0
14.003399223639605,0.6777805896759006,3.087515862965131,1.0,0.0,0.0,1.0,0.0
8.728881414111417,0.9500878969302824,2.3975985349554567,1.0,0.0,0.0,1.0,0.0
50.84879230636412,1.0894757776455146,6.354929319866467,1.0,0.0,0.0,1.0,1.0
180.6244968076825,4.238635957202228,0.3435440236593645,1.0,0.0,1.0,0.0,0.0
3.591074533914089,0.166587801172303,0.6703681035505197,1.0,1.0,0.0,0.0,0.0
42.044180936223306,0.0311628749243185,0.7525309309029669,1.0,0.0,0.0,1.0,0.0
2.0915805677335326,1.6381609542407158,0.5755443009297733,1.0,1.0,0.0,1.0,0.0
10.396689512710214,0.1280950984165661,0.4422079845897129,1.0,0.0,0.0,1.0,0.0
1.23264264893731,0.1936633448151209,1.2249829369153329,0.0,1.0,0.0,0.0,0.0
57.74659283305073,1.8157249432886704,0.6125597375078187,1.0,0.0,0.0,0.0,0.0
41.89344257304679,0.2277044339611826,0.779717821047918,1.0,0.0,0.0,1.0,0.0
61.21226538913583,0.4791671031696905,0.5897393863469129,1.0,1.0,0.0,1.0,0.0
25.82223578971465,0.7195099359621845,3.084965180797629,1.0,1.0,0.0,1.0,0.0
25.926954931673198,0.6965098130650503,0.9432592797979829,1.0,0.0,0.0,1.0,0.0
1.761553021987106,3.192437587890178,1.548657296696787,0.0,0.0,1.0,1.0,0.0
10.200665850330523,1.8612871217536755,2.2327486420068072,1.0,0.0,0.0,0.0,0.0
67.07194937510407,1.885453990426565,0.6424476518068939,1.0,1.0,1.0,0.0,0.0
16.97872734371443,9.987872402121123,2.9468651234562446,1.0,0.0,0.0,1.0,0.0
0.4931632935482873,0.1734801532805984,16.627515818729265,0.0,0.0,0.0,0.0,1.0
10.0509403586342,2.669023477545642,1.4782422046895662,1.0,0.0,0.0,1.0,0.0
20.90206476268712,5.06117212534831,1.96692915081568,1.0,0.0,0.0,0.0,0.0
0.572347615522614,4.649169191313475,1.5162613216463148,0.0,0.0,0.0,0.0,0.0
12.89054077734964,0.4213977713804204,0.3721582785803685,1.0,0.0,0.0,1.0,0.0
21.859335821834414,22.1054748348194,1.4385721179699429,1.0,1.0,0.0,1.0,0.0
198.6573267436172,2.0607607587575307,0.4629991800864026,1.0,1.0,0.0,0.0,0.0
79.09522863267689,1.9131965413174987,3.3216317727038653,1.0,0.0,0.0,1.0,0.0
8.64674899602239,0.1370652682524151,4.180406975640986,1.0,0.0,0.0,1.0,1.0
25.66785250022576,0.0633018665871137,0.990332846397716,1.0,1.0,0.0,1.0,0.0
11.05405789858851,1.0252586505475505,10.485656704438105,1.0,0.0,1.0,1.0,0.0
95.28081164495774,0.0337548362312321,0.1937342103271197,1.0,0.0,0.0,1.0,0.0
12.63643769578952,0.1011188033328433,7.983895816189888,1.0,0.0,0.0,0.0,0.0
26.51967031389224,0.1406625182744791,2.1387258676188776,1.0,1.0,0.0,1.0,0.0
1.6632797165991229,0.0810338803789377,0.0711158778687428,0.0,1.0,0.0,1.0,0.0
33.22260917724579,0.3223250764419601,0.3334869540582432,1.0,1.0,0.0,1.0,0.0
49.59537183230891,0.0209306007844688,0.1123255963058516,1.0,0.0,0.0,0.0,0.0
1.9149738517728023,2.696886696141548,1.8677064639504624,1.0,1.0,0.0,1.0,0.0
11.335503539946842,6.50493110741408,11.910397326019249,1.0,0.0,0.0,0.0,0.0
18.55755547618424,1.719975614321506,0.4441595896259014,1.0,0.0,0.0,1.0,0.0
7.083067374878737,0.2865833678198861,0.9083030894501892,1.0,1.0,0.0,1.0,0.0
5.293678578348366,17.967275485656874,0.8591714555358114,1.0,1.0,0.0,0.0,0.0
11.013394516240332,0.6067048869801562,0.1046244847951037,1.0,0.0,1.0,0.0,0.0
26.95677468462416,0.2854119917964578,1.385429413799501,1.0,0.0,1.0,1.0,0.0
1.7331231828720617,0.7146836038850087,1.8102141419313944,0.0,1.0,0.0,1.0,0.0
6.129803481579014,0.2501228669792235,3.479378683169062,1.0,0.0,0.0,1.0,0.0
75.45222426425411,4.008474877515912,0.6161574805940354,1.0,0.0,0.0,0.0,0.0
13.184828095666235,1.6264766821932917,1.816414682511178,1.0,0.0,0.0,1.0,0.0
16.07899839190747,0.0653125591980922,0.9114601333946206,1.0,1.0,0.0,1.0,0.0
66.07376519418546,4.006900959349601,38.29404446165901,1.0,1.0,0.0,1.0,1.0
18.668433595178374,1.1583424241917044,1.1529039428536338,1.0,0.0,0.0,1.0,0.0
5.489144997801862,1.7301825314265973,0.5897306083295737,1.0,0.0,0.0,0.0,0.0
26.74502564899861,77.14565538788902,4.95385174093068,1.0,1.0,0.0,0.0,1.0
9.447293482059962,0.4210574753953862,2.388197876974105,1.0,0.0,0.0,1.0,0.0
3.64922497199111,8.449257330068173,0.4405580997670397,1.0,0.0,1.0,0.0,0.0
1.4091682851990897,0.4145324230229941,0.8471891350534926,0.0,0.0,0.0,0.0,0.0
6.393269000595992,2.80872637417246,0.6882002862790353,1.0,1.0,0.0,1.0,0.0
73.3855572523918,0.8391621983519515,2.2644520837802684,1.0,0.0,0.0,0.0,0.0
19.704523727429063,1.0410957610880345,0.059700847873914,1.0,0.0,0.0,1.0,0.0
35.00967116407567,2.3882463288208733,5.259197803722959,1.0,1.0,0.0,0.0,0.0
13.292379964853968,0.5345319137579682,0.3560470785515049,1.0,0.0,0.0,0.0,0.0
1.065140223103299,0.4689880542761425,0.4245613456256858,0.0,0.0,1.0,0.0,0.0
88.55339727442542,0.4896387270597344,0.5429858054685809,1.0,0.0,0.0,0.0,0.0
8.604570760069018,0.3082170138316872,0.1917543567250501,1.0,1.0,0.0,1.0,0.0
4.753152245880657,0.6309255998174392,0.4989240241228751,1.0,1.0,0.0,1.0,0.0
67.4873950479638,0.1875727153058727,3.0952845265119917,1.0,0.0,0.0,1.0,0.0
7.518173308404314,3.745619950953458,0.3580321520882809,1.0,1.0,0.0,1.0,0.0
4.881350074071075,0.2569244726998339,4.326039061780096,1.0,1.0,0.0,1.0,1.0
0.8666995414657312,1.1010343567070346,1.0065818742202708,0.0,1.0,0.0,1.0,0.0
5.024427039645299,29.297423231018907,0.3783374245412068,1.0,0.0,0.0,0.0,0.0
4.052701549259071,0.273834661443512,1.084366118576355,1.0,1.0,0.0,0.0,0.0
52.812853326336096,3.289236247027789,2.9804309741939514,1.0,0.0,0.0,0.0,0.0
91.8074211037684,0.6002251701260396,2.7683232355563767,1.0,1.0,0.0,1.0,0.0
57.29268347485812,0.7052755717155312,0.1016682220995134,1.0,0.0,0.0,0.0,0.0
4.321066620734308,0.1966442415232412,0.4579452420642942,1.0,0.0,0.0,1.0,0.0
36.28432886653676,1.0090266793789635,4.513400644688115,1.0,1.0,0.0,0.0,0.0
1.0602091946465924,7.107614290322605,0.45673496577401,0.0,0.0,0.0,0.0,0.0
99.53761329274047,0.1809484742416151,0.5037963631687035,1.0,1.0,0.0,1.0,0.0
9.325940239570944,0.5320250527847399,3.9947239258035,1.0,0.0,0.0,0.0,0.0
0.5945701974265352,0.1372844794606016,0.7557414831970822,0.0,0.0,0.0,1.0,0.0
24.54785480506349,0.1978210124337927,0.4272549235691071,1.0,0.0,1.0,1.0,0.0
4.698259328539189,2.1030026798775143,3.8335691407490415,1.0,0.0,0.0,1.0,0.0
10.23349562327061,4.228551457922822,0.3237428332934549,1.0,0.0,0.0,1.0,0.0
5.8211557475690885,7.495853163430579,1.5780225226622455,1.0,0.0,0.0,1.0,0.0
2.8725355748496675,0.1575847503733621,1.0025115838750185,1.0,1.0,0.0,1.0,0.0
10.479506136026515,0.7111076484584703,0.3809711121014859,1.0,0.0,0.0,1.0,0.0
1.3068473359415425,0.1306901203703776,0.1215233535334539,0.0,1.0,0.0,1.0,0.0
19.50263541378113,1.242062810290045,0.7909322578658523,1.0,0.0,0.0,1.0,0.0
32.19485652852482,0.2657375996260435,0.6535427751573495,1.0,1.0,0.0,0.0,0.0
28.67885560023429,0.2054714839912612,0.9965674074025622,1.0,0.0,0.0,1.0,0.0
18.502565077624944,1.164900445307001,0.6460686396290922,1.0,0.0,0.0,1.0,0.0
14.349459497880597,0.4459249252788497,0.2193041272944478,1.0,0.0,0.0,1.0,0.0
1.1049352940371633,0.1512554892728842,1.195753820041212,0.0,0.0,0.0,1.0,0.0
8.626208726637056,0.9669530219179392,0.9816070006651268,1.0,1.0,0.0,0.0,0.0
62.136633831721774,0.0492222354802075,1.5659116664417114,1.0,0.0,0.0,1.0,0.0
41.38917234674654,1.6125273880850095,0.3446710217454466,1.0,0.0,0.0,1.0,0.0
20.66319997138565,0.4827364844866574,0.2645026891712502,1.0,0.0,0.0,1.0,0.0
8.351864459699273,0.5677005297431555,0.6249734781885309,1.0,1.0,0.0,0.0,0.0
5.645165950252999,0.1104102799492203,1.2614795433554369,1.0,1.0,0.0,0.0,0.0
4.308446419648056,0.5128445089072995,1.45251121964665,1.0,1.0,0.0,1.0,0.0
5.195857255694411,0.8431444200222415,1.3999313970431833,1.0,0.0,0.0,1.0,0.0
18.346889673112827,1.0947160820235846,0.4423930479285095,1.0,1.0,0.0,0.0,0.0
3.988420940499191,1.7058078605033251,1.7444344124537745,1.0,0.0,0.0,0.0,0.0
6.834843254916505,0.2137876783815654,0.4864295643460094,1.0,0.0,0.0,1.0,0.0
1.288378833556805,0.7666608205230018,2.9599283660275755,0.0,0.0,0.0,1.0,0.0
12.29905195681529,0.112245556232659,0.3090181244944157,1.0,0.0,0.0,1.0,0.0
3.4387141490166315,0.1085114402491733,1.1845223298561696,1.0,0.0,0.0,0.0,0.0
23.45666685752736,0.4282302215899937,0.7151283992028538,1.0,0.0,0.0,1.0,0.0
5.494948383957324,0.0186390953093898,6.237014308666719,1.0,1.0,0.0,1.0,1.0
13.905248266470023,17.358878623844543,2.3452957094474174,1.0,0.0,0.0,1.0,0.0
15.827170980861467,0.0628666147011216,21.29587159202747,1.0,0.0,0.0,1.0,1.0
0.6792308549287588,0.2976686598582659,6.538390547361167,0.0,1.0,0.0,0.0,0.0
9.132996494246536,1.6267726350476193,14.61237908395518,1.0,1.0,0.0,1.0,1.0
4.075006027816739,3.60293635032283,0.7078728622604534,1.0,0.0,0.0,1.0,0.0
2.776308453007609,3.466101675119564,2.186623826228389,1.0,0.0,0.0,0.0,0.0
22.926929647088933,69.11140862100865,0.2976654587097964,1.0,1.0,0.0,0.0,0.0
18.145726628987735,2.448516758883444,1.2666692625861846,1.0,0.0,0.0,0.0,0.0
5.987432005427019,0.3709763321886497,0.6013749656855684,1.0,0.0,0.0,1.0,0.0
21.097741722586484,0.0755366772496337,0.9228811361701064,1.0,1.0,0.0,1.0,0.0
12.320908646660694,0.1288510751604172,1.6767271729049238,1.0,1.0,0.0,0.0,0.0
7.566551610654625,5.307522338581335,1.9013916272995453,1.0,0.0,0.0,1.0,0.0
7.4023823188919184,16.957731214905344,0.3902640968762526,1.0,0.0,0.0,0.0,0.0
4.52072584370922,3.638181093553588,0.2929070160651719,1.0,0.0,0.0,1.0,0.0
6.058230238841748,0.0163817560788071,0.4781001236577543,1.0,1.0,0.0,0.0,0.0
14.169826237777032,0.2967080882070705,2.6668343233954324,1.0,0.0,0.0,1.0,0.0
2.660470521610324,1.7002999185242451,8.793450209149047,1.0,0.0,0.0,0.0,0.0
3.259717978820201,0.3061219968030457,1.8282455971765728,1.0,0.0,0.0,1.0,0.0
18.454682266310325,0.6522825479193954,0.8896556417964987,1.0,1.0,0.0,1.0,0.0
0.6225975206168268,1.3129387366583245,0.1710507601306742,0.0,1.0,0.0,0.0,0.0
17.192493615441357,0.3266713081031627,2.0778232054027432,1.0,0.0,0.0,1.0,0.0
12.593928402870588,8.01359628652628,0.5833430282375878,1.0,1.0,0.0,0.0,0.0
17.328477514859646,6.297851969458853,1.412228934315575,1.0,1.0,0.0,1.0,0.0
5.017958062863314,3.4863029407072714,1.3767965804504962,1.0,0.0,0.0,1.0,0.0
43.45403885775024,0.1473541504397918,0.9522503599668688,1.0,1.0,0.0,0.0,0.0
7.629682179590385,1.532032670468579,0.4185574006869017,1.0,1.0,0.0,1.0,0.0
147.7061765653776,1.7855476671347827,0.4079851856362589,1.0,0.0,0.0,1.0,1.0
1.626475337026288,0.3303171034335621,0.8924398861849988,0.0,1.0,0.0,0.0,0.0
115.29257502160384,1.178241531877897,0.3478740507857077,1.0,1.0,0.0,0.0,0.0
44.63389912660043,0.0763435203796063,0.8316743652351875,1.0,0.0,1.0,1.0,0.0
0.982591453976672,0.0219500084118249,1.7870598835184957,0.0,0.0,0.0,0.0,0.0
12.260985564240256,0.0390321085134692,0.2226862293814379,1.0,1.0,0.0,1.0,0.0
15.448120576997315,196.69688171773373,0.1517668657848616,1.0,0.0,0.0,1.0,1.0
16.759545923189332,0.2594892828148564,5.099063161370099,1.0,1.0,0.0,1.0,1.0
51.57476569836159,0.3060218274754689,5.593370155937926,1.0,1.0,0.0,0.0,0.0
30.1488517149058,7.559241389282638,0.0970427277341663,1.0,1.0,0.0,0.0,0.0
12.993138259894872,0.2312663064858079,1.8247338892179847,1.0,0.0,0.0,1.0,0.0
4.935465247808656,0.456116918328901,6.564691195424214,1.0,0.0,0.0,1.0,1.0
31.9055749564219,3.327748857247967,3.552131110436449,1.0,0.0,1.0,0.0,0.0
8.504481991443779,0.2163404463506365,0.2900023849622047,1.0,0.0,0.0,0.0,0.0
9.365970497651746,1.3295882507940089,4.090392840096151,1.0,1.0,0.0,1.0,1.0
6.020704354254293,4.182823970534754,3.338237914927457,1.0,0.0,0.0,1.0,0.0
13.99928787298423,0.0419806407443121,0.4208221848636513,1.0,0.0,0.0,1.0,0.0
27.15225775703544,0.704147382897899,2.6351808045321574,1.0,0.0,0.0,0.0,0.0
15.433615576142452,12.152976070944126,0.4861158681337498,1.0,1.0,1.0,1.0,0.0
28.82510957872368,0.7074712799402192,0.4626622572091858,1.0,0.0,0.0,1.0,0.0
6.705495804365005,2.296532742393215,1.105731543772878,1.0,1.0,1.0,0.0,0.0
15.47515268674107,1.8837349956931653,12.47509132149642,1.0,0.0,0.0,1.0,1.0
73.19690834820474,134.0654399035386,0.707899540448694,1.0,1.0,0.0,1.0,0.0
2.683824677842106,0.6857251894452032,0.6740967122689849,1.0,0.0,0.0,1.0,0.0
3.445230329430713,0.0444381447832839,2.791231536433955,1.0,0.0,0.0,0.0,0.0
6.106226680405817,0.1889063816375162,0.1850979172565586,1.0,0.0,0.0,1.0,0.0
112.64581487303016,1.8778771552164024,2.052905024640388,1.0,0.0,0.0,1.0,1.0
4.752676126220052,10.494681172129328,0.0276631991655786,1.0,1.0,0.0,1.0,0.0
1.89819108838701,0.6194661403244864,1.3805779485705074,0.0,0.0,0.0,0.0,0.0
97.91132905328456,4.643718705330609,0.4349952837860316,1.0,0.0,0.0,0.0,0.0
4.08843030788992,0.4276447851197721,0.3957968969905033,1.0,0.0,0.0,1.0,0.0
5.437352819831627,0.1305241250327396,1.896149830468966,1.0,1.0,0.0,0.0,0.0
11.13194330080552,2.519402477601362,0.8121412687447412,1.0,1.0,1.0,0.0,0.0
46.70961707658709,0.4333888034309374,0.994870347285728,1.0,0.0,0.0,1.0,0.0
185.8850801537311,3.271053827835092,0.2818637900350407,1.0,0.0,0.0,0.0,0.0
120.14303323808744,0.1026859348065946,1.932970812360593,1.0,1.0,0.0,0.0,0.0
7.239453872191051,0.0688930019890277,0.0744380713158104,1.0,0.0,1.0,0.0,0.0
7.921796847273628,0.4345410121029117,1.8556981890462,1.0,1.0,0.0,1.0,0.0
9.765484250815264,1.1162931235642928,0.1927484305082027,1.0,1.0,0.0,1.0,0.0
4.66057002185122,28.53027858961438,0.7443833456480845,1.0,0.0,0.0,0.0,0.0
13.050142646308784,2.632885144001709,2.055480121269793,1.0,0.0,0.0,0.0,0.0
23.05608557915761,0.3060862875745128,0.4277228649697444,1.0,1.0,0.0,1.0,0.0
10.207624803072967,0.5608004261856839,4.075536119206163,1.0,0.0,0.0,1.0,1.0
6.598308382351097,3.994301859835356,0.7375456298135867,1.0,0.0,0.0,1.0,0.0
19.68141467521091,0.3772131855878154,0.2850213219863641,1.0,0.0,0.0,1.0,0.0
7.972413674815532,6.40638679178558,1.7816072612823242,1.0,1.0,0.0,1.0,0.0
2.7481410253362304,0.2314474979765189,4.263768108770225,1.0,0.0,0.0,0.0,0.0
7.368361620915616,3.304800509466244,6.112164914215379,1.0,1.0,0.0,1.0,1.0
22.470440610410336,0.7070782127641154,0.6819940376227219,1.0,0.0,0.0,1.0,0.0
21.29451444678221,22.59616086048945,1.3674768924608682,1.0,0.0,0.0,1.0,0.0
6.259098272517716,27.37507136078741,5.796643526111214,1.0,0.0,0.0,1.0,1.0
7.471897787432783,1.1667148418217244,0.0855295024837254,1.0,0.0,0.0,1.0,0.0
52.360218529162765,5.804361857688774,1.1921915337197508,1.0,0.0,0.0,1.0,0.0
1.7652736608514452,2.201557023047872,2.5304682908706857,0.0,1.0,0.0,1.0,0.0
11.050539939623418,3.3531602409894457,0.6487130219453645,1.0,1.0,0.0,0.0,0.0
134.9223926071265,35.34344945946797,0.6711148507658082,1.0,1.0,0.0,1.0,0.0
18.111264525218928,0.5124699951278294,0.7164572920337589,1.0,0.0,0.0,1.0,0.0
2.732301617433846,0.538365385952134,1.734697423305056,1.0,1.0,0.0,0.0,0.0
10.094125113123573,1.2088266345890517,4.432894755614255,1.0,0.0,0.0,0.0,0.0
1.2740693999237669,0.3155848269295047,4.104172523166144,0.0,1.0,0.0,0.0,0.0
23.388261248765435,0.3406855155530527,9.9518012262707,1.0,1.0,0.0,1.0,1.0
9.586619950002996,0.2298312719623409,0.8870161809558198,1.0,0.0,0.0,1.0,0.0
23.100771608577197,7.041236461993014,1.4388618656092356,1.0,0.0,0.0,1.0,0.0
18.285352158481807,3.806353975650455,2.7957539174522688,1.0,0.0,0.0,1.0,0.0
1.3804171910709837,0.8553348777346823,20.29995769465939,0.0,0.0,0.0,1.0,1.0
3.5154037686073174,0.3488193766753619,1.469552148550347,1.0,0.0,0.0,0.0,0.0
7.274615995870481,9.038942496008264,0.2837589255006567,1.0,0.0,1.0,1.0,0.0
50.700984114093096,1.2873180423726505,1.3389998446137217,1.0,1.0,0.0,1.0,0.0
23.249758179900372,0.8409654128329311,2.184523578415155,1.0,0.0,1.0,1.0,0.0
1.326040355743303,0.5577505555483906,1.178300204055874,0.0,1.0,0.0,0.0,0.0
0.3263708241625294,3.761126092936586,0.3137828572365072,0.0,1.0,0.0,0.0,0.0
5.636072620974081,0.683975496565991,0.2727424718850216,1.0,1.0,0.0,0.0,0.0
0.5178109079190644,0.0657564964964898,2.476154151918585,0.0,1.0,1.0,1.0,0.0
23.71613407917475,0.1692281213991965,1.3908645151295538,1.0,0.0,0.0,1.0,0.0
7.523297228431456,3.4235122049909545,0.4738516956671052,1.0,1.0,0.0,1.0,0.0
5.745090748370099,1.4127355104263517,0.6815680614422845,1.0,0.0,0.0,1.0,0.0
19.570264833454768,0.5049881716761229,1.7856423491979716,1.0,0.0,0.0,0.0,0.0
19.02487503499641,1.4541232110239053,2.805081218415039,1.0,0.0,0.0,0.0,0.0
7.881437713236532,1.34069559190529,0.5461881856780281,1.0,0.0,0.0,1.0,0.0
38.31267160407816,4.390000107683496,0.5890092107862949,1.0,0.0,0.0,0.0,0.0
25.15438366224287,0.7565921705822874,0.1059536913017019,1.0,0.0,0.0,1.0,0.0
8.109346560665525,0.0379572469667579,0.6201843316625038,1.0,0.0,0.0,0.0,0.0
8.765536115776728,8.349500816615114,2.125881236880409,1.0,0.0,0.0,1.0,0.0
1.1285358283921303,8.388068177630531,0.5790294180862967,0.0,0.0,0.0,1.0,0.0
1.3095213982776026,3.3831110017297146,0.6694306842989822,0.0,0.0,0.0,1.0,0.0
10.081383306632867,7.716270602341577,2.4806750652733154,1.0,0.0,0.0,1.0,0.0
19.369422617759177,7.310178063362906,0.747780088281888,1.0,1.0,0.0,1.0,0.0
11.829222253128789,2.5646391470546823,0.6235503739743289,1.0,0.0,0.0,1.0,0.0
43.09744626942268,0.1731385516537167,0.3181542317885535,1.0,1.0,0.0,1.0,0.0
6.712436438774973,2.068985558166045,2.3711040068404308,1.0,1.0,0.0,1.0,0.0
39.09131264613772,0.4986850164829651,0.6943334255762026,1.0,0.0,0.0,1.0,0.0
4.315174403397096,0.0484396537332838,6.074698524130092,1.0,1.0,0.0,0.0,0.0
6.796766473375718,0.727354633863352,1.0472946443354776,1.0,0.0,0.0,0.0,0.0
4.018259784163531,0.0875895454185657,0.7934407687818616,1.0,1.0,0.0,1.0,0.0
87.78704678670498,1.9718545554128744,4.68668061899629,1.0,1.0,0.0,0.0,0.0
15.871395699983164,0.0912916227043598,0.6442050684403734,1.0,1.0,0.0,1.0,0.0
501.7882042015645,0.4706468247812668,0.6341290031201526,1.0,0.0,0.0,1.0,1.0
1.6074014675210846,46.64974279675143,0.8051218373282445,0.0,0.0,0.0,1.0,0.0
1.8649843054411956,5.483134998826921,2.714626672947905,0.0,0.0,0.0,1.0,0.0
0.8161784917786098,20.414412740638003,0.4938113595678695,0.0,0.0,0.0,1.0,0.0
3.313315522845759,17.900448571040748,1.8004769672577217,1.0,1.0,0.0,0.0,0.0
2.24208648934284,0.1139387576579298,1.5647116834882926,1.0,0.0,1.0,0.0,0.0
58.47199146635975,0.4492074178362729,3.0602971797496985,1.0,0.0,0.0,1.0,0.0
3.9260226934826874,0.3506261201548422,0.5688787777566803,1.0,0.0,0.0,1.0,0.0
10.12802209314511,0.9265512391812448,0.6270778099657935,1.0,0.0,0.0,1.0,0.0
4.572000130702087,0.9052815998859616,1.7554097264835489,1.0,0.0,0.0,1.0,0.0
16.78220891598854,18.227915826571657,0.307685519297775,1.0,0.0,0.0,1.0,0.0
3.122666605759873,0.1120194899187132,0.6467950010304672,1.0,0.0,0.0,1.0,0.0
4.622351325726234,0.2313980962584064,1.2858802808324326,1.0,0.0,0.0,1.0,0.0
12.818859030317787,0.6832816312930149,4.750754497876375,1.0,1.0,0.0,1.0,1.0
8.697837169178843,0.7743700189323627,1.0329582475972898,1.0,1.0,0.0,1.0,0.0
5.552715030493695,0.0883936484557686,0.8255707213331318,1.0,1.0,0.0,1.0,0.0
23.991063038971483,0.0367963421016521,0.3360227679038459,1.0,0.0,0.0,1.0,0.0
59.337941884051496,2.104544235512277,0.1750784502971904,1.0,1.0,0.0,1.0,0.0
17.524615137938543,7.55748774161461,0.0935674848305955,1.0,0.0,1.0,0.0,0.0
20.24116723582044,2.0227292397304497,0.4038022900673281,1.0,1.0,0.0,0.0,0.0
6.743740145742985,7.801812220686646,0.276852700660692,1.0,1.0,0.0,1.0,0.0
20.324635763258357,12.437600320127002,2.968117941147155,1.0,1.0,0.0,1.0,0.0
21.617912551424983,0.2711823167503961,1.2847279257622792,1.0,0.0,0.0,1.0,0.0
5.765935609951342,1.2386135548322148,0.5501384743714108,1.0,1.0,0.0,1.0,0.0
1.900369849485217,0.4227348413438799,0.5458435860961233,1.0,0.0,0.0,1.0,0.0
36.76026843093898,0.473157352226093,0.2076721784181276,1.0,1.0,0.0,1.0,0.0
36.55939553074925,0.1052371547665789,0.6438705048288986,1.0,0.0,0.0,1.0,0.0
1.5044836178802523,0.9548644414360636,0.9079873334728372,0.0,0.0,0.0,0.0,0.0
9.134477263580358,0.4934442379641451,2.255203628884629,1.0,0.0,0.0,0.0,0.0
1.4820122961437363,5.072956056768789,0.5515729462040888,0.0,0.0,0.0,0.0,0.0
16.652233931403735,1.6686760185124403,3.5198479638143643,1.0,1.0,0.0,1.0,0.0
13.850884955683703,3.578323182278305,0.2737798964167014,1.0,1.0,0.0,0.0,0.0
11.589179750646569,3.431390251782318,1.6947234520011365,1.0,0.0,0.0,1.0,0.0
2.53461667120347,1.0253246319376454,2.804231487765409,1.0,0.0,0.0,1.0,0.0
1.228458269219504,0.6927208167280307,2.64809021611409,0.0,0.0,0.0,0.0,0.0
2.5530585770395766,1.2963399136898033,1.814836784075768,1.0,0.0,1.0,0.0,0.0
3.799769407566455,0.8965218591939138,0.2216438964568214,1.0,1.0,0.0,1.0,0.0
28.744514331682296,1.9854347338316447,1.5446874732110094,1.0,1.0,0.0,1.0,0.0
12.662628231695225,0.416962242771491,2.884775814313721,1.0,0.0,0.0,1.0,0.0
2.0663370586574783,115.51541327283113,1.603158284951319,1.0,0.0,0.0,1.0,1.0
2.034041785252893,0.2669956773895547,13.227841340523083,1.0,1.0,0.0,0.0,0.0
119.4823768709094,0.2271659657021517,0.362367821875576,1.0,0.0,0.0,1.0,1.0
3.68040827756817,3.0217409632696244,2.026943833702037,1.0,1.0,1.0,0.0,0.0
7.885246251435538,0.1130890075410461,1.7394166470195638,1.0,0.0,0.0,0.0,0.0
6.155886051530342,0.2636041455759809,0.3011803738776622,1.0,0.0,0.0,1.0,0.0
4.202389948118525,0.24366641807618,1.3959841766159735,1.0,1.0,0.0,0.0,0.0
67.61181218446441,5.184152232461626,0.5475687734417525,1.0,1.0,0.0,0.0,0.0
97.94008254985852,0.1437220968964126,0.5584118035396338,1.0,0.0,0.0,0.0,0.0
8.573928301307678,4.431084218578077,2.4835557257495697,1.0,0.0,0.0,0.0,0.0
44.7818181220452,0.124767656512578,11.36404401054901,1.0,0.0,0.0,0.0,0.0
4.075831154054993,0.7700422834391026,0.7519676539898066,1.0,1.0,0.0,0.0,0.0
21.70943482367837,2.2179598042642032,1.3168305535870353,1.0,0.0,0.0,1.0,0.0
7.169197766376596,0.296835487265203,0.3742829271990524,1.0,1.0,0.0,1.0,0.0
16.55898958043644,1.7370648567885194,0.98431563822941,1.0,0.0,0.0,0.0,0.0
0.5044407745680567,3.045685471838422,0.7923451404276226,0.0,0.0,0.0,1.0,0.0
167.53752405776007,1.1548111396357894,0.9792041131097092,1.0,0.0,0.0,0.0,0.0
14.312964300421072,3.2387419807927564,1.4489811510207646,1.0,0.0,1.0,1.0,0.0
11.570488325533866,0.0630174040404705,10.971431587487103,1.0,1.0,0.0,0.0,0.0
7.940889271320736,0.3918064966588491,2.9320417609476976,1.0,0.0,0.0,0.0,0.0
6.005829531079702,2.812263352046632,4.532167600519683,1.0,1.0,0.0,1.0,1.0
10.828912261744437,3.9197674116494015,0.0751401400977713,1.0,0.0,0.0,1.0,0.0
5.199845479063709,0.1397329862615855,0.3691621918768277,1.0,1.0,0.0,1.0,0.0
26.96776519071021,0.6196981004590824,0.9270624549612284,1.0,1.0,0.0,0.0,0.0
11.793546684899738,1.04152393800224,0.7703753398754679,1.0,0.0,0.0,0.0,0.0
10.849626933846368,0.7354222580225734,0.1843585543067472,1.0,0.0,0.0,1.0,0.0
216.57691548352685,1.8208202546024368,1.4043953657728532,1.0,1.0,0.0,0.0,0.0
20.994759959214345,95.2293212933104,2.584403788090074,1.0,0.0,0.0,1.0,1.0
7.719963970960754,1.7399047698420678,0.1425223891724134,1.0,0.0,0.0,1.0,0.0
6.553505713886928,0.3271681318375672,1.977250714065545,1.0,0.0,0.0,0.0,0.0
0.2800697910744528,0.4382459209319104,1.311836708519249,0.0,1.0,0.0,1.0,0.0
1.7008782385391017,3.0420884626835285,0.562361584409029,0.0,0.0,1.0,0.0,0.0
125.83863597736386,3.100171932791565,0.1957814158861748,1.0,1.0,0.0,1.0,0.0
100.33480436486224,1.2879097310997316,0.1461779564785142,1.0,0.0,0.0,1.0,1.0
2.7561657235808985,2.2849445997797915,2.857977393667271,1.0,1.0,0.0,1.0,0.0
21.012523122642904,0.1405690072323186,0.4377144163580315,1.0,0.0,0.0,1.0,0.0
1.894830327251651,0.2323115847289552,0.2219051489837266,0.0,1.0,0.0,1.0,0.0
20.85263650465833,1.511887177971689,0.7690157412188497,1.0,0.0,0.0,1.0,0.0
7.319652750853621,1.0114597480161307,0.3707657732835708,1.0,0.0,1.0,1.0,0.0
9.344639587303943,1.9845474692572145,5.892590268095758,1.0,1.0,0.0,1.0,1.0
102.41711316705894,0.1451297299429578,0.3194758533209919,1.0,1.0,0.0,1.0,0.0
6.2914319486321535,0.7712240767962476,0.5487717107602439,1.0,0.0,0.0,1.0,0.0
3.608808577689303,15.936205642431393,0.40967297309147,1.0,1.0,0.0,1.0,0.0
6.587297107427356,0.1850124760269092,0.7647864356172437,1.0,0.0,0.0,1.0,0.0
4.676475383775051,0.5749383313307055,0.6597740237009746,1.0,0.0,0.0,0.0,0.0
12.922480918158112,0.1469113045743784,0.1878216537139788,1.0,0.0,0.0,1.0,0.0
0.7937344837442399,0.9671569337530684,0.5853998274569681,0.0,0.0,0.0,1.0,0.0
2.275652057528712,0.1780326395175863,0.5994758765532657,1.0,1.0,0.0,0.0,0.0
4.161722795953601,0.777864988248893,1.1184490920623469,1.0,0.0,0.0,1.0,0.0
12.673784440614734,1.515231851612833,0.9930437212092798,1.0,1.0,0.0,0.0,0.0
5.752953426292891,0.8643213276213357,0.5421651644601494,1.0,0.0,0.0,1.0,0.0
8.641379872998632,21.531877014628,2.590862230329403,1.0,0.0,1.0,0.0,0.0
1.3753097498323554,0.51538450106008,3.493106182863565,0.0,0.0,0.0,0.0,0.0
2.628767304047315,52.26023018841831,2.2404123867000374,1.0,1.0,0.0,1.0,0.0
9.332881011431445,78.70951582733099,0.4481139579837723,1.0,0.0,0.0,0.0,0.0
123.57127527659031,2.688829838581095,0.307854665558379,1.0,0.0,0.0,0.0,0.0
15.51616066616411,0.3089401867684714,0.5552295156794209,1.0,0.0,0.0,1.0,0.0
3.4054945472043414,0.2233712761671427,0.7102578939551173,1.0,0.0,0.0,0.0,0.0
39.37888504064067,0.4794000905818695,1.3428116113327473,1.0,0.0,0.0,1.0,0.0
152.11271186647454,0.3890683751840872,1.7125372233712088,1.0,0.0,0.0,0.0,0.0
43.92259820302807,1.9743724536819145,7.765934595257207,1.0,1.0,0.0,1.0,1.0
1.9722566590279809,0.9415040442707274,1.222449510086464,1.0,0.0,0.0,1.0,0.0
6.583043320061573,0.7321306848277374,1.0328714150251177,1.0,0.0,0.0,1.0,0.0
12.678548222386594,2.531025246885211,5.446646848820674,1.0,0.0,0.0,0.0,0.0
2.6844671119592003,2.483243230699656,0.6308363707785212,1.0,1.0,0.0,1.0,0.0
44.24167739701781,0.659897390442002,0.255117921546315,1.0,1.0,0.0,0.0,0.0
34.9040103636985,1.574108617119734,0.8674355471605102,1.0,0.0,0.0,1.0,0.0
8.78089918853055,35.87683861077124,0.2796767306898435,1.0,0.0,0.0,1.0,0.0
4.7153195651587785,2.850820222762769,1.3784339774857008,1.0,1.0,0.0,1.0,0.0
13.75921393399611,1.5311815180580917,1.0296776029701291,1.0,1.0,0.0,0.0,0.0
4.94439890851371,0.4567106739777622,0.4979922458291431,1.0,0.0,0.0,1.0,0.0
22.18843017551828,0.2185289627858748,1.3286758905975289,1.0,1.0,0.0,0.0,0.0
4.100080760440737,1.022089746817847,0.5099147496089173,1.0,0.0,0.0,0.0,0.0
30.529655141369396,0.4536033748290276,0.5018956209783967,1.0,0.0,1.0,0.0,0.0
114.15777009803318,0.0297286299164576,3.941076946109089,1.0,0.0,0.0,0.0,0.0
1.9634985083190863,0.4761678557263577,0.4207605122343704,1.0,0.0,0.0,0.0,0.0
6.505438886928878,0.3584112785833503,2.670246992982289,1.0,1.0,0.0,0.0,0.0
14.178381106033736,0.2054315874246661,1.1689796806361608,1.0,0.0,0.0,0.0,0.0
3.2248066072790422,0.0299643216338607,2.8513386436674257,1.0,1.0,0.0,1.0,0.0
0.999843969100354,0.0572604402164946,1.2167090568088883,0.0,1.0,0.0,1.0,0.0
18.431570645231016,14.42700196526848,0.8541782972575799,1.0,0.0,0.0,1.0,0.0
39.69497258470624,1.814464288345113,0.079663368459937,1.0,0.0,0.0,1.0,0.0
0.5600155834315358,0.3877423655763062,0.6189406418800899,0.0,0.0,0.0,1.0,0.0
2.6168338941199614,1.5253526513099094,1.2074045749371365,1.0,0.0,0.0,1.0,0.0
3.59957437817347,0.683268219186303,0.2878211422200226,1.0,0.0,1.0,0.0,0.0
3.688703136695862,3.443336238505772,0.2666316762801411,1.0,1.0,0.0,1.0,0.0
180.72068445037172,1.8316164380932,2.4804762707175345,1.0,0.0,0.0,1.0,1.0
4.798540754561435,3.068911069644509,1.2462727754480507,1.0,1.0,0.0,1.0,0.0
17.589249555066548,1.319039022892449,0.7867511013264871,1.0,0.0,0.0,0.0,0.0
8.811035125400847,0.984435479149649,0.4553060439415505,1.0,0.0,0.0,0.0,0.0
5.780212144445228,2.8432656285448736,1.0847845068025594,1.0,0.0,1.0,1.0,0.0
3.073259875113012,0.0247645958073067,1.1520585454870431,1.0,0.0,0.0,1.0,0.0
9.513595183305569,43.09463251231048,5.01696214516447,1.0,1.0,0.0,1.0,1.0
22.31916390166373,0.3502886193039199,0.4165052715620578,1.0,0.0,0.0,1.0,0.0
35.51712367143882,0.0506845587491662,1.1536065836503455,1.0,0.0,0.0,0.0,0.0
99.4904863666001,0.7074929165965393,10.96903406224215,1.0,1.0,0.0,0.0,0.0
34.183723348271776,0.0387747017606748,1.3004254821056724,1.0,0.0,0.0,0.0,0.0
10.319715711400669,0.8474667725624921,2.3466684912588383,1.0,1.0,0.0,1.0,0.0
21.355289069232366,6.289461315790305,4.708703374948018,1.0,0.0,0.0,1.0,1.0
9.567176224728405,0.2372255675394314,0.1944382740001917,1.0,1.0,0.0,1.0,0.0
64.55251878410282,1.4392525967644494,0.231232640860361,1.0,1.0,0.0,0.0,0.0
6.50281462154373,0.626986059092795,0.5870988685437414,1.0,0.0,0.0,0.0,0.0
51.14346487397489,0.2918868647138348,0.3299689319591246,1.0,1.0,0.0,0.0,0.0
14.930853339294307,25.876381538567813,2.033538571803664,1.0,1.0,0.0,1.0,0.0
2.4964927020719445,1.2336473080490342,0.1944205567616853,1.0,0.0,0.0,0.0,0.0
5.1853170399210855,0.1347605564512976,0.6933683888117881,1.0,0.0,0.0,1.0,0.0
1.668419236939488,4.56869985701132,0.591336521503012,0.0,1.0,0.0,1.0,0.0
22.84307858061532,2.353624828599597,3.71761761801469,1.0,1.0,0.0,0.0,0.0
0.7877510714066186,0.1245785861292849,1.2730694075752245,0.0,0.0,0.0,1.0,0.0
4.459992761434624,0.0350635483250404,1.725893678887129,1.0,0.0,0.0,1.0,0.0
171.68811512519017,8.640355774199827,0.3264318561520087,1.0,0.0,0.0,1.0,1.0
51.18553030852391,3.2874720629490137,0.3771239762242854,1.0,0.0,0.0,1.0,0.0
62.6820002660972,0.400502453923037,1.1299629101493065,1.0,0.0,0.0,1.0,0.0
26.50543599027918,18.969263913075583,1.7261061217498914,1.0,0.0,0.0,1.0,0.0
111.8140147678632,37.56699733357662,0.8777021274006283,1.0,0.0,0.0,0.0,0.0
38.4353805161227,0.5316539052293598,0.3826664357343122,1.0,0.0,0.0,1.0,0.0
2.0345511215804017,0.8744652344206398,2.0895389421707558,1.0,1.0,0.0,0.0,0.0
19.508648989442307,5.58831534377523,1.7933699950309805,1.0,0.0,0.0,1.0,0.0
0.5788562995527465,0.4645159543333909,4.152172368594263,0.0,0.0,0.0,1.0,1.0
2.8167397529569165,42.75411992090714,5.178841984470995,1.0,0.0,0.0,0.0,0.0
1.4758997842842625,8.893054904531866,1.7017151580821408,0.0,0.0,0.0,1.0,0.0
11.245546643394205,0.2817946997488155,1.6150803595845236,1.0,0.0,1.0,0.0,0.0
1.4878121305384713,0.1277865820945849,0.598468766081036,0.0,0.0,0.0,0.0,0.0
12.872120496750789,0.1223146896777332,0.4914701250524507,1.0,0.0,0.0,1.0,0.0
9.498438787845751,0.0664379144938029,0.8637072767387577,1.0,0.0,0.0,1.0,0.0
6.865357381683081,0.0182270748779256,1.9232745168011331,1.0,1.0,0.0,0.0,0.0
3.874139717673836,0.4116087476325571,2.466659208197446,1.0,0.0,0.0,0.0,0.0
9.133156788653514,28.276525015637883,3.227478402672812,1.0,0.0,0.0,0.0,0.0
97.61470321271452,3.123042134780634,1.4699712053102785,1.0,0.0,0.0,0.0,0.0
1.9894308014012057,0.0739250744263986,2.7551209822854386,1.0,0.0,0.0,1.0,0.0
3.5352206476090555,0.1645363617338649,1.0105149308113208,1.0,0.0,0.0,1.0,0.0
9.686407525987896,0.6141813510229255,0.4514984683935688,1.0,1.0,0.0,1.0,0.0
8.228660746546812,2.631530031227844,0.6992878055229035,1.0,1.0,0.0,1.0,0.0
0.8787510911800015,1.5880977808749652,0.6975002219042141,0.0,0.0,0.0,0.0,0.0
3.8283700481005063,0.7325607988474914,1.0841898080630894,1.0,0.0,0.0,0.0,0.0
52.0044335657692,0.7924943588544554,3.786735447799797,1.0,1.0,1.0,1.0,0.0
4.596824788366175,0.2184112986026998,2.1020887586061683,1.0,1.0,0.0,1.0,0.0
63.865092324229565,3.154612294210108,0.3980480774009216,1.0,0.0,0.0,1.0,0.0
11.392094906997134,279.86189851011125,0.2196416928129499,1.0,1.0,1.0,1.0,0.0
4.228884024551484,5.163165200360803,3.871525640561532,1.0,1.0,0.0,1.0,0.0
49.747623976440686,0.364661507894404,3.4846576147314927,1.0,0.0,0.0,1.0,0.0
10.957332183923992,0.2142186181255325,2.7625292574792275,1.0,1.0,0.0,1.0,0.0
45.47294466722549,6.686626114232489,3.3436776428428123,1.0,0.0,0.0,1.0,0.0
15.467762860176473,1.8615000012788403,2.397737106951264,1.0,0.0,0.0,1.0,0.0
12.37319182681806,10.60373557955132,0.4685850400299906,1.0,1.0,0.0,0.0,0.0
12.103111653710206,2.063881788436836,1.7204955965469488,1.0,0.0,0.0,1.0,0.0
8.404691593664642,0.9725116506442528,0.4093552226955675,1.0,1.0,0.0,1.0,0.0
9.543922872629912,2.721605385845949,1.813074840395018,1.0,1.0,0.0,0.0,0.0
0.2937782977544091,4.087264054522593,2.609514968094022,0.0,1.0,0.0,0.0,0.0
22.797837946061104,0.4816318048264563,0.0502920585113635,1.0,0.0,0.0,0.0,0.0
4.536392323317997,2.8696043324203657,0.9665265986717576,1.0,0.0,0.0,1.0,0.0
4.147089063100895,0.1059710051863654,3.830590823189301,1.0,1.0,0.0,0.0,0.0
9.258095882852553,1.1100444936677607,0.0689262997026321,1.0,0.0,0.0,0.0,0.0
3.481555127093072,1.0197267772108578,0.068581689407012,1.0,1.0,0.0,1.0,0.0
75.52127605402946,5.027099301994715,0.3760273707033298,1.0,1.0,0.0,0.0,0.0
5.526434057869084,0.3295913713242545,2.7950686359771417,1.0,0.0,0.0,0.0,0.0
7.301308497650255,0.2031798416424964,3.703556832871071,1.0,0.0,0.0,1.0,0.0
46.608227839,0.7697993112233901,0.9982873555797922,1.0,0.0,0.0,1.0,0.0
17.28990535574488,8.153964079641158,0.1722926023151665,1.0,1.0,0.0,1.0,0.0
13.28511678131836,2.6669022786982266,1.4525316059853082,1.0,0.0,1.0,1.0,0.0
11.307504123842072,44.64736611881173,2.155651928144165,1.0,1.0,0.0,1.0,0.0
7.86973515223421,0.3909061455914795,0.2673103241879177,1.0,1.0,0.0,1.0,0.0
2.1166925465965925,0.2675419296762058,0.2546986832438118,1.0,0.0,0.0,1.0,0.0
0.8643691645095137,1.6366992378793075,10.060990448264464,0.0,1.0,1.0,1.0,0.0
1.1642369179821923,10.340297878484344,3.888513786921126,0.0,1.0,1.0,1.0,0.0
21.50728794945179,0.388266572219364,0.2949686269086777,1.0,0.0,0.0,1.0,0.0
11.01085940810776,0.1676757040413983,0.4107477425797211,1.0,0.0,1.0,1.0,0.0
2.173461131710563,2.59694871371857,0.6878693685001366,1.0,1.0,0.0,1.0,0.0
5.016661216699252,2.6623286396556143,0.2774310557087319,1.0,0.0,0.0,0.0,0.0
2.256865114207586,2.265732939830216,1.8206230351773007,1.0,0.0,1.0,1.0,0.0
7.248279683259334,1.120350900032896,3.632777423150516,1.0,0.0,0.0,1.0,0.0
39.56257970748569,19.681137293396223,0.4282622293782397,1.0,0.0,0.0,1.0,0.0
21.039350948628478,1.4550379484712708,1.287182114758601,1.0,1.0,0.0,1.0,0.0
4.270781884296388,1.652688503284417,0.8311440027633764,1.0,0.0,0.0,0.0,0.0
1.766076487392812,0.349540590703963,0.6078943212483866,0.0,1.0,1.0,0.0,0.0
3.5809397409777883,0.515086983945602,0.1526622061842019,1.0,0.0,0.0,1.0,0.0
23.835124365985045,71.71894275561529,1.2508896271948422,1.0,0.0,0.0,1.0,1.0
9.79847224111758,1.593567337412631,2.629387479344335,1.0,0.0,0.0,1.0,0.0
22.074250884158257,0.249361287703906,1.1965784779559854,1.0,0.0,0.0,0.0,0.0
6.048183958910284,0.1509636526078361,0.1367931153509115,1.0,0.0,0.0,0.0,0.0
1.1820543209014478,0.0076574327788737,0.8353017973524087,0.0,0.0,0.0,0.0,0.0
3.209955285437456,0.0647657736316155,0.5110986214310952,1.0,0.0,0.0,1.0,0.0
5.663368952044273,2.642035792140416,0.926107446206826,1.0,0.0,0.0,1.0,0.0
10.048949835402189,0.8754647248704384,0.4051375509915908,1.0,0.0,0.0,1.0,0.0
2.368907032173716,0.3120306516407368,5.7156358619561685,1.0,0.0,0.0,0.0,0.0
3.365892129763265,0.1487803029958625,4.159650603812598,1.0,1.0,0.0,0.0,0.0
17.919954047524314,0.3929957441972559,1.4303678717947852,1.0,0.0,1.0,1.0,0.0
26.769643389721363,0.5642636335496757,1.0735532486957573,1.0,1.0,0.0,0.0,0.0
12.127392810300762,2.7424120696271,0.8884129563810582,1.0,0.0,0.0,1.0,0.0
1.9402351414186396,0.0387037687746273,1.4166926206633852,1.0,1.0,0.0,1.0,0.0
0.2330522704179864,3.929532755340717,0.2305011137058715,0.0,0.0,0.0,1.0,0.0
17.934986460659157,0.3531009614306982,8.875934195187204,1.0,0.0,0.0,1.0,1.0
20.94256371974153,0.3990546190052357,0.8786440836696127,1.0,1.0,0.0,1.0,0.0
51.02989595726464,0.9742614898238536,1.2078300642550337,1.0,0.0,0.0,0.0,0.0
1.6896657717865389,0.7335479398140788,3.1737309946316814,0.0,1.0,0.0,1.0,0.0
4.9685579193559,0.1460292967255238,16.685460743478693,1.0,0.0,0.0,1.0,1.0
5.968203587540371,21.89773630137337,1.6036011849096723,1.0,0.0,0.0,0.0,0.0
0.544828092310196,0.1038763527697198,0.60644182134821,0.0,0.0,0.0,0.0,0.0
0.4919301460545951,0.7933282783773162,1.521694747017515,0.0,0.0,0.0,1.0,0.0
10.443920101427526,0.3215389383019317,0.7225022732092333,1.0,1.0,0.0,1.0,0.0
7.483204823667107,1.4182100054382298,0.7711016738741628,1.0,1.0,0.0,0.0,0.0
5.448104370990285,1.1171524572067593,1.8151835194854928,1.0,1.0,0.0,0.0,0.0
25.183324379552783,2.061419154990485,0.977513126525542,1.0,0.0,0.0,1.0,0.0
1.991170704974832,0.1553318200715392,2.0340658297374405,1.0,1.0,0.0,1.0,0.0
121.2560668381318,2.883954379379829,5.4283378202272505,1.0,1.0,0.0,1.0,1.0
18.256075064133118,17.07276421079051,2.691535476161534,1.0,1.0,0.0,0.0,0.0
4.0964016492598345,0.8107926393580179,1.7654094116195698,1.0,0.0,0.0,0.0,0.0
9.164954391508568,5.351098894196293,0.2961634733618305,1.0,1.0,0.0,1.0,0.0
25.755962300725557,0.1902012336887555,1.0750983719205778,1.0,0.0,0.0,0.0,0.0
2.751481537786084,0.1509679993881869,1.246425595217295,1.0,0.0,0.0,1.0,0.0
17.282319796960532,0.2951492951145839,0.6897814220582296,1.0,0.0,0.0,1.0,0.0
42.97298709721514,0.939584140873604,0.5664401587058785,1.0,1.0,0.0,0.0,0.0
7.641365731455995,0.3359955887137313,7.732015798435619,1.0,0.0,0.0,1.0,1.0
32.75642811761784,0.0144973453693297,0.6847224379693622,1.0,0.0,0.0,0.0,0.0
5.462527246929342,7.452567369367904,1.08268447745937,1.0,0.0,1.0,0.0,0.0
12.146291543366972,0.0618721872484582,0.2521082695087997,1.0,0.0,0.0,0.0,0.0
30.25043617055064,13.094117465314014,2.3893773229395143,1.0,1.0,0.0,0.0,0.0
68.02791258593182,5.546112033421929,1.5336067258327932,1.0,0.0,0.0,1.0,0.0
2.7067260959036914,0.1520373818318302,0.2108057058287504,1.0,1.0,0.0,1.0,0.0
17.680608772182357,17.03509553195677,2.4849289687046165,1.0,1.0,0.0,1.0,0.0
2.26122423427683,0.0752465493026575,2.3876607048124074,1.0,1.0,0.0,1.0,0.0
6.266835488172148,0.2117567819721098,2.021705905490229,1.0,1.0,0.0,1.0,0.0
4.161975398166292,9.57410924797595,0.5707625033664585,1.0,0.0,0.0,0.0,0.0
18.59378434076836,0.2004694745024735,1.271774801613907,1.0,1.0,0.0,0.0,0.0
9.670114098743207,0.0101346523794919,0.1931119766581806,1.0,1.0,0.0,0.0,0.0
15.21960095907875,0.0916425547103969,4.620351740054279,1.0,1.0,0.0,1.0,1.0
3.6456959023481033,0.2076657925582013,0.2950665853746425,1.0,1.0,0.0,1.0,0.0
0.9748660042081722,4.719210825478744,4.387536176053162,0.0,0.0,0.0,1.0,1.0
1.4808850033894652,2.539967287795081,0.4572859146212781,0.0,1.0,0.0,0.0,0.0
13.330111859013847,0.0949876737944074,1.9567085134177131,1.0,0.0,0.0,1.0,0.0
18.62729073797678,8.985185406529876,0.2287512584190386,1.0,1.0,0.0,0.0,0.0
1.4951805485519656,1.2895389646790871,0.2555266141314042,0.0,0.0,0.0,1.0,0.0
754.1573913724699,2.394763378687442,0.5410173141687906,1.0,1.0,0.0,0.0,0.0
13.566528917180015,0.5570456728291212,0.5131771250110905,1.0,0.0,0.0,0.0,0.0
2.1815060412164367,0.9730717629358364,0.8542797843776068,1.0,0.0,0.0,0.0,0.0
29.590344729537577,4.264308667062188,6.284104413534697,1.0,1.0,0.0,0.0,0.0
56.19548918333072,1.0351817567561583,0.94220110576859,1.0,0.0,0.0,1.0,0.0
0.6483917374000756,0.3382049240330819,0.3488047275227726,0.0,0.0,0.0,1.0,0.0
1.541895135586858,1.647701341440616,1.5603013777067172,0.0,0.0,0.0,1.0,0.0
2.789667150697957,0.0455794046403247,1.6382735136161064,1.0,0.0,0.0,1.0,0.0
49.635011217553306,11.571123360631615,5.656882579864856,1.0,0.0,1.0,1.0,0.0
7.216956028007758,14.201768807947706,0.1109584873616331,1.0,1.0,0.0,1.0,0.0
46.52038092720484,2.661132251826288,6.5526285726396285,1.0,0.0,0.0,0.0,0.0
22.53893898755393,93.11288357688738,0.5237609231269371,1.0,0.0,0.0,1.0,1.0
4.589220838615146,0.8576061831598715,1.152987011997513,1.0,1.0,0.0,1.0,0.0
11.828067440575932,0.2292505813776963,0.9584020119658364,1.0,1.0,0.0,1.0,0.0
17.06283285945854,1.4028018934204427,0.8421629142116821,1.0,0.0,0.0,1.0,0.0
24.893646802000347,0.4297532297171546,0.0764621677924276,1.0,0.0,1.0,1.0,0.0
14.522285059032468,0.0350522818296013,5.123320490103268,1.0,0.0,0.0,1.0,1.0
3.850209127527749,286.77600549366826,0.2611093571334736,1.0,0.0,0.0,1.0,1.0
6.717643570118242,8.058018079681906,0.2401488844519685,1.0,1.0,0.0,1.0,0.0
34.52880020178065,0.3145689243204818,1.7079866250286455,1.0,0.0,0.0,0.0,0.0
70.60499449746081,1.8506677781016616,0.3963374801579943,1.0,0.0,0.0,1.0,0.0
32.28811626668502,0.3745642081036675,0.1783350907976423,1.0,1.0,0.0,1.0,0.0
1.3807550674324736,0.5422653442573928,0.2370542164179519,0.0,1.0,0.0,1.0,0.0
40.47778759600914,1.4851861321878077,3.293133290103737,1.0,0.0,0.0,1.0,0.0
20.19204455476529,0.4781907110458515,0.6201254480695493,1.0,0.0,0.0,1.0,0.0
128.01770599639585,0.1797895019201607,1.338353464153768,1.0,0.0,1.0,1.0,0.0
3.99782669287064,1.311127237087963,2.376867911005235,1.0,0.0,0.0,1.0,0.0
0.6410322579580021,9.629135391577677,0.5710284791207686,0.0,0.0,0.0,1.0,0.0
2.0597831964633304,0.510251544884799,0.6560740531792556,1.0,1.0,0.0,0.0,0.0
7.680412957303258,19.03921892850604,0.3261553431415659,1.0,0.0,0.0,1.0,0.0
56.934544944828346,3.904430247344816,2.464136565923136,1.0,0.0,0.0,1.0,0.0
4.269996043931749,8.605490938774857,1.5484156865616767,1.0,1.0,0.0,0.0,0.0
1.8847347419765497,7.165057624495559,1.6554439239406291,0.0,0.0,0.0,1.0,0.0
11.244933310491836,26.590014706372777,10.067496400376603,1.0,1.0,0.0,0.0,0.0
2.9698434199740213,1.948874331044245,1.970332271175504,1.0,0.0,1.0,0.0,0.0
1.921661429840444,0.0725540791487954,3.1702864764993097,1.0,1.0,0.0,0.0,0.0
1.4741850544211892,6.565815528134388,0.6583343003107842,0.0,1.0,0.0,1.0,0.0
7.321397616549086,0.1025628403684265,1.2003292477079996,1.0,1.0,0.0,1.0,0.0
6.151617091964831,4.23050014022038,0.5140388943995251,1.0,1.0,0.0,1.0,0.0
4.194341599229525,3.014260143981238,0.2422803182128141,1.0,1.0,0.0,0.0,0.0
1.0729275963600826,0.4340423028225057,0.2809621229737618,0.0,0.0,0.0,0.0,0.0
14.578528097823908,0.2720858258958379,1.3448109817123863,1.0,0.0,0.0,1.0,0.0
94.65313652621404,0.0179168276544562,0.7425372385818526,1.0,1.0,1.0,1.0,0.0
8.610077676659705,1.910509951739392,3.134723655882353,1.0,0.0,0.0,1.0,0.0
13.001703030265686,0.7987897798435912,7.512039355336418,1.0,0.0,0.0,0.0,0.0
15.877912812750386,1.7668440772223863,2.8243738456577403,1.0,0.0,0.0,1.0,0.0
1.571232594184231,0.2324762615071322,0.5319774517601431,0.0,0.0,0.0,0.0,0.0
11.85965039786802,2.28597353601992,3.309422689265469,1.0,1.0,0.0,1.0,0.0
464.8336958475668,1.9394191753966263,0.3953532143752169,1.0,0.0,1.0,1.0,0.0
206.32798381555097,0.3275712159808945,0.1279289885254673,1.0,1.0,0.0,1.0,0.0
16.283114075444256,2.351263621595441,0.4274698044671109,1.0,1.0,0.0,0.0,0.0
52.630074048315166,0.6514852976668458,1.0061668485965538,1.0,0.0,0.0,0.0,0.0
6.374103627643117,0.1238039970911971,3.6926560547835727,1.0,0.0,0.0,1.0,0.0
35.87338430834984,1.8480359526854877,4.809084417372202,1.0,1.0,0.0,1.0,1.0
7.4058444133621,0.1426440592565249,7.083739081925824,1.0,0.0,0.0,1.0,1.0
524.8381478408547,2.658364011674681,1.5580761832474397,1.0,0.0,0.0,1.0,1.0
0.7212244244769724,13.206884069433242,1.1570197540044382,0.0,1.0,0.0,1.0,0.0
1.9569420747623345,0.0101278081157716,0.0953716448791649,1.0,0.0,0.0,0.0,0.0
4.273191643227216,1.470505101249262,1.007599785628771,1.0,0.0,1.0,1.0,0.0
32.780536870007964,1.4223933561539468,0.9239157627145972,1.0,1.0,0.0,1.0,0.0
2.592720078721675,0.0758140099784894,3.072322129158705,1.0,1.0,0.0,1.0,0.0
7.662529579999027,36.58363401400633,1.279475192703721,1.0,0.0,0.0,1.0,0.0
24.789873088183924,0.141934767032216,0.7178669268165002,1.0,1.0,0.0,0.0,0.0
22.417203893687983,1.9091897290771245,1.4070005238325816,1.0,0.0,0.0,1.0,0.0
12.554978574907995,0.4153326246826284,1.357705513243378,1.0,0.0,0.0,1.0,0.0
8.473998781341104,0.3540268783442561,2.479942820719616,1.0,0.0,0.0,1.0,0.0
20.1075212419323,7.779269619210885,0.5552418523333457,1.0,0.0,0.0,0.0,0.0
3.655750208854716,0.0139494391504091,0.6687179630916817,1.0,1.0,0.0,1.0,0.0
37.99687213778239,0.5062752358981221,0.9879916076744256,1.0,1.0,0.0,1.0,0.0
5.98363645498045,0.4159578177899209,0.7610154445304311,1.0,0.0,0.0,0.0,0.0
10.783796099164013,0.4751228878225773,0.0939497488494112,1.0,1.0,1.0,1.0,0.0
7.421997134205443,52.94206451596646,0.6159226948246022,1.0,1.0,0.0,1.0,0.0
2.004859157538523,8.047164900055115,1.274429139104047,1.0,0.0,0.0,1.0,0.0
21.300613511990186,3.2783204468487144,0.1913158052545804,1.0,1.0,0.0,1.0,0.0
10.015858747432365,1.0402814136380896,2.9154505160524,1.0,0.0,0.0,1.0,0.0
37.82602730306049,1.216441350063494,0.8979281091036141,1.0,0.0,0.0,1.0,0.0
12.154431403626884,0.2837331405869714,1.4003516379719776,1.0,1.0,0.0,1.0,0.0
1.3167310754276895,0.016223119771018,0.5523388730360769,0.0,1.0,1.0,0.0,0.0
3.768884156297273,3.9152940524444255,0.8210945984443655,1.0,0.0,0.0,0.0,0.0
5.446241675758964,0.1654274665733122,1.837426140208492,1.0,1.0,0.0,1.0,0.0
17.63149600025307,1.4738936497311954,2.145865832069225,1.0,0.0,0.0,1.0,0.0
234.67256807217925,0.0165283156358974,0.5363440667797519,1.0,1.0,0.0,1.0,0.0
44.86923438299323,0.0132682313802462,0.4076456216223728,1.0,0.0,0.0,1.0,0.0
13.587139589858053,0.6732860372046711,0.7571114794287785,1.0,0.0,0.0,0.0,0.0
108.84725145377038,1.369634374562377,1.6824739096105483,1.0,0.0,0.0,1.0,1.0
1.293131566434624,5.624593560244584,2.4133942016255374,0.0,0.0,0.0,0.0,0.0
26.962361592838192,19.87259860222441,1.1808487042130542,1.0,0.0,0.0,0.0,0.0
10.603859933311824,0.2873473585263967,0.3495378231700803,1.0,1.0,0.0,1.0,0.0
2.6382008387268376,11.998288916679876,0.8891231850974612,1.0,1.0,0.0,0.0,0.0
38.2041421061176,4.27453627175802,0.3772330190261133,1.0,0.0,0.0,0.0,0.0
22.12887103706781,0.3607611911002706,0.9487844000344304,1.0,0.0,0.0,1.0,0.0
12.237376924627965,0.3422243456757735,1.59576603090567,1.0,0.0,0.0,1.0,0.0
6.297002123409343,0.0705772117912142,0.310567739751911,1.0,0.0,0.0,1.0,0.0
15.500207935883166,1.9702148005477071,0.1308375529295338,1.0,0.0,0.0,1.0,0.0
26.71441906154507,0.3081034294741135,2.225303388591232,1.0,0.0,0.0,1.0,0.0
0.4101205873081768,26.478867588148383,0.8219808660275634,0.0,0.0,0.0,1.0,0.0
0.8880311419651056,0.7991095722594349,1.057618570279933,0.0,0.0,0.0,1.0,0.0
17.14573498677907,6.69484735523909,0.4694007320550878,1.0,1.0,0.0,1.0,0.0
5.588888713619977,8.858630816319389,1.1032678549909254,1.0,0.0,0.0,0.0,0.0
9.676049208772804,0.9736825483101108,4.078293590678149,1.0,0.0,0.0,1.0,1.0
31.37157812295882,1.4988129435317985,0.2301669192540192,1.0,0.0,0.0,0.0,0.0
114.72921192383102,1.1279052838836572,3.8086630571058895,1.0,0.0,1.0,1.0,0.0
2.821193106786429,1.5251780495562055,0.2923758223632699,1.0,0.0,0.0,1.0,0.0
5.022262588238897,1.6160936123390717,0.572752452244227,1.0,0.0,0.0,1.0,0.0
0.6650197159926833,0.069382785133781,0.6765455296021805,0.0,0.0,0.0,0.0,0.0
1.4165883476314178,0.7782287354264891,1.3760636027877302,0.0,1.0,0.0,0.0,0.0
120.93452444423733,2.678918185541515,1.3958432429023853,1.0,0.0,0.0,0.0,0.0
17.95066642651355,4.2024478841049575,0.572828358111685,1.0,0.0,0.0,1.0,0.0
37.82873510172,2.9640348103554546,1.3149981103382171,1.0,0.0,0.0,1.0,0.0
5.224587305839844,17.978816081610812,0.7744595458996165,1.0,0.0,0.0,0.0,0.0
6.1679186224505935,16.63860594783174,0.2848572765736042,1.0,0.0,0.0,0.0,0.0
215.7338628446034,0.8237941329440742,0.655727731804956,1.0,1.0,0.0,1.0,0.0
5.555174211190691,0.0535667653388803,0.7192546106159557,1.0,0.0,0.0,1.0,0.0
1.236272251812329,0.9702355731660586,2.741413774720212,0.0,0.0,0.0,1.0,0.0
31.491196489073616,24.415977346560773,1.2179397782940131,1.0,0.0,0.0,1.0,0.0
37.59407761311712,0.224486234481253,13.524071337497189,1.0,1.0,0.0,1.0,1.0
7.915576440082863,2.2386157407405203,8.356437842286443,1.0,0.0,0.0,1.0,1.0
3.4313249641978127,1.3562713788889134,2.3829452268966693,1.0,0.0,0.0,1.0,0.0
20.49360635777615,0.516549803585087,4.712078670943552,1.0,0.0,0.0,1.0,1.0
14.591435390526147,1.2781850071228231,2.5692439762427206,1.0,0.0,0.0,0.0,0.0
85.04278964969083,0.1906868007910712,0.8075285061422859,1.0,0.0,0.0,1.0,0.0
480.12627506434666,3.928591620580104,0.1320661638739725,1.0,0.0,0.0,1.0,1.0
19.83282876854183,1.5643855533965,0.3844068467674114,1.0,0.0,0.0,0.0,0.0
3.374459702035595,6.674702941378161,1.2144753839596545,1.0,0.0,0.0,1.0,0.0
0.4568688684248666,0.1181811833911184,10.066044146073931,0.0,1.0,0.0,1.0,1.0
3.7330604279269344,3.5431337945731576,2.436082761337054,1.0,0.0,0.0,1.0,0.0
21.47779157274289,2.7089867415822773,1.6958867820878003,1.0,1.0,0.0,1.0,0.0
23.085527502881654,71.3059650760646,2.690890551216339,1.0,0.0,0.0,1.0,1.0
6.257619300423871,0.5811213866262708,0.2296674535468638,1.0,0.0,0.0,1.0,0.0
29.49977137404171,1.6348252648313024,4.433807088660898,1.0,0.0,1.0,1.0,0.0
12.981398402426978,0.1978286469850768,0.5533317612639899,1.0,0.0,0.0,1.0,0.0
25.734362423503224,2.9044651375166604,0.9128034702321516,1.0,1.0,0.0,0.0,0.0
38.3860623758777,5.720812854123522,12.9274437426415,1.0,0.0,0.0,1.0,1.0
11.173431906165373,0.0805613006344686,2.4873064913477823,1.0,1.0,0.0,1.0,0.0
1.845087583599412,6.56589910544509,0.6131360230579838,0.0,1.0,0.0,0.0,0.0
1.2575991229565302,0.1833483078376459,0.7876890541634268,0.0,0.0,0.0,1.0,0.0
4.798524083224706,0.0708891993069224,1.5896764682393898,1.0,1.0,0.0,1.0,0.0
163.5822257362912,8.943566269087384,1.4986032992215204,1.0,0.0,1.0,1.0,0.0
24.642705333226765,11.742545389710934,1.1919361396780102,1.0,1.0,0.0,0.0,0.0
57.045581568487016,18.069431949242517,3.869495505196825,1.0,0.0,0.0,1.0,0.0
6.166595361830747,19.95229752250232,1.195010758703242,1.0,1.0,0.0,0.0,0.0
2.056158976029907,0.9808207761146878,0.9018949293858024,1.0,0.0,0.0,1.0,0.0
59.2386650399386,0.0152647247649237,6.533874674510978,1.0,0.0,0.0,0.0,0.0
29.03631807050937,7.599638038643308,0.5216366446875664,1.0,0.0,0.0,1.0,0.0
2.538619073025297,1.0949627727996236,0.0612791355488588,1.0,0.0,1.0,0.0,0.0
10.711045217184894,0.7969062491602859,8.172006656598546,1.0,0.0,0.0,1.0,1.0
15.340942116927092,0.0375915915475487,0.5033666733281993,1.0,1.0,0.0,1.0,0.0
6.787604277977321,0.294996813493755,0.3544096177298027,1.0,0.0,1.0,0.0,0.0
5.959058098298555,2.366746279761661,3.328252796351327,1.0,0.0,0.0,1.0,0.0
38.28245287008303,0.2765408100900914,0.505512093265678,1.0,1.0,0.0,0.0,0.0
22.38077582455082,31.498432075743988,0.2613731674954763,1.0,0.0,0.0,0.0,0.0
8.40529537672536,11.828642819008651,0.8170442985832936,1.0,0.0,0.0,1.0,0.0
5.492335089541569,9.382621002126069,0.9505489638631652,1.0,0.0,0.0,0.0,0.0
26.44336738495194,0.1539578361625202,2.60266305303196,1.0,0.0,0.0,1.0,0.0
21.478214549012105,0.0674586425707238,0.6794274758221274,1.0,0.0,0.0,1.0,0.0
14.779623329767023,0.059926875626748,2.334464370635153,1.0,0.0,0.0,1.0,0.0
7.885389739563823,0.2008800248799164,4.353738571215024,1.0,0.0,0.0,1.0,1.0
1.0076279596260722,0.6445453035883731,0.2196074789896386,0.0,0.0,0.0,1.0,0.0
0.3180022954337693,0.0073936539382802,0.3235324626363165,0.0,0.0,0.0,1.0,0.0
20.540384318971878,0.067208794377067,0.4942620217085858,1.0,1.0,0.0,0.0,0.0
19.136049540196275,2.323013959696938,0.5470034056193381,1.0,0.0,0.0,0.0,0.0
3.865091491024241,1.5091243730043484,3.462492995152193,1.0,0.0,0.0,1.0,0.0
29.2594702850398,2.625602782338546,0.7761995588169437,1.0,1.0,0.0,0.0,0.0
12.316614240515944,0.5979081295160859,1.1021301499019638,1.0,0.0,0.0,1.0,0.0
11.127299758794775,0.0214264819734767,0.32228209873235,1.0,1.0,0.0,1.0,0.0
18.18268599197921,39.51538072987975,2.899579135021427,1.0,0.0,0.0,1.0,0.0
35.5338706052429,5.09292995646181,6.502005071195498,1.0,1.0,0.0,1.0,1.0
95.80189378557216,0.3234296307818716,2.1035856777706115,1.0,0.0,0.0,1.0,0.0
67.76458178699042,0.2459008592179432,1.1067823462021111,1.0,0.0,0.0,0.0,0.0
2.629353222677892,1.946347944995604,0.7365714934588669,1.0,1.0,0.0,1.0,0.0
14.242460020891029,0.6465075849042496,2.8515687406310457,1.0,0.0,0.0,0.0,0.0
6.442575572291205,3.086142028584541,4.135241827759304,1.0,0.0,0.0,1.0,1.0
60.56326132168356,6.313180229996335,0.2324880163282519,1.0,0.0,0.0,0.0,0.0
11.31244291388279,0.36948884001531,0.7745390885436974,1.0,1.0,0.0,0.0,0.0
5.757216690383014,0.2039223448733713,0.5685952433864788,1.0,0.0,0.0,0.0,0.0
83.62873423532291,0.2327901815879713,2.750657607716131,1.0,0.0,0.0,1.0,0.0
4.060492758359353,0.0652992709350365,2.9595722287706114,1.0,0.0,1.0,1.0,0.0
4.185702792322451,5.1751188474751855,0.3597966495447666,1.0,1.0,0.0,1.0,0.0
9.853207819618426,0.7561957858654849,3.703947845166376,1.0,0.0,0.0,0.0,0.0
10.853195964181324,3.570770216198011,3.0462750768187807,1.0,0.0,0.0,0.0,0.0
1.170892163821515,0.065302857076956,2.4873762811066347,0.0,1.0,0.0,1.0,0.0
3.5662037956804595,0.116550602723118,0.4409839502348767,1.0,1.0,0.0,1.0,0.0
31.273294400564648,2.6472251866554624,2.58343999310341,1.0,1.0,0.0,1.0,0.0
2.63485521937314,0.5516323270017378,1.7743114763465675,1.0,0.0,0.0,0.0,0.0
3.452043577418038,0.1453516074764479,8.518210579448468,1.0,1.0,0.0,0.0,0.0
4.256700121596993,0.460240040903551,5.503941924799988,1.0,1.0,1.0,0.0,0.0
10.968239365956231,0.1335721476233687,1.6723109612032012,1.0,0.0,0.0,0.0,0.0
26.873499164307056,3.9935116444491454,0.4235650142060762,1.0,1.0,0.0,1.0,0.0
0.4577216813448491,1.2022402135766417,0.2054519339129454,0.0,1.0,0.0,0.0,0.0
60.13181593200496,0.4693045389089668,6.346370506287108,1.0,0.0,0.0,1.0,1.0
8.61481205809385,0.0993587647326889,0.2597089437982253,1.0,0.0,0.0,1.0,0.0
13.943446680859072,8.52196441499752,1.2041062596258176,1.0,0.0,0.0,1.0,0.0
19.591382047453727,9.263835632414596,3.132967096504717,1.0,0.0,0.0,0.0,0.0
2.452190890522118,0.2134400258049114,0.1920290696709649,1.0,1.0,0.0,1.0,0.0
7.209145370618487,2.6540963732458027,1.7027352668371745,1.0,0.0,0.0,1.0,0.0
37.82563588213395,0.1204145124834621,0.4380902615147675,1.0,0.0,0.0,1.0,0.0
7.837964867788397,19.384709123101278,0.1098224495848251,1.0,0.0,0.0,1.0,0.0
3.074726437238536,0.6674128904762596,1.1077108318721711,1.0,0.0,0.0,0.0,0.0
3.8107231468932654,0.9049442411375802,0.4919524888418762,1.0,0.0,0.0,1.0,0.0
2.516041764645274,0.0306375408530417,5.8786285947761705,1.0,0.0,0.0,0.0,0.0
38.7498331034825,0.8840775983826065,0.1476955534689175,1.0,1.0,0.0,1.0,0.0
10.723675087427509,0.5319382213667992,0.5929056340207971,1.0,0.0,0.0,0.0,0.0
11.964305904066608,2.2738502166632704,1.5517158875056574,1.0,1.0,0.0,1.0,0.0
3.5057849382129658,1.8306839193157116,0.1601898812323285,1.0,0.0,0.0,1.0,0.0
18.93732329254787,4.130574466248662,0.210569218971172,1.0,1.0,0.0,1.0,0.0
36.85648628942607,2.6470682020580467,0.1149837935547295,1.0,1.0,1.0,1.0,0.0
9.706660609789054,9.419067911790217,0.3898122760376643,1.0,0.0,0.0,1.0,0.0
25.501921408409185,0.2852791494814105,0.4693419611441421,1.0,0.0,0.0,1.0,0.0
7.723210947241137,0.1593307964188978,0.495535024949311,1.0,0.0,0.0,1.0,0.0
7.750080605091154,1.0769500624920898,0.9712386012549734,1.0,0.0,0.0,1.0,0.0
2.4096488669517657,6.865615451035557,1.9166805614143196,1.0,0.0,0.0,1.0,0.0
16.719544581630363,1.2670357554196054,0.9335913494760396,1.0,1.0,0.0,0.0,0.0
1.553752946023481,2.009986851907485,5.510296653162884,0.0,0.0,0.0,1.0,1.0
1.4647852833444652,0.3082319511058639,1.1760242639134668,0.0,0.0,0.0,1.0,0.0
3.396197640203367,0.2713302538424797,1.065320293997469,1.0,1.0,0.0,0.0,0.0
1.828897889734156,0.4153731901728502,1.213362117576145,0.0,0.0,0.0,1.0,0.0
7.46502948105624,245.97780257273652,1.7011122970143386,1.0,0.0,0.0,1.0,1.0
67.24684156497908,0.1672520120703078,1.9842361209398949,1.0,1.0,1.0,1.0,0.0
14.429471815129707,0.0690469659234156,5.700061504949478,1.0,0.0,1.0,1.0,0.0
6.302699383473349,1.253827389689795,0.7736732384359912,1.0,1.0,0.0,1.0,0.0
9.341176202108713,2.9462666913559565,4.097203489215478,1.0,0.0,0.0,1.0,1.0
9.061455406862894,4.108838712695771,0.6467739841473708,1.0,1.0,0.0,1.0,0.0
62.31368614840278,0.1746074345969762,0.8435359843250018,1.0,0.0,0.0,1.0,0.0
0.6869931375321547,1.94859007031948,19.74931379911616,0.0,1.0,0.0,0.0,0.0
1.3036111457453496,0.8567182278689262,2.060506687822085,0.0,0.0,0.0,1.0,0.0
2.571693629992576,0.0023244533551463,1.6161502983851808,1.0,0.0,0.0,1.0,0.0
8.108998951207278,5.918536671980241,0.1722464746203074,1.0,1.0,0.0,1.0,0.0
3.2215238965817226,0.5898308569562617,1.388641979459968,1.0,0.0,0.0,0.0,0.0
35.552807114839545,4.380852073450384,0.698184691047869,1.0,0.0,0.0,0.0,0.0
26.56882422692508,33.06739203964324,0.3390857627330026,1.0,0.0,0.0,1.0,0.0
25.149076374915143,0.5558451168598271,0.8206308257129088,1.0,1.0,0.0,0.0,0.0
1.640901848045579,4.445509044951715,0.1217486460956594,0.0,1.0,0.0,1.0,0.0
36.10251853519632,0.9069539942270036,3.508901463629424,1.0,0.0,0.0,1.0,0.0
6.343508240331719,2.468035638371755,2.36068294212685,1.0,0.0,0.0,1.0,0.0
18.34362188995853,8.524914963394824,1.270980102300164,1.0,0.0,0.0,0.0,0.0
4.489987556123988,0.4413992380720324,0.6783278741905012,1.0,1.0,0.0,0.0,0.0
332.5061272868608,0.2934430994488244,1.2236406034744327,1.0,1.0,0.0,0.0,0.0
3.5290772930313,1.4777934213459605,5.143331957257373,1.0,0.0,0.0,1.0,1.0
7.267116821206352,0.0937300666812071,0.6975513991615124,1.0,0.0,0.0,1.0,0.0
73.63826446268533,1.9900615347720905,0.5591636530395558,1.0,1.0,0.0,1.0,0.0
4.086142177137152,55.051534149202205,1.3635814384217686,1.0,1.0,0.0,0.0,0.0
1.3927673626788082,0.0157423431686313,0.2934970643501025,0.0,1.0,0.0,1.0,0.0
12.868836779464402,6.629076940304686,0.8546164922968316,1.0,0.0,0.0,1.0,0.0
10.04000738231807,0.3538902088536453,5.680606035084244,1.0,1.0,0.0,0.0,0.0
7.864543917805456,0.0512427602287713,0.807777075029197,1.0,0.0,0.0,1.0,0.0
101.33686857340504,0.1009092154171111,2.0877788526343126,1.0,0.0,0.0,0.0,0.0
29.485341136397597,0.2703038791108086,7.367106150848703,1.0,0.0,0.0,1.0,1.0
86.16062084629897,1.36455292905749,0.658098593264417,1.0,1.0,1.0,1.0,0.0
7.266782801879555,2.7727988973601367,1.201639574365788,1.0,0.0,0.0,1.0,0.0
2.558673477614396,0.0550081232539494,0.7019549941146508,1.0,1.0,0.0,0.0,0.0
3.385037145746855,2.392019030753252,6.0951455583244725,1.0,0.0,0.0,1.0,1.0
14.782859866033558,24.384959900270623,0.4531342538556524,1.0,0.0,0.0,1.0,0.0
5.274969171771881,0.2491798114980016,1.8483635633604496,1.0,0.0,0.0,1.0,0.0
28.127981798230373,5.832581927580613,1.6122311668958351,1.0,0.0,0.0,1.0,0.0
30.688041573762398,0.2096196648214411,0.7902075978982261,1.0,0.0,0.0,1.0,0.0
6.751042348596581,1.5729167998588676,0.1833663864413224,1.0,1.0,0.0,0.0,0.0
4.212641607148293,0.8932783619878366,1.0097427033108906,1.0,0.0,0.0,1.0,0.0
0.6648258064593466,0.1451538349109887,0.3333523327757895,0.0,1.0,0.0,1.0,0.0
10.835856485505124,0.1954895885019739,1.734457160901478,1.0,1.0,0.0,1.0,0.0
15.940200459000769,0.1178640791592149,2.710735607649612,1.0,0.0,0.0,1.0,0.0
12.87687861343466,0.0946631153748557,2.5330806086758093,1.0,0.0,0.0,1.0,0.0
1.4893961742204298,1.943371073858272,0.7887606266224022,0.0,0.0,1.0,0.0,0.0
22.01582802017299,2.2820712921333994,1.4474859893433316,1.0,0.0,0.0,1.0,0.0
37.06895767537444,2.835312673239608,0.2621404264491402,1.0,0.0,0.0,0.0,0.0
4.257305102051302,1.906123639870108,3.058730878285701,1.0,0.0,0.0,1.0,0.0
21.180487673023155,5.3572948548616095,0.6963047524768528,1.0,0.0,0.0,1.0,0.0
49.12496334488505,0.0212135353078535,1.0910843149935694,1.0,0.0,0.0,0.0,0.0
3.1323372972347467,0.1551133095646463,0.4498575209781784,1.0,1.0,0.0,1.0,0.0
7.899770184612576,0.1281095449695453,0.7526984264812746,1.0,0.0,1.0,0.0,0.0
26.026985477830404,0.9500157866751564,5.864435443813133,1.0,1.0,0.0,1.0,1.0
6.310859768474069,2.0242549000757597,5.297095442303851,1.0,0.0,0.0,1.0,1.0
3.08901994341355,12.357205408965324,2.389155530795269,1.0,0.0,0.0,0.0,0.0
6.847530640100385,0.1256392689100104,0.658758254482284,1.0,0.0,0.0,1.0,0.0
28.2196204165732,0.6935702623828848,0.4024142022944806,1.0,1.0,0.0,1.0,0.0
194.9717069826069,0.4724080772429183,1.2656766185452648,1.0,1.0,0.0,1.0,0.0
93.4952832502561,9.072179200154627,0.5192745105848339,1.0,0.0,0.0,0.0,0.0
17.9833515787226,0.1903022432504915,0.198514713440408,1.0,1.0,0.0,1.0,0.0
10.34961908671924,0.618534218150247,2.069456870336963,1.0,1.0,0.0,1.0,0.0
1.476503678356749,0.770238309752983,1.283725757883302,0.0,0.0,0.0,0.0,0.0
5.6100444584003935,4.882837540029564,0.387216488727767,1.0,1.0,0.0,1.0,0.0
7.840685921601997,2.0115377893493003,5.811262625281259,1.0,0.0,0.0,1.0,1.0
1.298975708982926,0.7645198191903965,0.7172964431817008,0.0,0.0,0.0,1.0,0.0
3.224594345739963,3.6032629536120058,0.9612815690586676,1.0,1.0,0.0,1.0,0.0
7.092967469055949,2.8534539463840765,3.5679300675235326,1.0,1.0,0.0,0.0,0.0
13.79628859447279,1.1575433047804466,2.150006887818733,1.0,0.0,0.0,1.0,0.0
20.04693624236017,0.2205008493049597,1.2062559176671228,1.0,0.0,0.0,1.0,0.0
16.826422863440463,9.426688884754258,0.3026937457674593,1.0,1.0,0.0,1.0,0.0
15.6825892596287,0.4185353992437703,0.2502555661212839,1.0,0.0,0.0,0.0,0.0
5.072158903636839,0.3640772656846482,0.0940211226237895,1.0,1.0,0.0,0.0,0.0
0.9076279531455708,13.160597501400948,0.4187831780867547,0.0,1.0,0.0,0.0,0.0
14.671863236118725,2.121656871962921,0.3252017361401362,1.0,0.0,0.0,1.0,0.0
2.4586645908846894,0.0339296764821592,0.4867878859082514,1.0,1.0,1.0,1.0,0.0
11.558345913389026,0.0919085320401072,0.3886388726247442,1.0,0.0,0.0,0.0,0.0
1.6363352771405406,0.489762091243426,1.964004993023769,0.0,0.0,0.0,1.0,0.0
1.609102099672436,0.0385544019194759,0.6233598235434824,0.0,1.0,0.0,0.0,0.0
9.410617259674773,0.1556703515464399,1.1610108932349323,1.0,0.0,0.0,0.0,0.0
2.0942454033067266,0.2776996929874836,5.882921268272063,1.0,0.0,0.0,1.0,1.0
63.95179152990791,0.8374702859084898,1.0959925153571588,1.0,0.0,0.0,0.0,0.0
28.4800563516305,1.6625184563495294,1.5643389602699171,1.0,0.0,0.0,1.0,0.0
4.704488310098816,2.4037973880587016,2.0140346475161697,1.0,0.0,0.0,0.0,0.0
48.08711367500359,2.115679028565565,1.379216551984223,1.0,1.0,0.0,1.0,0.0
1.1081019595706183,0.0937169624545379,1.831501549133403,0.0,0.0,0.0,1.0,0.0
38.79239500960284,0.8238798549364701,0.4436526359671771,1.0,1.0,1.0,0.0,0.0
8.935533803042725,0.2736062886323699,0.997045999584926,1.0,0.0,0.0,1.0,0.0
235.02717872652877,0.4237983584913842,0.4766451906141742,1.0,1.0,0.0,1.0,0.0
1.5526687216656114,0.11519336044326,1.3980288066008044,0.0,0.0,0.0,1.0,0.0
35.648410182393896,0.4068288585884509,0.726787377410024,1.0,1.0,0.0,1.0,0.0
9.226102220723378,0.8864322216118274,2.036807967437107,1.0,1.0,0.0,0.0,0.0
52.471687505581215,0.6742452831887222,0.8676673061610949,1.0,0.0,0.0,0.0,0.0
1.9322586271020576,1.411893796746151,1.0769944665524271,1.0,0.0,0.0,1.0,0.0
71.35875515983294,5.638071617734117,1.5950887120549515,1.0,1.0,1.0,1.0,0.0
9.284955781357487,0.3559471505073815,0.7806463593539535,1.0,1.0,0.0,0.0,0.0
23.015163010732643,0.9951747534152814,0.3659722838538256,1.0,1.0,0.0,0.0,0.0
2.805126340964921,0.4820113866794801,1.065376481185373,1.0,0.0,1.0,1.0,0.0
3.250030796854503,0.666447132865657,0.6931652993265741,1.0,0.0,0.0,0.0,0.0
120.40713877170089,0.5750210087972172,4.6798419519686005,1.0,0.0,0.0,1.0,1.0
9.181791275259569,0.3131651336362181,0.6055319198847404,1.0,1.0,0.0,1.0,0.0
63.53992140913415,0.5687867534285009,0.8851652609325162,1.0,0.0,0.0,1.0,0.0
2.644173853434999,0.0298131520280124,0.7838433404766667,1.0,0.0,0.0,1.0,0.0
10.788699379325632,8.597819500474237,1.3927644480878003,1.0,1.0,0.0,0.0,0.0
3.9316687927326734,0.3075344742163433,22.11613216559881,1.0,0.0,1.0,0.0,0.0
7.870091744944872,2.940544760951081,0.3964431664967308,1.0,1.0,0.0,1.0,0.0
8.84849312446362,5.634970940524798,1.6584431149664287,1.0,1.0,0.0,0.0,0.0
4.213219170023209,0.3472379982396488,1.7315764684616446,1.0,0.0,0.0,1.0,0.0
29.275463726817225,3.075403220463232,2.4901941821090894,1.0,0.0,0.0,1.0,0.0
3.4560740857131056,3.7252575391482106,0.5866235964209989,1.0,0.0,0.0,1.0,0.0
17.358214501466183,0.354830186205646,4.973277561708331,1.0,0.0,1.0,1.0,0.0
58.68008605391853,0.0702396933470238,0.2926826083708846,1.0,1.0,0.0,0.0,0.0
3.3420942716365043,16.374508936416174,0.9337804008564458,1.0,1.0,0.0,0.0,0.0
11.21209112684406,0.2027883797669444,1.806735195145914,1.0,0.0,0.0,1.0,0.0
4.432853034994752,0.9831694960196166,0.8050019043673337,1.0,1.0,0.0,1.0,0.0
495.8167707274723,0.8683202945821266,0.0792789121770066,1.0,0.0,0.0,0.0,0.0
34.94949730857131,28.1733880652588,5.05577019908065,1.0,0.0,0.0,0.0,0.0
3.2020932986984905,5.115947315785576,1.0096152637271123,1.0,0.0,1.0,0.0,0.0
37.12609510523373,0.5295701620027272,0.8052460167657907,1.0,0.0,0.0,1.0,0.0
40.20192107031711,0.2455414313389574,0.2721052816818809,1.0,0.0,0.0,0.0,0.0
9.882203349150656,0.1909646550651345,0.2311527624618913,1.0,1.0,0.0,1.0,0.0
6.686811893517024,0.5557487730333773,1.209705218122601,1.0,0.0,0.0,1.0,0.0
467.9695104423684,4.4409942005015495,0.8915257138740156,1.0,0.0,0.0,0.0,0.0
37.02024749246296,11.35765921159542,3.4087001571688664,1.0,0.0,1.0,1.0,0.0
59.31122146843168,0.5213714081162113,0.115473625839454,1.0,0.0,0.0,1.0,0.0
202.6848225894088,0.7525421004306108,0.4373489380447268,1.0,0.0,0.0,1.0,1.0
3.355635333479125,0.0415985798067067,0.8492648301659425,1.0,0.0,1.0,1.0,0.0
141.09916534578713,1.0307188038847046,0.1496496736779684,1.0,0.0,0.0,1.0,1.0
3.8511858267853913,0.0099881420687052,1.2721287171878608,1.0,0.0,0.0,0.0,0.0
34.29490784817666,0.4212862537730524,0.9825593875347444,1.0,0.0,0.0,1.0,0.0
1.8729582152695767,0.1214579423391338,3.164848152334632,0.0,0.0,0.0,1.0,0.0
1.584479778173936,2.912046653056496,0.8162708705576268,0.0,0.0,0.0,0.0,0.0
12.631292563331538,0.124212880833627,0.1986670967706853,1.0,0.0,0.0,1.0,0.0
4.516357262870122,11.095433567579974,0.4059478601330473,1.0,1.0,0.0,0.0,0.0
1.92372763212201,0.751174815680715,0.5011736699234866,1.0,1.0,0.0,1.0,0.0
2.350806160575256,0.1167122094789982,0.0965046744037832,1.0,0.0,0.0,1.0,0.0
76.82432664777693,1.092695323765361,2.0929582257642134,1.0,1.0,1.0,1.0,0.0
15.90883070775305,3.531733252851548,0.5966541359354974,1.0,1.0,0.0,0.0,0.0
11.636785813448052,0.9792423981091104,0.4446461536418956,1.0,0.0,0.0,1.0,0.0
33.471946667358814,0.9166963318316448,0.6807782706778674,1.0,1.0,0.0,0.0,0.0
1.8512533115179848,0.2422525641227099,0.3601284888275582,0.0,0.0,0.0,1.0,0.0
14.866676051463536,0.0036662844415485,1.4223682745057131,1.0,1.0,0.0,1.0,0.0
12.96396461792299,0.2459843245552936,0.3558833021939527,1.0,0.0,0.0,0.0,0.0
4.042793664416536,2.7437976473896,0.0812865700405433,1.0,0.0,0.0,1.0,0.0
22.526470230567867,0.672237479975131,2.5987404332523223,1.0,0.0,0.0,0.0,0.0
6.06721211764942,13.871888823739187,0.7260492172452541,1.0,0.0,0.0,0.0,0.0
2.0048530166020355,25.7330360570094,0.6321398128426499,1.0,0.0,1.0,1.0,0.0
4.181526823419305,0.2919467292872068,0.4100156753402377,1.0,1.0,0.0,1.0,0.0
2.9125777987306547,0.2499975826908535,2.2133394479947888,1.0,0.0,0.0,1.0,0.0
7.032325228533779,1.3355261076859624,0.3188437203397671,1.0,0.0,0.0,1.0,0.0
1.6958344917099413,2.057059090943316,1.2139575779892122,0.0,0.0,0.0,1.0,0.0
4.00225997363599,3.2277286368585285,0.507418441617439,1.0,0.0,0.0,0.0,0.0
13.774017939548347,2.093240673214505,3.598960171175519,1.0,0.0,1.0,1.0,0.0
15.35770396333642,6.404830806856625,0.3634939151961822,1.0,0.0,0.0,0.0,0.0
68.37282936262045,0.1037782290080944,0.4694368332952838,1.0,1.0,0.0,1.0,0.0
14.849660897631402,0.4584538618531808,0.5180252137551468,1.0,1.0,0.0,1.0,0.0
16.259507475196553,0.0604928548926852,2.882045492220897,1.0,1.0,0.0,0.0,0.0
9.02216401694543,2.4054263485600496,0.2645506215600013,1.0,0.0,0.0,1.0,0.0
2.197213431393276,5.276526780520718,2.3317490546138555,1.0,0.0,0.0,1.0,0.0
1.5668018746017882,0.3249967627646875,5.723922965718267,0.0,0.0,0.0,1.0,1.0
3.728518179046884,0.2372374450948474,0.0605492763450031,1.0,1.0,0.0,1.0,0.0
17.214670603341347,0.2512182234667033,0.7930056222124146,1.0,0.0,0.0,0.0,0.0
27.078554754767133,0.4615004485678544,2.6760656213413903,1.0,0.0,0.0,1.0,0.0
293.8936433463894,3.213583608786992,1.427779363833947,1.0,0.0,0.0,0.0,0.0
0.8101690641540586,7.761807182187222,9.36614668701915,0.0,0.0,0.0,0.0,1.0
7.125628896523915,4.793360525346881,1.2566434252417444,1.0,0.0,0.0,1.0,0.0
8.888275348828145,0.8140794984897529,1.112193661509353,1.0,1.0,0.0,0.0,0.0
3.1934948862227817,2.6198336930385886,1.326022309927121,1.0,0.0,0.0,1.0,0.0
5.363775888531791,0.2631358150766004,0.3871172665771401,1.0,0.0,0.0,1.0,0.0
114.7499876573764,1.640632318419411,0.5080013052823389,1.0,0.0,0.0,1.0,1.0
1.0364092302530972,0.2312357579378222,0.4982268626515598,0.0,0.0,0.0,1.0,0.0
9.921435071247268,24.08110582965335,4.741917303139753,1.0,0.0,0.0,0.0,0.0
2.578549473357366,3.1181553467029577,0.1441091245211833,1.0,1.0,1.0,0.0,0.0
22.2058855069718,0.1916587660026809,0.4533144239691993,1.0,0.0,0.0,0.0,0.0
13.214304602788346,0.557008012283813,0.9784733047964652,1.0,1.0,0.0,0.0,0.0
69.2804641131423,0.5534444914874209,0.852019658299042,1.0,1.0,0.0,0.0,0.0
4.4114952790095465,0.5642806911595885,2.027938408959644,1.0,0.0,0.0,0.0,0.0
5.554468928303286,0.0943672825801271,0.7539787674083026,1.0,0.0,0.0,1.0,0.0
0.5204734705066929,1.460514395684508,0.0806072168433903,0.0,1.0,0.0,0.0,0.0
5.65231005177437,1.9930816253473955,0.5836941457366928,1.0,0.0,0.0,0.0,0.0
29.085419298015815,0.7779918125446688,1.637676336022328,1.0,0.0,0.0,1.0,0.0
17.261565969058413,24.7439807620414,19.131487129584617,1.0,0.0,0.0,1.0,1.0
0.4915197307422131,0.0784755080508462,1.5900424859880926,0.0,0.0,0.0,1.0,0.0
22.2712199624454,0.2611101906682202,0.4227780750962676,1.0,1.0,0.0,1.0,0.0
11.157238842447248,1.7448204780585024,0.1232073358227017,1.0,0.0,0.0,0.0,0.0
18.79200857141252,1.9738028172041069,2.567557384311413,1.0,0.0,0.0,1.0,0.0
2.962214670153617,55.246939378611486,4.755377990821153,1.0,1.0,0.0,0.0,1.0
18.29688982714097,0.0208697488083155,0.2195473434073199,1.0,0.0,0.0,0.0,0.0
1.8748489630291865,14.78261302309268,0.8885756124054859,0.0,0.0,0.0,1.0,0.0
13.170400215246076,2.1567547470149444,1.029643658368971,1.0,0.0,0.0,1.0,0.0
19.3301816936074,0.7441872118980981,1.6696904695898296,1.0,1.0,0.0,1.0,0.0
1.2436272640164578,4.051456548471746,5.618853204390424,0.0,0.0,0.0,1.0,1.0
117.7201333253506,14.490026225070332,1.225620885032922,1.0,0.0,0.0,1.0,1.0
5.114186913486367,0.0225839297322594,8.890555621471929,1.0,1.0,0.0,1.0,1.0
125.30503997203202,4.8008978397944,1.5481529786022208,1.0,1.0,0.0,0.0,0.0
9.88617316327784,1.3371562270896031,0.3027463820092175,1.0,1.0,0.0,1.0,0.0
11.07515353617493,0.9617171322143636,1.2465984634738796,1.0,1.0,0.0,1.0,0.0
1.404558185479421,3.155286209799431,0.4209777027589484,0.0,1.0,0.0,0.0,0.0
19.64102452150831,0.1159216031656764,3.299273581423512,1.0,0.0,0.0,1.0,0.0
6.589558604427945,0.8428979983274975,1.0621936185217984,1.0,0.0,0.0,1.0,0.0
69.01461728174803,1.1762288782150123,0.6036919886604658,1.0,0.0,0.0,0.0,0.0
9.42422944099979,0.9716300493122352,0.8303707819773787,1.0,1.0,0.0,0.0,0.0
21.49777049755059,0.8543511831099414,5.594957386829274,1.0,0.0,0.0,1.0,1.0
0.3513872778243319,5.021792588946155,0.5552285919618108,0.0,1.0,0.0,1.0,0.0
17.480635985401733,1.0000983574198954,1.2651185839742334,1.0,1.0,0.0,1.0,0.0
4.030861257919402,1.684959841059195,1.3996292017791236,1.0,0.0,0.0,1.0,0.0
1.8051325234492956,1.0352809803609595,0.2304613330906236,0.0,0.0,0.0,1.0,0.0
7.85726140152195,0.3280277356809072,0.4745406445993163,1.0,1.0,0.0,1.0,0.0
2.559433612546109,9.638625009040174,0.2979112974632322,1.0,1.0,0.0,1.0,0.0
1.190990340178586,1.5943804349330253,1.4814760403180278,0.0,0.0,0.0,1.0,0.0
19.595371138478647,0.5552317100257337,2.0035671091897,1.0,1.0,1.0,1.0,0.0
3.987227237135748,0.1290037829610916,2.0209938414534725,1.0,0.0,0.0,1.0,0.0
2.478752152380999,0.855961256689726,0.3360112569387648,1.0,1.0,0.0,1.0,0.0
12.94564109099695,0.0522813528565458,0.1501074845956087,1.0,0.0,1.0,0.0,0.0
13.215529370224925,2.5115009527550054,0.1191994442345254,1.0,0.0,0.0,1.0,0.0
17.98288488379357,0.1029410941204858,2.1766047331019704,1.0,0.0,0.0,1.0,0.0
2.10275471116896,5.346838796261247,0.2838842872775327,1.0,0.0,1.0,1.0,0.0
0.8918834419224518,1.364729027980896,2.5561990396233534,0.0,1.0,0.0,1.0,0.0
6.425947134181962,1.193100247189233,1.5023676138805608,1.0,0.0,0.0,1.0,0.0
3.350125314274222,18.85157889893492,1.7587389021014062,1.0,1.0,0.0,1.0,0.0
119.61494201744914,0.691708797447979,1.0515597866402098,1.0,0.0,0.0,1.0,1.0
47.81964129633359,0.1940033916980394,0.2213736596575702,1.0,0.0,0.0,1.0,0.0
4.521123102739182,2.5306286259060085,0.2593885774267217,1.0,1.0,0.0,1.0,0.0
10.346904887147096,1.5321111575702209,2.98288434315488,1.0,0.0,0.0,1.0,0.0
3.09035921728695,6.292053846110687,2.140923103156407,1.0,0.0,0.0,1.0,0.0
0.2132580347745362,0.2588706911619296,2.0030232455226025,0.0,1.0,0.0,1.0,0.0
48.24989676094167,4.850632062168488,1.1088872956158533,1.0,0.0,0.0,0.0,0.0
7.7376554366510994,76.13384433582478,4.175056494516351,1.0,1.0,0.0,1.0,1.0
291.600967852152,0.0993403196402214,5.884803883885289,1.0,0.0,0.0,1.0,1.0
0.3377450855963674,5.131555024828839,0.8674953952254282,0.0,1.0,0.0,0.0,0.0
18.726823949479183,0.6394727661091116,1.6946002543774834,1.0,0.0,0.0,1.0,0.0
1.1557181615159908,0.4611195330748562,0.3203297292176111,0.0,0.0,0.0,1.0,0.0
5.544001816186656,0.2538479576334723,0.1968630288232577,1.0,0.0,0.0,1.0,0.0
2.821025985912068,12.935281012832766,0.2801656128374664,1.0,0.0,0.0,1.0,0.0
7.646457228350887,2.848340655637636,2.123061742554436,1.0,1.0,0.0,1.0,0.0
95.05611900298922,1.844026224301314,2.9783822701725824,1.0,0.0,0.0,1.0,0.0
6.466442229117702,0.0866385537991773,0.6150024112970871,1.0,1.0,0.0,0.0,0.0
17.23960192015631,1.4502733589923948,4.9256086802123615,1.0,1.0,0.0,0.0,0.0
16.25656379483402,0.1753596752967066,1.5128908529098672,1.0,0.0,0.0,1.0,0.0
922.6624938778224,12.35006988277179,1.4541220335718417,1.0,0.0,1.0,1.0,0.0
12.94072891135216,0.4919886058439502,2.788788736593147,1.0,0.0,0.0,0.0,0.0
3.432523979981513,0.1168063769623688,4.706509442429071,1.0,0.0,0.0,0.0,0.0
0.3388639103521275,2.099043901055609,0.8062130469019666,0.0,0.0,0.0,0.0,0.0
10.694316823962282,8.131412193689025,0.5432612679310783,1.0,1.0,0.0,1.0,0.0
18.37200052370234,0.0153438690054525,5.9193809612109005,1.0,0.0,0.0,0.0,0.0
15.3604630440792,1.022918931744811,0.7820432951312679,1.0,0.0,0.0,0.0,0.0
33.033703577697324,1.4367469537650637,0.6720848531667465,1.0,1.0,0.0,1.0,0.0
123.64149299729088,1.2517961950126355,0.1406504533006439,1.0,0.0,0.0,1.0,1.0
0.9045896065039712,15.74874569419898,0.1229019351087655,0.0,0.0,1.0,0.0,0.0
5.718604996316955,0.0679125110421767,2.6025964976827614,1.0,0.0,0.0,0.0,0.0
90.141405899188,1.8272861988225653,0.1472738068522676,1.0,1.0,0.0,1.0,0.0
6.550105644581004,3.0663383111313505,0.4414053595053975,1.0,0.0,0.0,1.0,0.0
71.89304823045896,0.1327260677169998,1.5965857660392653,1.0,0.0,1.0,1.0,0.0
0.939696703243994,3.1345587579378127,3.6813494670826055,0.0,0.0,0.0,1.0,0.0
110.5211613856704,0.4169809444323762,0.4673516590615643,1.0,0.0,0.0,1.0,1.0
2.277900679462114,0.2369104526777648,0.8430773872737476,1.0,0.0,0.0,0.0,0.0
7.663001195461699,8.303243962464286,0.2227790260140201,1.0,1.0,0.0,1.0,0.0
44.06831026627798,1.136144154721232,2.9715767697705178,1.0,0.0,0.0,0.0,0.0
4.220113929475295,0.2936595561776371,2.276309101136776,1.0,1.0,0.0,1.0,0.0
5.727670913937651,1.6026249333948317,0.6932408800273696,1.0,0.0,0.0,1.0,0.0
1.7153603460622415,0.1023771073488293,0.4410925784245812,0.0,0.0,0.0,0.0,0.0
2.044932839479086,1.6095617663871593,0.2109141221238683,1.0,0.0,0.0,1.0,0.0
0.8207385117625188,1.87421547358302,2.4463108012568955,0.0,0.0,0.0,1.0,0.0
8.153378525999258,0.4586664271175754,0.972558018544017,1.0,0.0,0.0,0.0,0.0
12.548414590164086,4.937910880053468,0.9195193024843716,1.0,0.0,0.0,1.0,0.0
45.21139936048548,1.844922616592293,0.7414086398360158,1.0,0.0,0.0,1.0,0.0
42.78769834162857,0.0657106973569492,8.945238510897054,1.0,0.0,0.0,1.0,1.0
17.032802192028047,6.2473633122069065,0.1030524068921274,1.0,0.0,0.0,0.0,0.0
26.018400877336877,2.9718633241400414,0.6736643669733189,1.0,0.0,0.0,1.0,0.0
6.163118857813923,2.5797739602166403,1.9014135282889864,1.0,0.0,0.0,1.0,0.0
16.799330974755485,0.3734082380320038,6.72108406009757,1.0,0.0,0.0,0.0,0.0
35.15255169200031,0.1611861028755813,2.718221238875884,1.0,0.0,0.0,0.0,0.0
23.18364101137232,1.3414702963324605,2.567734995223438,1.0,0.0,0.0,0.0,0.0
9.066031002250911,0.0122343465342532,0.4252698056462929,1.0,0.0,0.0,1.0,0.0
46.77557591922991,2.923186037708526,0.0371961597357418,1.0,0.0,1.0,0.0,0.0
4.559696572775791,14.1341528631026,2.264475004473878,1.0,1.0,0.0,1.0,0.0
9.15736352225847,63.26254060520163,0.9140993676796252,1.0,0.0,0.0,1.0,1.0
27.78960086061993,2.014136145552161,0.2717258733233835,1.0,0.0,0.0,1.0,0.0
18.035630623885243,1.2367234095881054,4.321336647071473,1.0,1.0,0.0,1.0,1.0
4.237974648333166,15.991274336829566,13.118999950950798,1.0,0.0,0.0,0.0,0.0
22.79790649585625,0.1287223116249406,2.1428298084129347,1.0,0.0,0.0,0.0,0.0
0.8793048496066935,0.2060436697109096,1.110793774889742,0.0,0.0,0.0,1.0,0.0
4.832258672902577,0.0682613010557345,0.5561803936626825,1.0,0.0,0.0,1.0,0.0
3.426808778410124,0.4597177820505138,3.0689488072066866,1.0,1.0,0.0,1.0,0.0
53.47499890555817,0.6857992413184585,0.6013305306011754,1.0,1.0,0.0,0.0,0.0
11.770856395644676,0.5800017083650483,0.1354827664595102,1.0,1.0,0.0,1.0,0.0
4.580277598407209,1.1266427826783056,0.678717833539463,1.0,1.0,0.0,1.0,0.0
33.854623153037764,5.432728214695966,1.0478401484970383,1.0,0.0,0.0,1.0,0.0
8.311556221352317,11.593673692355436,0.1834095932780567,1.0,1.0,1.0,1.0,0.0
3.553629634406736,0.5079902092424932,1.7867059106276202,1.0,1.0,0.0,1.0,0.0
33.605298643663254,1.061799978933636,1.689114430578354,1.0,1.0,0.0,1.0,0.0
47.65455679768152,0.7270786869797927,2.317772711709673,1.0,0.0,0.0,1.0,0.0
21.83633516544085,0.6894254761921405,2.3782714909730163,1.0,0.0,0.0,1.0,0.0
0.7526001804993832,0.4763969741074146,2.8859076978179536,0.0,1.0,1.0,1.0,0.0
1.4602419296971514,24.72390710145956,0.6800642203319087,0.0,1.0,0.0,0.0,0.0
30.13455266441802,0.0600501557952052,2.071871835815766,1.0,1.0,0.0,0.0,0.0
13.052211313608174,0.5328681617052,0.916686226141221,1.0,0.0,0.0,0.0,0.0
18.31134945052392,22.328333242089148,0.4689127543436574,1.0,1.0,0.0,1.0,0.0
10.895828230756722,33.502358045104096,3.1243785004661384,1.0,1.0,0.0,1.0,0.0
6.00764744575906,3.066692069914092,0.4656726239579422,1.0,0.0,0.0,1.0,0.0
47.92687309454398,8.456341458561294,3.8250826070855055,1.0,0.0,0.0,1.0,0.0
52.377387255648735,0.2583202334043889,0.2627130071308284,1.0,0.0,0.0,1.0,0.0
33.3650750488514,1.4085508443794437,2.2030637848364445,1.0,0.0,0.0,1.0,0.0
41.01105373419578,0.7317917120181989,0.1086797295258858,1.0,0.0,0.0,1.0,0.0
3.864120658302304,0.839435917424753,0.6279048177100058,1.0,1.0,0.0,0.0,0.0
2.6553299433174584,1.7346443086913876,8.793291180886984,1.0,1.0,0.0,0.0,0.0
47.800724612616825,9.28890809286986,2.515217868984648,1.0,1.0,0.0,0.0,0.0
4.456920377588783,0.2053985190487673,1.51719674311282,1.0,0.0,0.0,1.0,0.0
29.76851171567645,7.859043810557544,2.59783461317903,1.0,0.0,0.0,1.0,0.0
19.92262287104725,0.6287056655620209,0.807201300640011,1.0,1.0,0.0,0.0,0.0
82.41411010863351,9.220243744828212,1.959768909975776,1.0,1.0,0.0,0.0,0.0
22.330622355619187,1.1022130912419503,0.7198507446692314,1.0,0.0,0.0,0.0,0.0
0.8202227687720395,5.658604172409812,2.209032510690881,0.0,0.0,0.0,1.0,0.0
34.26196618215695,2.751121353305368,0.4072554948782287,1.0,0.0,0.0,0.0,0.0
6.652078359037232,62.85453505794519,2.5014298811076343,1.0,0.0,0.0,1.0,1.0
15.613669958295432,0.5543522763612881,1.152655710555784,1.0,0.0,0.0,0.0,0.0
